,Year of Birth,Gender,Ethnicity,Child's First Name,Count,Rank
0,2021,FEMALE,ASIAN AND PACIFIC ISLANDER,Chloe,71,1
1,2021,FEMALE,ASIAN AND PACIFIC ISLANDER,Olivia,71,1
2,2021,FEMALE,ASIAN AND PACIFIC ISLANDER,Emma,66,2
3,2021,FEMALE,ASIAN AND PACIFIC ISLANDER,Mia,59,3
4,2021,FEMALE,ASIAN AND PACIFIC ISLANDER,Ava,53,4
5,2021,FEMALE,ASIAN AND PACIFIC ISLANDER,Amelia,46,5
6,2021,FEMALE,ASIAN AND PACIFIC ISLANDER,Evelyn,44,6
7,2021,FEMALE,ASIAN AND PACIFIC ISLANDER,Sophia,43,7
8,2021,FEMALE,ASIAN AND PACIFIC ISLANDER,Aria,42,8
9,2021,FEMALE,ASIAN AND PACIFIC ISLANDER,Emily,39,9
10,2021,FEMALE,ASIAN AND PACIFIC ISLANDER,Charlotte,36,10
11,2021,FEMALE,ASIAN AND PACIFIC ISLANDER,Hannah,34,11
12,2021,FEMALE,ASIAN AND PACIFIC ISLANDER,Ella,34,11
13,2021,FEMALE,ASIAN AND PACIFIC ISLANDER,Zoey,34,11
14,2021,FEMALE,ASIAN AND PACIFIC ISLANDER,Bella,33,12
15,2021,FEMALE,ASIAN AND PACIFIC ISLANDER,Luna,33,12
16,2021,FEMALE,ASIAN AND PACIFIC ISLANDER,Audrey,31,13
17,2021,FEMALE,ASIAN AND PACIFIC ISLANDER,Maya,31,13
18,2021,FEMALE,ASIAN AND PACIFIC ISLANDER,Iris,29,14
19,2021,FEMALE,ASIAN AND PACIFIC ISLANDER,Maryam,29,14
20,2021,FEMALE,ASIAN AND PACIFIC ISLANDER,Ayesha,28,15
21,2021,FEMALE,ASIAN AND PACIFIC ISLANDER,Grace,27,16
22,2021,FEMALE,ASIAN AND PACIFIC ISLANDER,Hailey,27,16
23,2021,FEMALE,ASIAN AND PACIFIC ISLANDER,Arya,26,17
24,2021,FEMALE,ASIAN AND PACIFIC ISLANDER,Ellie,26,17
25,2021,FEMALE,ASIAN AND PACIFIC ISLANDER,Tenzin,26,17
26,2021,FEMALE,ASIAN AND PACIFIC ISLANDER,Zoe,26,17
27,2021,FEMALE,ASIAN AND PACIFIC ISLANDER,Isabella,25,18
28,2021,FEMALE,ASIAN AND PACIFIC ISLANDER,Mirha,25,18
29,2021,FEMALE,ASIAN AND PACIFIC ISLANDER,Zara,25,18
30,2021,FEMALE,ASIAN AND PACIFIC ISLANDER,Alina,24,19
31,2021,FEMALE,ASIAN AND PACIFIC ISLANDER,Leah,24,19
32,2021,FEMALE,ASIAN AND PACIFIC ISLANDER,Sarah,24,19
33,2021,FEMALE,ASIAN AND PACIFIC ISLANDER,Nora,22,20
34,2021,FEMALE,ASIAN AND PACIFIC ISLANDER,Zainab,22,20
35,2021,FEMALE,ASIAN AND PACIFIC ISLANDER,Harper,22,20
36,2021,FEMALE,ASIAN AND PACIFIC ISLANDER,Mila,21,21
37,2021,FEMALE,ASIAN AND PACIFIC ISLANDER,Anaya,21,21
38,2021,FEMALE,ASIAN AND PACIFIC ISLANDER,Lily,20,22
39,2021,FEMALE,ASIAN AND PACIFIC ISLANDER,Kaia,20,22
40,2021,FEMALE,ASIAN AND PACIFIC ISLANDER,Inaya,19,23
41,2021,FEMALE,ASIAN AND PACIFIC ISLANDER,Abigail,19,23
42,2021,FEMALE,ASIAN AND PACIFIC ISLANDER,Gianna,19,23
43,2021,FEMALE,ASIAN AND PACIFIC ISLANDER,Eleanor,19,23
44,2021,FEMALE,ASIAN AND PACIFIC ISLANDER,Celine,19,23
45,2021,FEMALE,ASIAN AND PACIFIC ISLANDER,Anna,18,24
46,2021,FEMALE,ASIAN AND PACIFIC ISLANDER,Sofia,18,24
47,2021,FEMALE,ASIAN AND PACIFIC ISLANDER,Riley,18,24
48,2021,FEMALE,ASIAN AND PACIFIC ISLANDER,Aurora,18,24
49,2021,FEMALE,ASIAN AND PACIFIC ISLANDER,Fatima,17,25
50,2021,FEMALE,ASIAN AND PACIFIC ISLANDER,Madison,17,25
51,2021,FEMALE,ASIAN AND PACIFIC ISLANDER,Aisha,16,26
52,2021,FEMALE,ASIAN AND PACIFIC ISLANDER,Jannat,16,26
53,2021,FEMALE,ASIAN AND PACIFIC ISLANDER,Elena,16,26
54,2021,FEMALE,ASIAN AND PACIFIC ISLANDER,Ayat,16,26
55,2021,FEMALE,ASIAN AND PACIFIC ISLANDER,Amira,16,26
56,2021,FEMALE,ASIAN AND PACIFIC ISLANDER,Avery,15,27
57,2021,FEMALE,ASIAN AND PACIFIC ISLANDER,Scarlett,15,27
58,2021,FEMALE,ASIAN AND PACIFIC ISLANDER,Penelope,15,27
59,2021,FEMALE,ASIAN AND PACIFIC ISLANDER,Eva,15,27
60,2021,FEMALE,ASIAN AND PACIFIC ISLANDER,Emilia,15,27
61,2021,FEMALE,ASIAN AND PACIFIC ISLANDER,Anya,14,28
62,2021,FEMALE,ASIAN AND PACIFIC ISLANDER,Hazel,14,28
63,2021,FEMALE,ASIAN AND PACIFIC ISLANDER,Aleena,14,28
64,2021,FEMALE,ASIAN AND PACIFIC ISLANDER,Sophie,14,28
65,2021,FEMALE,ASIAN AND PACIFIC ISLANDER,Phoebe,14,28
66,2021,FEMALE,ASIAN AND PACIFIC ISLANDER,Inaaya,14,28
67,2021,FEMALE,ASIAN AND PACIFIC ISLANDER,Kayla,13,29
68,2021,FEMALE,ASIAN AND PACIFIC ISLANDER,Ariana,13,29
70,2021,FEMALE,ASIAN AND PACIFIC ISLANDER,Annie,13,29
71,2021,FEMALE,ASIAN AND PACIFIC ISLANDER,Skylar,13,29
72,2021,FEMALE,ASIAN AND PACIFIC ISLANDER,Serena,13,29
73,2021,FEMALE,ASIAN AND PACIFIC ISLANDER,Mahira,13,29
74,2021,FEMALE,ASIAN AND PACIFIC ISLANDER,Claire,13,29
75,2021,FEMALE,ASIAN AND PACIFIC ISLANDER,Amara,12,30
76,2021,FEMALE,ASIAN AND PACIFIC ISLANDER,Stella,12,30
77,2021,FEMALE,ASIAN AND PACIFIC ISLANDER,Lydia,12,30
78,2021,FEMALE,ASIAN AND PACIFIC ISLANDER,Layla,12,30
79,2021,FEMALE,ASIAN AND PACIFIC ISLANDER,Isla,12,30
80,2021,FEMALE,ASIAN AND PACIFIC ISLANDER,Ayla,12,30
81,2021,FEMALE,ASIAN AND PACIFIC ISLANDER,Amaya,12,30
82,2021,FEMALE,ASIAN AND PACIFIC ISLANDER,Alaia,12,30
83,2021,FEMALE,ASIAN AND PACIFIC ISLANDER,Aliya,11,31
84,2021,FEMALE,ASIAN AND PACIFIC ISLANDER,Zahra,11,31
85,2021,FEMALE,ASIAN AND PACIFIC ISLANDER,Elizabeth,11,31
86,2021,FEMALE,ASIAN AND PACIFIC ISLANDER,Zoya,11,31
87,2021,FEMALE,ASIAN AND PACIFIC ISLANDER,Fatimah,11,31
88,2021,FEMALE,ASIAN AND PACIFIC ISLANDER,Hania,11,31
89,2021,FEMALE,ASIAN AND PACIFIC ISLANDER,Humaira,11,31
90,2021,FEMALE,ASIAN AND PACIFIC ISLANDER,Joanna,11,31
91,2021,FEMALE,ASIAN AND PACIFIC ISLANDER,Madeline,11,31
92,2021,FEMALE,ASIAN AND PACIFIC ISLANDER,Naomi,11,31
93,2021,FEMALE,ASIAN AND PACIFIC ISLANDER,Noor,11,31
94,2021,FEMALE,ASIAN AND PACIFIC ISLANDER,Nyra,11,31
95,2021,FEMALE,ASIAN AND PACIFIC ISLANDER,Vera,11,31
96,2021,FEMALE,ASIAN AND PACIFIC ISLANDER,Camille,11,31
97,2021,FEMALE,ASIAN AND PACIFIC ISLANDER,Amal,11,31
98,2021,FEMALE,ASIAN AND PACIFIC ISLANDER,Hana,10,32
99,2021,FEMALE,ASIAN AND PACIFIC ISLANDER,Freya,10,32
100,2021,FEMALE,ASIAN AND PACIFIC ISLANDER,Fiona,10,32
101,2021,FEMALE,ASIAN AND PACIFIC ISLANDER,Dua,10,32
102,2021,FEMALE,ASIAN AND PACIFIC ISLANDER,Arisha,10,32
103,2021,FEMALE,ASIAN AND PACIFIC ISLANDER,Alisha,10,32
104,2021,FEMALE,ASIAN AND PACIFIC ISLANDER,Alia,10,32
105,2021,FEMALE,ASIAN AND PACIFIC ISLANDER,Alexandra,10,32
106,2021,FEMALE,ASIAN AND PACIFIC ISLANDER,Alyssa,10,32
107,2021,FEMALE,ASIAN AND PACIFIC ISLANDER,Syeda,10,32
108,2021,FEMALE,ASIAN AND PACIFIC ISLANDER,Summer,10,32
109,2021,FEMALE,ASIAN AND PACIFIC ISLANDER,Sara,10,32
110,2021,FEMALE,ASIAN AND PACIFIC ISLANDER,Saanvi,10,32
111,2021,FEMALE,ASIAN AND PACIFIC ISLANDER,Norah,10,32
112,2021,FEMALE,ASIAN AND PACIFIC ISLANDER,Nina,10,32
113,2021,FEMALE,ASIAN AND PACIFIC ISLANDER,Minha,10,32
114,2021,FEMALE,ASIAN AND PACIFIC ISLANDER,Melody,10,32
115,2021,FEMALE,ASIAN AND PACIFIC ISLANDER,Lia,10,32
116,2021,FEMALE,ASIAN AND PACIFIC ISLANDER,Kira,10,32
117,2021,FEMALE,ASIAN AND PACIFIC ISLANDER,Katherine,10,32
118,2021,FEMALE,ASIAN AND PACIFIC ISLANDER,Angela,10,32
119,2021,FEMALE,BLACK NON HISPANIC,Ava,69,1
120,2021,FEMALE,BLACK NON HISPANIC,Nova,49,2
121,2021,FEMALE,BLACK NON HISPANIC,Gianna,47,3
122,2021,FEMALE,BLACK NON HISPANIC,Olivia,44,4
123,2021,FEMALE,BLACK NON HISPANIC,Fatoumata,41,5
124,2021,FEMALE,BLACK NON HISPANIC,Aaliyah,39,6
125,2021,FEMALE,BLACK NON HISPANIC,Serenity,38,7
126,2021,FEMALE,BLACK NON HISPANIC,Zuri,38,7
127,2021,FEMALE,BLACK NON HISPANIC,Amelia,37,8
128,2021,FEMALE,BLACK NON HISPANIC,Madison,36,9
129,2021,FEMALE,BLACK NON HISPANIC,Skylar,35,10
130,2021,FEMALE,BLACK NON HISPANIC,Journee,35,10
131,2021,FEMALE,BLACK NON HISPANIC,Aria,33,11
132,2021,FEMALE,BLACK NON HISPANIC,Riley,30,12
133,2021,FEMALE,BLACK NON HISPANIC,Mariam,29,13
134,2021,FEMALE,BLACK NON HISPANIC,Journey,29,13
135,2021,FEMALE,BLACK NON HISPANIC,Fatima,29,13
136,2021,FEMALE,BLACK NON HISPANIC,Autumn,29,13
137,2021,FEMALE,BLACK NON HISPANIC,Aminata,28,14
138,2021,FEMALE,BLACK NON HISPANIC,Brielle,28,14
139,2021,FEMALE,BLACK NON HISPANIC,Savannah,28,14
140,2021,FEMALE,BLACK NON HISPANIC,Reign,28,14
141,2021,FEMALE,BLACK NON HISPANIC,Nevaeh,27,15
142,2021,FEMALE,BLACK NON HISPANIC,Chloe,25,16
143,2021,FEMALE,BLACK NON HISPANIC,Leah,24,17
144,2021,FEMALE,BLACK NON HISPANIC,Naomi,24,17
145,2021,FEMALE,BLACK NON HISPANIC,Nyla,24,17
146,2021,FEMALE,BLACK NON HISPANIC,Layla,23,18
147,2021,FEMALE,BLACK NON HISPANIC,Kehlani,23,18
148,2021,FEMALE,BLACK NON HISPANIC,Khloe,22,19
149,2021,FEMALE,BLACK NON HISPANIC,Leilani,22,19
150,2021,FEMALE,BLACK NON HISPANIC,Khadija,22,19
151,2021,FEMALE,BLACK NON HISPANIC,Amina,22,19
152,2021,FEMALE,BLACK NON HISPANIC,Miracle,22,19
153,2021,FEMALE,BLACK NON HISPANIC,Jasmine,22,19
154,2021,FEMALE,BLACK NON HISPANIC,Faith,21,20
155,2021,FEMALE,BLACK NON HISPANIC,Melody,21,20
156,2021,FEMALE,BLACK NON HISPANIC,Amaya,21,20
157,2021,FEMALE,BLACK NON HISPANIC,Mia,21,20
158,2021,FEMALE,BLACK NON HISPANIC,Summer,21,20
159,2021,FEMALE,BLACK NON HISPANIC,Ariah,21,20
160,2021,FEMALE,BLACK NON HISPANIC,Abigail,20,21
161,2021,FEMALE,BLACK NON HISPANIC,Milani,20,21
162,2021,FEMALE,BLACK NON HISPANIC,Sarai,20,21
163,2021,FEMALE,BLACK NON HISPANIC,Kaylee,20,21
164,2021,FEMALE,BLACK NON HISPANIC,Dream,20,21
165,2021,FEMALE,BLACK NON HISPANIC,Amira,20,21
166,2021,FEMALE,BLACK NON HISPANIC,Aisha,19,22
167,2021,FEMALE,BLACK NON HISPANIC,Legacy,18,23
168,2021,FEMALE,BLACK NON HISPANIC,Zoe,18,23
169,2021,FEMALE,BLACK NON HISPANIC,Saige,18,23
170,2021,FEMALE,BLACK NON HISPANIC,Gabriella,18,23
171,2021,FEMALE,BLACK NON HISPANIC,Luna,18,23
172,2021,FEMALE,BLACK NON HISPANIC,Genesis,18,23
173,2021,FEMALE,BLACK NON HISPANIC,Harmony,18,23
174,2021,FEMALE,BLACK NON HISPANIC,Kali,17,24
175,2021,FEMALE,BLACK NON HISPANIC,Alani,17,24
176,2021,FEMALE,BLACK NON HISPANIC,Londyn,17,24
177,2021,FEMALE,BLACK NON HISPANIC,Isabella,17,24
178,2021,FEMALE,BLACK NON HISPANIC,Makayla,17,24
179,2021,FEMALE,BLACK NON HISPANIC,Aniyah,17,24
180,2021,FEMALE,BLACK NON HISPANIC,Zhuri,17,24
181,2021,FEMALE,BLACK NON HISPANIC,Grace,17,24
182,2021,FEMALE,BLACK NON HISPANIC,Arielle,17,24
183,2021,FEMALE,BLACK NON HISPANIC,Bella,17,24
184,2021,FEMALE,BLACK NON HISPANIC,London,16,25
185,2021,FEMALE,BLACK NON HISPANIC,Hawa,16,25
186,2021,FEMALE,BLACK NON HISPANIC,Jayla,16,25
187,2021,FEMALE,BLACK NON HISPANIC,Eliana,15,26
188,2021,FEMALE,BLACK NON HISPANIC,Gabrielle,15,26
189,2021,FEMALE,BLACK NON HISPANIC,Khadijah,15,26
190,2021,FEMALE,BLACK NON HISPANIC,Victoria,15,26
191,2021,FEMALE,BLACK NON HISPANIC,Zariah,15,26
192,2021,FEMALE,BLACK NON HISPANIC,Zoey,15,26
193,2021,FEMALE,BLACK NON HISPANIC,Avery,15,26
194,2021,FEMALE,BLACK NON HISPANIC,Aubrey,15,26
195,2021,FEMALE,BLACK NON HISPANIC,Ariel,15,26
196,2021,FEMALE,BLACK NON HISPANIC,Ella,15,26
197,2021,FEMALE,BLACK NON HISPANIC,Maya,14,27
198,2021,FEMALE,BLACK NON HISPANIC,Zara,14,27
199,2021,FEMALE,BLACK NON HISPANIC,Trinity,14,27
200,2021,FEMALE,BLACK NON HISPANIC,Sevyn,14,27
201,2021,FEMALE,BLACK NON HISPANIC,Sariyah,14,27
202,2021,FEMALE,BLACK NON HISPANIC,Rylee,14,27
203,2021,FEMALE,BLACK NON HISPANIC,Mariama,14,27
204,2021,FEMALE,BLACK NON HISPANIC,Kyra,14,27
205,2021,FEMALE,BLACK NON HISPANIC,Kylie,14,27
206,2021,FEMALE,BLACK NON HISPANIC,Jordyn,14,27
207,2021,FEMALE,BLACK NON HISPANIC,Cali,14,27
208,2021,FEMALE,BLACK NON HISPANIC,Aurora,14,27
209,2021,FEMALE,BLACK NON HISPANIC,Arianna,14,27
210,2021,FEMALE,BLACK NON HISPANIC,Ariana,14,27
211,2021,FEMALE,BLACK NON HISPANIC,Amiyah,14,27
212,2021,FEMALE,BLACK NON HISPANIC,Elizabeth,13,28
213,2021,FEMALE,BLACK NON HISPANIC,Kamiyah,13,28
214,2021,FEMALE,BLACK NON HISPANIC,Lauren,13,28
215,2021,FEMALE,BLACK NON HISPANIC,Shiloh,13,28
216,2021,FEMALE,BLACK NON HISPANIC,Kaylani,13,28
217,2021,FEMALE,BLACK NON HISPANIC,Sophia,13,28
218,2021,FEMALE,BLACK NON HISPANIC,Alaia,13,28
219,2021,FEMALE,BLACK NON HISPANIC,Amara,13,28
220,2021,FEMALE,BLACK NON HISPANIC,Mackenzie,13,28
221,2021,FEMALE,BLACK NON HISPANIC,Amora,13,28
222,2021,FEMALE,BLACK NON HISPANIC,Dior,13,28
223,2021,FEMALE,BLACK NON HISPANIC,Peyton,13,28
224,2021,FEMALE,BLACK NON HISPANIC,Alyssa,13,28
225,2021,FEMALE,BLACK NON HISPANIC,Lyric,13,28
226,2021,FEMALE,BLACK NON HISPANIC,Malani,12,29
227,2021,FEMALE,BLACK NON HISPANIC,Mariah,12,29
228,2021,FEMALE,BLACK NON HISPANIC,Milan,12,29
229,2021,FEMALE,BLACK NON HISPANIC,Mya,12,29
230,2021,FEMALE,BLACK NON HISPANIC,Paris,12,29
231,2021,FEMALE,BLACK NON HISPANIC,Wynter,12,29
232,2021,FEMALE,BLACK NON HISPANIC,Jade,12,29
233,2021,FEMALE,BLACK NON HISPANIC,Kaliyah,12,29
234,2021,FEMALE,BLACK NON HISPANIC,Laila,12,29
235,2021,FEMALE,BLACK NON HISPANIC,Janiyah,11,30
236,2021,FEMALE,BLACK NON HISPANIC,Aissatou,11,30
237,2021,FEMALE,BLACK NON HISPANIC,Kennedy,11,30
238,2021,FEMALE,BLACK NON HISPANIC,Arya,11,30
239,2021,FEMALE,BLACK NON HISPANIC,Athena,11,30
240,2021,FEMALE,BLACK NON HISPANIC,Destiny,11,30
241,2021,FEMALE,BLACK NON HISPANIC,Kimora,11,30
242,2021,FEMALE,BLACK NON HISPANIC,Aliyah,11,30
243,2021,FEMALE,BLACK NON HISPANIC,Egypt,11,30
244,2021,FEMALE,BLACK NON HISPANIC,Emma,11,30
245,2021,FEMALE,BLACK NON HISPANIC,Hannah,11,30
246,2021,FEMALE,BLACK NON HISPANIC,Sarah,11,30
247,2021,FEMALE,BLACK NON HISPANIC,India,10,31
248,2021,FEMALE,BLACK NON HISPANIC,Isabelle,10,31
249,2021,FEMALE,BLACK NON HISPANIC,Tori,10,31
250,2021,FEMALE,BLACK NON HISPANIC,Taylor,10,31
251,2021,FEMALE,BLACK NON HISPANIC,Skye,10,31
252,2021,FEMALE,BLACK NON HISPANIC,Paige,10,31
253,2021,FEMALE,BLACK NON HISPANIC,Oumou,10,31
254,2021,FEMALE,BLACK NON HISPANIC,Nylah,10,31
255,2021,FEMALE,BLACK NON HISPANIC,Amoura,10,31
256,2021,FEMALE,BLACK NON HISPANIC,Aniya,10,31
257,2021,FEMALE,BLACK NON HISPANIC,Emily,10,31
258,2021,FEMALE,BLACK NON HISPANIC,Nia,10,31
259,2021,FEMALE,BLACK NON HISPANIC,Esther,10,31
260,2021,FEMALE,BLACK NON HISPANIC,Mila,10,31
261,2021,FEMALE,BLACK NON HISPANIC,Marley,10,31
262,2021,FEMALE,BLACK NON HISPANIC,Malia,10,31
263,2021,FEMALE,BLACK NON HISPANIC,Imani,10,31
264,2021,FEMALE,BLACK NON HISPANIC,Kayla,10,31
265,2021,FEMALE,HISPANIC,Isabella,175,1
266,2021,FEMALE,HISPANIC,Luna,173,2
267,2021,FEMALE,HISPANIC,Emma,166,3
268,2021,FEMALE,HISPANIC,Mia,166,3
269,2021,FEMALE,HISPANIC,Camila,147,4
270,2021,FEMALE,HISPANIC,Sophia,140,5
271,2021,FEMALE,HISPANIC,Sofia,116,6
272,2021,FEMALE,HISPANIC,Gianna,104,7
273,2021,FEMALE,HISPANIC,Valentina,100,8
274,2021,FEMALE,HISPANIC,Alaia,96,9
275,2021,FEMALE,HISPANIC,Ava,94,10
276,2021,FEMALE,HISPANIC,Olivia,94,10
277,2021,FEMALE,HISPANIC,Amelia,93,11
278,2021,FEMALE,HISPANIC,Scarlett,81,12
279,2021,FEMALE,HISPANIC,Emily,79,13
280,2021,FEMALE,HISPANIC,Leah,78,14
281,2021,FEMALE,HISPANIC,Zoe,73,15
282,2021,FEMALE,HISPANIC,Victoria,72,16
283,2021,FEMALE,HISPANIC,Hailey,68,17
284,2021,FEMALE,HISPANIC,Abigail,64,18
285,2021,FEMALE,HISPANIC,Chloe,60,19
286,2021,FEMALE,HISPANIC,Genesis,60,19
287,2021,FEMALE,HISPANIC,Amy,59,20
288,2021,FEMALE,HISPANIC,Samantha,57,21
289,2021,FEMALE,HISPANIC,Layla,55,22
290,2021,FEMALE,HISPANIC,Mila,54,23
291,2021,FEMALE,HISPANIC,Penelope,53,24
292,2021,FEMALE,HISPANIC,Aaliyah,50,25
293,2021,FEMALE,HISPANIC,Elena,48,26
294,2021,FEMALE,HISPANIC,Grace,47,27
295,2021,FEMALE,HISPANIC,Emilia,46,28
296,2021,FEMALE,HISPANIC,Ella,45,29
297,2021,FEMALE,HISPANIC,Alice,44,30
298,2021,FEMALE,HISPANIC,Madison,44,30
299,2021,FEMALE,HISPANIC,Daniela,44,30
300,2021,FEMALE,HISPANIC,Violet,43,31
301,2021,FEMALE,HISPANIC,Melanie,43,31
302,2021,FEMALE,HISPANIC,Leilani,43,31
303,2021,FEMALE,HISPANIC,Charlotte,43,31
304,2021,FEMALE,HISPANIC,Ashley,43,31
305,2021,FEMALE,HISPANIC,Allison,42,32
306,2021,FEMALE,HISPANIC,Kylie,41,33
307,2021,FEMALE,HISPANIC,Kaylee,40,34
308,2021,FEMALE,HISPANIC,Hannah,40,34
309,2021,FEMALE,HISPANIC,Elizabeth,39,35
310,2021,FEMALE,HISPANIC,Ariana,39,35
311,2021,FEMALE,HISPANIC,Andrea,38,36
312,2021,FEMALE,HISPANIC,Maria,38,36
313,2021,FEMALE,HISPANIC,Amaya,37,37
314,2021,FEMALE,HISPANIC,Amalia,37,37
315,2021,FEMALE,HISPANIC,Emely,36,38
316,2021,FEMALE,HISPANIC,Valeria,36,38
317,2021,FEMALE,HISPANIC,Alina,35,39
318,2021,FEMALE,HISPANIC,Sarah,34,40
319,2021,FEMALE,HISPANIC,Eliana,34,40
320,2021,FEMALE,HISPANIC,Valerie,34,40
321,2021,FEMALE,HISPANIC,Danna,34,40
322,2021,FEMALE,HISPANIC,Avery,34,40
323,2021,FEMALE,HISPANIC,Bella,34,40
324,2021,FEMALE,HISPANIC,Jade,33,41
325,2021,FEMALE,HISPANIC,Maya,33,41
326,2021,FEMALE,HISPANIC,Amaia,32,42
327,2021,FEMALE,HISPANIC,Aria,32,42
328,2021,FEMALE,HISPANIC,Kimberly,32,42
329,2021,FEMALE,HISPANIC,Riley,32,42
330,2021,FEMALE,HISPANIC,Eva,31,43
331,2021,FEMALE,HISPANIC,Brianna,31,43
332,2021,FEMALE,HISPANIC,Nova,31,43
333,2021,FEMALE,HISPANIC,Savannah,30,44
334,2021,FEMALE,HISPANIC,Delilah,30,44
335,2021,FEMALE,HISPANIC,Sarai,30,44
336,2021,FEMALE,HISPANIC,Athena,30,44
337,2021,FEMALE,HISPANIC,Gabriella,29,45
338,2021,FEMALE,HISPANIC,Melody,29,45
339,2021,FEMALE,HISPANIC,Hazel,28,46
340,2021,FEMALE,HISPANIC,Naomi,28,46
341,2021,FEMALE,HISPANIC,Skylar,28,46
342,2021,FEMALE,HISPANIC,Juliette,27,47
343,2021,FEMALE,HISPANIC,Kiara,27,47
344,2021,FEMALE,HISPANIC,Natalia,27,47
345,2021,FEMALE,HISPANIC,Zoey,27,47
346,2021,FEMALE,HISPANIC,Jazlyn,27,47
347,2021,FEMALE,HISPANIC,Kaylani,26,48
348,2021,FEMALE,HISPANIC,Khloe,26,48
349,2021,FEMALE,HISPANIC,Arya,26,48
350,2021,FEMALE,HISPANIC,Lucia,26,48
351,2021,FEMALE,HISPANIC,Aurora,25,49
352,2021,FEMALE,HISPANIC,Diana,25,49
353,2021,FEMALE,HISPANIC,Ariella,24,50
354,2021,FEMALE,HISPANIC,Catalina,24,50
355,2021,FEMALE,HISPANIC,Evelyn,24,50
356,2021,FEMALE,HISPANIC,Samara,23,51
357,2021,FEMALE,HISPANIC,Alma,23,51
358,2021,FEMALE,HISPANIC,Ana,23,51
359,2021,FEMALE,HISPANIC,Serenity,23,51
360,2021,FEMALE,HISPANIC,Aylin,22,52
361,2021,FEMALE,HISPANIC,Esther,22,52
362,2021,FEMALE,HISPANIC,Gabriela,22,52
363,2021,FEMALE,HISPANIC,Gia,22,52
364,2021,FEMALE,HISPANIC,Melissa,21,53
365,2021,FEMALE,HISPANIC,Leila,21,53
366,2021,FEMALE,HISPANIC,Sienna,21,53
367,2021,FEMALE,HISPANIC,Ximena,21,53
368,2021,FEMALE,HISPANIC,Isabelle,21,53
369,2021,FEMALE,HISPANIC,Autumn,21,53
370,2021,FEMALE,HISPANIC,April,21,53
371,2021,FEMALE,HISPANIC,Antonella,21,53
372,2021,FEMALE,HISPANIC,Alaya,21,53
373,2021,FEMALE,HISPANIC,Alani,21,53
374,2021,FEMALE,HISPANIC,Rose,21,53
375,2021,FEMALE,HISPANIC,Lia,20,54
376,2021,FEMALE,HISPANIC,Michelle,20,54
377,2021,FEMALE,HISPANIC,Natalie,20,54
378,2021,FEMALE,HISPANIC,Rylee,20,54
379,2021,FEMALE,HISPANIC,Aitana,20,54
380,2021,FEMALE,HISPANIC,Arianna,20,54
381,2021,FEMALE,HISPANIC,Ayla,20,54
382,2021,FEMALE,HISPANIC,Cataleya,20,54
383,2021,FEMALE,HISPANIC,Celine,20,54
384,2021,FEMALE,HISPANIC,Daphne,20,54
385,2021,FEMALE,HISPANIC,Kehlani,20,54
386,2021,FEMALE,HISPANIC,Isabel,19,55
387,2021,FEMALE,HISPANIC,Ruby,19,55
388,2021,FEMALE,HISPANIC,Vanessa,19,55
389,2021,FEMALE,HISPANIC,Sara,18,56
390,2021,FEMALE,HISPANIC,Nevaeh,18,56
391,2021,FEMALE,HISPANIC,Maia,18,56
392,2021,FEMALE,HISPANIC,Stella,18,56
393,2021,FEMALE,HISPANIC,Kayla,18,56
394,2021,FEMALE,HISPANIC,Kailani,18,56
395,2021,FEMALE,HISPANIC,Jazmin,18,56
396,2021,FEMALE,HISPANIC,Jayleen,18,56
397,2021,FEMALE,HISPANIC,Isla,18,56
398,2021,FEMALE,HISPANIC,Amanda,18,56
399,2021,FEMALE,HISPANIC,Alana,18,56
400,2021,FEMALE,HISPANIC,Adelyn,18,56
401,2021,FEMALE,HISPANIC,Selena,17,57
402,2021,FEMALE,HISPANIC,Sophie,17,57
403,2021,FEMALE,HISPANIC,Adriana,17,57
404,2021,FEMALE,HISPANIC,Alyssa,17,57
405,2021,FEMALE,HISPANIC,Audrey,17,57
406,2021,FEMALE,HISPANIC,Brielle,17,57
407,2021,FEMALE,HISPANIC,Everly,17,57
408,2021,FEMALE,HISPANIC,London,17,57
409,2021,FEMALE,HISPANIC,Aubrey,16,58
410,2021,FEMALE,HISPANIC,Liana,16,58
411,2021,FEMALE,HISPANIC,Liliana,16,58
412,2021,FEMALE,HISPANIC,Lily,16,58
413,2021,FEMALE,HISPANIC,Milan,16,58
414,2021,FEMALE,HISPANIC,Skyla,16,58
415,2021,FEMALE,HISPANIC,Angelina,16,58
416,2021,FEMALE,HISPANIC,Amira,16,58
417,2021,FEMALE,HISPANIC,Juliet,16,58
418,2021,FEMALE,HISPANIC,Eileen,16,58
419,2021,FEMALE,HISPANIC,Itzel,16,58
420,2021,FEMALE,HISPANIC,Juliana,16,58
421,2021,FEMALE,HISPANIC,Leia,16,58
422,2021,FEMALE,HISPANIC,Evangeline,16,58
423,2021,FEMALE,HISPANIC,Angela,15,59
424,2021,FEMALE,HISPANIC,Arlet,15,59
425,2021,FEMALE,HISPANIC,Julia,15,59
426,2021,FEMALE,HISPANIC,Jaylani,15,59
427,2021,FEMALE,HISPANIC,Alexandra,15,59
428,2021,FEMALE,HISPANIC,Karla,15,59
429,2021,FEMALE,HISPANIC,Kamila,15,59
430,2021,FEMALE,HISPANIC,Laia,15,59
431,2021,FEMALE,HISPANIC,Destiny,15,59
432,2021,FEMALE,HISPANIC,Mariana,15,59
433,2021,FEMALE,HISPANIC,Elisa,15,59
434,2021,FEMALE,HISPANIC,Milani,15,59
435,2021,FEMALE,HISPANIC,Skye,15,59
436,2021,FEMALE,HISPANIC,Stephanie,14,60
437,2021,FEMALE,HISPANIC,Abby,14,60
438,2021,FEMALE,HISPANIC,Alexa,14,60
439,2021,FEMALE,HISPANIC,Alia,14,60
440,2021,FEMALE,HISPANIC,Nina,14,60
441,2021,FEMALE,HISPANIC,Arleth,14,60
442,2021,FEMALE,HISPANIC,Angelica,14,60
443,2021,FEMALE,HISPANIC,Analia,14,60
444,2021,FEMALE,HISPANIC,Nicole,14,60
445,2021,FEMALE,HISPANIC,Megan,14,60
446,2021,FEMALE,HISPANIC,Keyla,14,60
447,2021,FEMALE,HISPANIC,Ellie,14,60
448,2021,FEMALE,HISPANIC,Camille,14,60
449,2021,FEMALE,HISPANIC,Bianca,14,60
450,2021,FEMALE,HISPANIC,Nyla,14,60
451,2021,FEMALE,HISPANIC,Scarlet,14,60
452,2021,FEMALE,HISPANIC,Adeline,13,61
453,2021,FEMALE,HISPANIC,Nayla,13,61
454,2021,FEMALE,HISPANIC,Madelyn,13,61
455,2021,FEMALE,HISPANIC,Eliza,13,61
456,2021,FEMALE,HISPANIC,Makayla,13,61
457,2021,FEMALE,HISPANIC,Daisy,12,62
458,2021,FEMALE,HISPANIC,Xiomara,12,62
459,2021,FEMALE,HISPANIC,Winter,12,62
460,2021,FEMALE,HISPANIC,Aleah,12,62
461,2021,FEMALE,HISPANIC,Aileen,12,62
462,2021,FEMALE,HISPANIC,Sarahi,12,62
463,2021,FEMALE,HISPANIC,Sage,12,62
464,2021,FEMALE,HISPANIC,Rachel,12,62
465,2021,FEMALE,HISPANIC,Nayeli,12,62
466,2021,FEMALE,HISPANIC,Mya,12,62
467,2021,FEMALE,HISPANIC,Kelly,12,62
468,2021,FEMALE,HISPANIC,Keily,12,62
469,2021,FEMALE,HISPANIC,Kaitlyn,12,62
470,2021,FEMALE,HISPANIC,Kaia,12,62
471,2021,FEMALE,HISPANIC,Jimena,12,62
472,2021,FEMALE,HISPANIC,Jaylin,12,62
473,2021,FEMALE,HISPANIC,Hope,12,62
474,2021,FEMALE,HISPANIC,Helen,12,62
475,2021,FEMALE,HISPANIC,Dayana,12,62
476,2021,FEMALE,HISPANIC,Amber,12,62
477,2021,FEMALE,HISPANIC,Aliyah,12,62
478,2021,FEMALE,HISPANIC,Faith,11,63
479,2021,FEMALE,HISPANIC,Phoenix,11,63
480,2021,FEMALE,HISPANIC,Anastasia,11,63
481,2021,FEMALE,HISPANIC,Alicia,11,63
482,2021,FEMALE,HISPANIC,Alessia,11,63
483,2021,FEMALE,HISPANIC,Alessandra,11,63
484,2021,FEMALE,HISPANIC,Summer,11,63
485,2021,FEMALE,HISPANIC,Alayna,11,63
486,2021,FEMALE,HISPANIC,Valery,11,63
487,2021,FEMALE,HISPANIC,Alaina,11,63
488,2021,FEMALE,HISPANIC,Joselyn,11,63
489,2021,FEMALE,HISPANIC,Joy,11,63
490,2021,FEMALE,HISPANIC,Jessica,11,63
491,2021,FEMALE,HISPANIC,Luciana,11,63
492,2021,FEMALE,HISPANIC,Luz,11,63
493,2021,FEMALE,HISPANIC,Jasmine,11,63
494,2021,FEMALE,HISPANIC,Carolina,11,63
495,2021,FEMALE,HISPANIC,Peyton,11,63
496,2021,FEMALE,HISPANIC,Dream,11,63
497,2021,FEMALE,HISPANIC,Elianny,11,63
498,2021,FEMALE,HISPANIC,Zuri,11,63
499,2021,FEMALE,HISPANIC,Guadalupe,11,63
500,2021,FEMALE,HISPANIC,Ivy,11,63
501,2021,FEMALE,HISPANIC,Anna,10,64
502,2021,FEMALE,HISPANIC,Alisson,10,64
503,2021,FEMALE,HISPANIC,Wynter,10,64
504,2021,FEMALE,HISPANIC,Sadie,10,64
505,2021,FEMALE,HISPANIC,Rosalia,10,64
506,2021,FEMALE,HISPANIC,Noa,10,64
507,2021,FEMALE,HISPANIC,Nashla,10,64
508,2021,FEMALE,HISPANIC,Myla,10,64
509,2021,FEMALE,HISPANIC,Miranda,10,64
510,2021,FEMALE,HISPANIC,Miracle,10,64
511,2021,FEMALE,HISPANIC,Adele,10,64
512,2021,FEMALE,HISPANIC,Madeline,10,64
513,2021,FEMALE,HISPANIC,Londyn,10,64
514,2021,FEMALE,HISPANIC,Leyla,10,64
515,2021,FEMALE,HISPANIC,Lesly,10,64
516,2021,FEMALE,HISPANIC,Leslie,10,64
517,2021,FEMALE,HISPANIC,Jennifer,10,64
518,2021,FEMALE,HISPANIC,Jayla,10,64
519,2021,FEMALE,HISPANIC,Iris,10,64
520,2021,FEMALE,HISPANIC,Hayley,10,64
521,2021,FEMALE,HISPANIC,Gracie,10,64
522,2021,FEMALE,HISPANIC,Daniella,10,64
523,2021,FEMALE,HISPANIC,Chelsea,10,64
524,2021,FEMALE,HISPANIC,Celeste,10,64
525,2021,FEMALE,HISPANIC,Brittany,10,64
526,2021,FEMALE,HISPANIC,Briana,10,64
527,2021,FEMALE,HISPANIC,Ariel,10,64
528,2021,FEMALE,HISPANIC,Annalise,10,64
529,2021,FEMALE,WHITE NON HISPANIC,Esther,210,1
530,2021,FEMALE,WHITE NON HISPANIC,Leah,201,2
531,2021,FEMALE,WHITE NON HISPANIC,Chaya,190,3
532,2021,FEMALE,WHITE NON HISPANIC,Emma,183,4
533,2021,FEMALE,WHITE NON HISPANIC,Rachel,173,5
534,2021,FEMALE,WHITE NON HISPANIC,Miriam,172,6
535,2021,FEMALE,WHITE NON HISPANIC,Olivia,168,7
536,2021,FEMALE,WHITE NON HISPANIC,Sarah,160,8
537,2021,FEMALE,WHITE NON HISPANIC,Sophia,146,9
538,2021,FEMALE,WHITE NON HISPANIC,Charlotte,134,10
539,2021,FEMALE,WHITE NON HISPANIC,Rivka,128,11
540,2021,FEMALE,WHITE NON HISPANIC,Chana,127,12
541,2021,FEMALE,WHITE NON HISPANIC,Sara,121,13
542,2021,FEMALE,WHITE NON HISPANIC,Sofia,109,14
543,2021,FEMALE,WHITE NON HISPANIC,Mia,100,15
544,2021,FEMALE,WHITE NON HISPANIC,Amelia,100,15
545,2021,FEMALE,WHITE NON HISPANIC,Ava,100,15
546,2021,FEMALE,WHITE NON HISPANIC,Maya,99,16
547,2021,FEMALE,WHITE NON HISPANIC,Ella,95,17
548,2021,FEMALE,WHITE NON HISPANIC,Lily,95,17
549,2021,FEMALE,WHITE NON HISPANIC,Chloe,86,18
550,2021,FEMALE,WHITE NON HISPANIC,Rivky,82,19
551,2021,FEMALE,WHITE NON HISPANIC,Mila,80,20
552,2021,FEMALE,WHITE NON HISPANIC,Emily,80,20
553,2021,FEMALE,WHITE NON HISPANIC,Malky,79,21
554,2021,FEMALE,WHITE NON HISPANIC,Zoe,78,22
555,2021,FEMALE,WHITE NON HISPANIC,Isabella,75,23
556,2021,FEMALE,WHITE NON HISPANIC,Gitty,74,24
557,2021,FEMALE,WHITE NON HISPANIC,Emilia,71,25
558,2021,FEMALE,WHITE NON HISPANIC,Faigy,71,25
559,2021,FEMALE,WHITE NON HISPANIC,Malka,70,26
560,2021,FEMALE,WHITE NON HISPANIC,Sophie,69,27
561,2021,FEMALE,WHITE NON HISPANIC,Raizy,66,28
562,2021,FEMALE,WHITE NON HISPANIC,Stella,66,28
563,2021,FEMALE,WHITE NON HISPANIC,Abigail,64,29
564,2021,FEMALE,WHITE NON HISPANIC,Shaindy,63,30
565,2021,FEMALE,WHITE NON HISPANIC,Grace,62,31
566,2021,FEMALE,WHITE NON HISPANIC,Penelope,62,31
567,2021,FEMALE,WHITE NON HISPANIC,Baila,61,32
568,2021,FEMALE,WHITE NON HISPANIC,Elizabeth,60,33
569,2021,FEMALE,WHITE NON HISPANIC,Eleanor,58,34
570,2021,FEMALE,WHITE NON HISPANIC,Nora,58,34
571,2021,FEMALE,WHITE NON HISPANIC,Layla,57,35
572,2021,FEMALE,WHITE NON HISPANIC,Eva,56,36
573,2021,FEMALE,WHITE NON HISPANIC,Aria,55,37
574,2021,FEMALE,WHITE NON HISPANIC,Rose,54,38
575,2021,FEMALE,WHITE NON HISPANIC,Noa,54,38
576,2021,FEMALE,WHITE NON HISPANIC,Yitty,53,39
577,2021,FEMALE,WHITE NON HISPANIC,Ruby,53,39
578,2021,FEMALE,WHITE NON HISPANIC,Hannah,52,40
579,2021,FEMALE,WHITE NON HISPANIC,Luna,50,41
580,2021,FEMALE,WHITE NON HISPANIC,Eliana,50,41
581,2021,FEMALE,WHITE NON HISPANIC,Victoria,49,42
582,2021,FEMALE,WHITE NON HISPANIC,Madison,49,42
583,2021,FEMALE,WHITE NON HISPANIC,Devorah,49,42
584,2021,FEMALE,WHITE NON HISPANIC,Dina,49,42
585,2021,FEMALE,WHITE NON HISPANIC,Gabriella,48,43
586,2021,FEMALE,WHITE NON HISPANIC,Toby,47,44
587,2021,FEMALE,WHITE NON HISPANIC,Alice,47,44
588,2021,FEMALE,WHITE NON HISPANIC,Anna,47,44
589,2021,FEMALE,WHITE NON HISPANIC,Sienna,47,44
590,2021,FEMALE,WHITE NON HISPANIC,Ayla,46,45
591,2021,FEMALE,WHITE NON HISPANIC,Julia,45,46
592,2021,FEMALE,WHITE NON HISPANIC,Avery,45,46
593,2021,FEMALE,WHITE NON HISPANIC,Josephine,45,46
594,2021,FEMALE,WHITE NON HISPANIC,Sury,43,47
595,2021,FEMALE,WHITE NON HISPANIC,Chany,43,47
596,2021,FEMALE,WHITE NON HISPANIC,Isabelle,43,47
597,2021,FEMALE,WHITE NON HISPANIC,Isla,43,47
598,2021,FEMALE,WHITE NON HISPANIC,Evelyn,42,48
599,2021,FEMALE,WHITE NON HISPANIC,Naomi,42,48
600,2021,FEMALE,WHITE NON HISPANIC,Caroline,42,48
601,2021,FEMALE,WHITE NON HISPANIC,Harper,41,49
602,2021,FEMALE,WHITE NON HISPANIC,Violet,41,49
603,2021,FEMALE,WHITE NON HISPANIC,Scarlett,40,50
604,2021,FEMALE,WHITE NON HISPANIC,Bracha,40,50
605,2021,FEMALE,WHITE NON HISPANIC,Eloise,40,50
606,2021,FEMALE,WHITE NON HISPANIC,Hindy,40,50
607,2021,FEMALE,WHITE NON HISPANIC,Lucy,40,50
608,2021,FEMALE,WHITE NON HISPANIC,Maeve,40,50
609,2021,FEMALE,WHITE NON HISPANIC,Sloane,40,50
610,2021,FEMALE,WHITE NON HISPANIC,Alexandra,39,51
611,2021,FEMALE,WHITE NON HISPANIC,Talia,39,51
612,2021,FEMALE,WHITE NON HISPANIC,Juliette,39,51
613,2021,FEMALE,WHITE NON HISPANIC,Goldy,39,51
614,2021,FEMALE,WHITE NON HISPANIC,Nina,38,52
615,2021,FEMALE,WHITE NON HISPANIC,Molly,37,53
616,2021,FEMALE,WHITE NON HISPANIC,Claire,37,53
617,2021,FEMALE,WHITE NON HISPANIC,Sadie,37,53
618,2021,FEMALE,WHITE NON HISPANIC,Natalie,36,54
619,2021,FEMALE,WHITE NON HISPANIC,Esty,36,54
620,2021,FEMALE,WHITE NON HISPANIC,Clara,35,55
621,2021,FEMALE,WHITE NON HISPANIC,Margot,35,55
622,2021,FEMALE,WHITE NON HISPANIC,Gemma,35,55
623,2021,FEMALE,WHITE NON HISPANIC,Bella,34,56
624,2021,FEMALE,WHITE NON HISPANIC,Valentina,34,56
625,2021,FEMALE,WHITE NON HISPANIC,Chava,34,56
626,2021,FEMALE,WHITE NON HISPANIC,Libby,33,57
627,2021,FEMALE,WHITE NON HISPANIC,Eliza,32,58
628,2021,FEMALE,WHITE NON HISPANIC,Lila,32,58
629,2021,FEMALE,WHITE NON HISPANIC,Madeline,32,58
630,2021,FEMALE,WHITE NON HISPANIC,Pessy,32,58
631,2021,FEMALE,WHITE NON HISPANIC,Gianna,32,58
632,2021,FEMALE,WHITE NON HISPANIC,Amina,32,58
633,2021,FEMALE,WHITE NON HISPANIC,Zoey,31,59
634,2021,FEMALE,WHITE NON HISPANIC,Aurora,31,59
635,2021,FEMALE,WHITE NON HISPANIC,Zissy,31,59
636,2021,FEMALE,WHITE NON HISPANIC,Henny,31,59
637,2021,FEMALE,WHITE NON HISPANIC,Lillian,31,59
638,2021,FEMALE,WHITE NON HISPANIC,Quinn,31,59
639,2021,FEMALE,WHITE NON HISPANIC,Aisha,31,59
640,2021,FEMALE,WHITE NON HISPANIC,Hailey,30,60
641,2021,FEMALE,WHITE NON HISPANIC,Cecilia,30,60
642,2021,FEMALE,WHITE NON HISPANIC,Isabel,30,60
643,2021,FEMALE,WHITE NON HISPANIC,Yocheved,29,61
644,2021,FEMALE,WHITE NON HISPANIC,Riley,29,61
645,2021,FEMALE,WHITE NON HISPANIC,Rebecca,28,62
646,2021,FEMALE,WHITE NON HISPANIC,Ellie,28,62
647,2021,FEMALE,WHITE NON HISPANIC,Ruth,28,62
648,2021,FEMALE,WHITE NON HISPANIC,Blima,28,62
649,2021,FEMALE,WHITE NON HISPANIC,Idy,28,62
650,2021,FEMALE,WHITE NON HISPANIC,Liba,28,62
651,2021,FEMALE,WHITE NON HISPANIC,Nechama,28,62
652,2021,FEMALE,WHITE NON HISPANIC,Adele,27,63
653,2021,FEMALE,WHITE NON HISPANIC,Maryam,27,63
654,2021,FEMALE,WHITE NON HISPANIC,Frances,27,63
655,2021,FEMALE,WHITE NON HISPANIC,Pearl,27,63
656,2021,FEMALE,WHITE NON HISPANIC,Elle,27,63
657,2021,FEMALE,WHITE NON HISPANIC,Summer,26,64
658,2021,FEMALE,WHITE NON HISPANIC,Yael,26,64
659,2021,FEMALE,WHITE NON HISPANIC,Rochel,26,64
660,2021,FEMALE,WHITE NON HISPANIC,Francesca,26,64
661,2021,FEMALE,WHITE NON HISPANIC,Sydney,26,64
662,2021,FEMALE,WHITE NON HISPANIC,Lucia,25,65
663,2021,FEMALE,WHITE NON HISPANIC,Vivian,25,65
664,2021,FEMALE,WHITE NON HISPANIC,Ariana,25,65
665,2021,FEMALE,WHITE NON HISPANIC,Georgia,25,65
666,2021,FEMALE,WHITE NON HISPANIC,Ivy,25,65
667,2021,FEMALE,WHITE NON HISPANIC,Cora,24,66
668,2021,FEMALE,WHITE NON HISPANIC,Charlie,24,66
669,2021,FEMALE,WHITE NON HISPANIC,Hadassah,24,66
670,2021,FEMALE,WHITE NON HISPANIC,Willa,24,66
671,2021,FEMALE,WHITE NON HISPANIC,Yides,24,66
672,2021,FEMALE,WHITE NON HISPANIC,Alma,24,66
673,2021,FEMALE,WHITE NON HISPANIC,Ruchy,23,67
674,2021,FEMALE,WHITE NON HISPANIC,Ariella,23,67
675,2021,FEMALE,WHITE NON HISPANIC,Audrey,23,67
676,2021,FEMALE,WHITE NON HISPANIC,Bruchy,23,67
677,2021,FEMALE,WHITE NON HISPANIC,Lyla,23,67
678,2021,FEMALE,WHITE NON HISPANIC,Margaret,23,67
679,2021,FEMALE,WHITE NON HISPANIC,Yehudis,23,67
680,2021,FEMALE,WHITE NON HISPANIC,Eden,22,68
681,2021,FEMALE,WHITE NON HISPANIC,Faiga,22,68
682,2021,FEMALE,WHITE NON HISPANIC,Juliet,22,68
683,2021,FEMALE,WHITE NON HISPANIC,Kayla,22,68
684,2021,FEMALE,WHITE NON HISPANIC,Maria,22,68
685,2021,FEMALE,WHITE NON HISPANIC,Olive,22,68
686,2021,FEMALE,WHITE NON HISPANIC,Beatrice,22,68
687,2021,FEMALE,WHITE NON HISPANIC,Iris,21,69
688,2021,FEMALE,WHITE NON HISPANIC,Michelle,21,69
689,2021,FEMALE,WHITE NON HISPANIC,Lia,21,69
690,2021,FEMALE,WHITE NON HISPANIC,Colette,21,69
691,2021,FEMALE,WHITE NON HISPANIC,Daisy,21,69
692,2021,FEMALE,WHITE NON HISPANIC,Etty,21,69
693,2021,FEMALE,WHITE NON HISPANIC,Fiona,21,69
694,2021,FEMALE,WHITE NON HISPANIC,Golda,21,69
695,2021,FEMALE,WHITE NON HISPANIC,Hazel,21,69
696,2021,FEMALE,WHITE NON HISPANIC,Skylar,20,70
697,2021,FEMALE,WHITE NON HISPANIC,Amira,20,70
698,2021,FEMALE,WHITE NON HISPANIC,Elena,20,70
699,2021,FEMALE,WHITE NON HISPANIC,Lina,20,70
700,2021,FEMALE,WHITE NON HISPANIC,Mindy,20,70
701,2021,FEMALE,WHITE NON HISPANIC,Mira,20,70
702,2021,FEMALE,WHITE NON HISPANIC,Shoshana,20,70
703,2021,FEMALE,WHITE NON HISPANIC,Vivienne,20,70
704,2021,FEMALE,WHITE NON HISPANIC,Daphne,19,71
705,2021,FEMALE,WHITE NON HISPANIC,Vera,19,71
706,2021,FEMALE,WHITE NON HISPANIC,Savannah,19,71
707,2021,FEMALE,WHITE NON HISPANIC,Poppy,19,71
708,2021,FEMALE,WHITE NON HISPANIC,Mariam,19,71
709,2021,FEMALE,WHITE NON HISPANIC,Mackenzie,19,71
710,2021,FEMALE,WHITE NON HISPANIC,Lena,19,71
711,2021,FEMALE,WHITE NON HISPANIC,Genevieve,19,71
712,2021,FEMALE,WHITE NON HISPANIC,Fraidy,19,71
713,2021,FEMALE,WHITE NON HISPANIC,Angelina,19,71
714,2021,FEMALE,WHITE NON HISPANIC,Tessa,18,72
715,2021,FEMALE,WHITE NON HISPANIC,Batsheva,18,72
716,2021,FEMALE,WHITE NON HISPANIC,Frady,18,72
717,2021,FEMALE,WHITE NON HISPANIC,Liliana,18,72
718,2021,FEMALE,WHITE NON HISPANIC,Nicole,18,72
719,2021,FEMALE,WHITE NON HISPANIC,Parker,18,72
720,2021,FEMALE,WHITE NON HISPANIC,Remi,18,72
721,2021,FEMALE,WHITE NON HISPANIC,Sima,18,72
722,2021,FEMALE,WHITE NON HISPANIC,Hana,17,73
723,2021,FEMALE,WHITE NON HISPANIC,Florence,17,73
724,2021,FEMALE,WHITE NON HISPANIC,Eve,17,73
725,2021,FEMALE,WHITE NON HISPANIC,Diana,17,73
726,2021,FEMALE,WHITE NON HISPANIC,Celine,17,73
727,2021,FEMALE,WHITE NON HISPANIC,Adina,17,73
728,2021,FEMALE,WHITE NON HISPANIC,Blake,17,73
729,2021,FEMALE,WHITE NON HISPANIC,Willow,17,73
730,2021,FEMALE,WHITE NON HISPANIC,Reese,17,73
731,2021,FEMALE,WHITE NON HISPANIC,Madeleine,17,73
732,2021,FEMALE,WHITE NON HISPANIC,Kaia,17,73
733,2021,FEMALE,WHITE NON HISPANIC,Amalia,16,74
734,2021,FEMALE,WHITE NON HISPANIC,Adeline,16,74
735,2021,FEMALE,WHITE NON HISPANIC,Lola,16,74
736,2021,FEMALE,WHITE NON HISPANIC,Noor,16,74
737,2021,FEMALE,WHITE NON HISPANIC,Nova,16,74
738,2021,FEMALE,WHITE NON HISPANIC,Laila,16,74
739,2021,FEMALE,WHITE NON HISPANIC,Phoebe,16,74
740,2021,FEMALE,WHITE NON HISPANIC,Serena,16,74
741,2021,FEMALE,WHITE NON HISPANIC,Layan,16,74
742,2021,FEMALE,WHITE NON HISPANIC,Liv,16,74
743,2021,FEMALE,WHITE NON HISPANIC,Gia,16,74
744,2021,FEMALE,WHITE NON HISPANIC,Frimet,16,74
745,2021,FEMALE,WHITE NON HISPANIC,Fraida,16,74
746,2021,FEMALE,WHITE NON HISPANIC,Devora,16,74
747,2021,FEMALE,WHITE NON HISPANIC,Breindy,15,75
748,2021,FEMALE,WHITE NON HISPANIC,Tziporah,15,75
749,2021,FEMALE,WHITE NON HISPANIC,Thea,15,75
750,2021,FEMALE,WHITE NON HISPANIC,Soliha,15,75
751,2021,FEMALE,WHITE NON HISPANIC,Siena,15,75
752,2021,FEMALE,WHITE NON HISPANIC,Shifra,15,75
753,2021,FEMALE,WHITE NON HISPANIC,Shaindel,15,75
754,2021,FEMALE,WHITE NON HISPANIC,Rechel,15,75
755,2021,FEMALE,WHITE NON HISPANIC,Perl,15,75
756,2021,FEMALE,WHITE NON HISPANIC,Perel,15,75
757,2021,FEMALE,WHITE NON HISPANIC,Matilda,15,75
758,2021,FEMALE,WHITE NON HISPANIC,Lydia,15,75
759,2021,FEMALE,WHITE NON HISPANIC,Louise,15,75
760,2021,FEMALE,WHITE NON HISPANIC,Liana,15,75
761,2021,FEMALE,WHITE NON HISPANIC,Esme,15,75
762,2021,FEMALE,WHITE NON HISPANIC,Emerson,15,75
763,2021,FEMALE,WHITE NON HISPANIC,Dylan,15,75
764,2021,FEMALE,WHITE NON HISPANIC,Brooklyn,15,75
765,2021,FEMALE,WHITE NON HISPANIC,Ada,15,75
766,2021,FEMALE,WHITE NON HISPANIC,June,14,76
767,2021,FEMALE,WHITE NON HISPANIC,Tzirel,14,76
768,2021,FEMALE,WHITE NON HISPANIC,Shira,14,76
769,2021,FEMALE,WHITE NON HISPANIC,Shevy,14,76
770,2021,FEMALE,WHITE NON HISPANIC,Sasha,14,76
771,2021,FEMALE,WHITE NON HISPANIC,Safiya,14,76
772,2021,FEMALE,WHITE NON HISPANIC,Roizy,14,76
773,2021,FEMALE,WHITE NON HISPANIC,Rivkah,14,76
774,2021,FEMALE,WHITE NON HISPANIC,Perry,14,76
775,2021,FEMALE,WHITE NON HISPANIC,Louisa,14,76
776,2021,FEMALE,WHITE NON HISPANIC,Leila,14,76
777,2021,FEMALE,WHITE NON HISPANIC,Lara,14,76
778,2021,FEMALE,WHITE NON HISPANIC,Adriana,14,76
779,2021,FEMALE,WHITE NON HISPANIC,Alessia,14,76
780,2021,FEMALE,WHITE NON HISPANIC,Blimy,14,76
781,2021,FEMALE,WHITE NON HISPANIC,Brooke,14,76
782,2021,FEMALE,WHITE NON HISPANIC,Camille,14,76
783,2021,FEMALE,WHITE NON HISPANIC,Catherine,14,76
784,2021,FEMALE,WHITE NON HISPANIC,Chavy,14,76
785,2021,FEMALE,WHITE NON HISPANIC,Clementine,14,76
786,2021,FEMALE,WHITE NON HISPANIC,Dua,14,76
787,2021,FEMALE,WHITE NON HISPANIC,Imona,14,76
788,2021,FEMALE,WHITE NON HISPANIC,Jacqueline,14,76
789,2021,FEMALE,WHITE NON HISPANIC,Rosie,13,77
790,2021,FEMALE,WHITE NON HISPANIC,Adelina,13,77
791,2021,FEMALE,WHITE NON HISPANIC,Annie,13,77
792,2021,FEMALE,WHITE NON HISPANIC,Daniella,13,77
793,2021,FEMALE,WHITE NON HISPANIC,Delilah,13,77
794,2021,FEMALE,WHITE NON HISPANIC,Fatima,13,77
795,2021,FEMALE,WHITE NON HISPANIC,Gittel,13,77
796,2021,FEMALE,WHITE NON HISPANIC,Jane,13,77
797,2021,FEMALE,WHITE NON HISPANIC,Katherine,13,77
798,2021,FEMALE,WHITE NON HISPANIC,Keira,13,77
799,2021,FEMALE,WHITE NON HISPANIC,Kira,13,77
800,2021,FEMALE,WHITE NON HISPANIC,Lea,13,77
801,2021,FEMALE,WHITE NON HISPANIC,Leyla,13,77
802,2021,FEMALE,WHITE NON HISPANIC,Lilah,13,77
803,2021,FEMALE,WHITE NON HISPANIC,Madelyn,13,77
804,2021,FEMALE,WHITE NON HISPANIC,Melanie,13,77
805,2021,FEMALE,WHITE NON HISPANIC,Milana,13,77
806,2021,FEMALE,WHITE NON HISPANIC,Raizel,13,77
807,2021,FEMALE,WHITE NON HISPANIC,Rory,13,77
808,2021,FEMALE,WHITE NON HISPANIC,Valerie,13,77
809,2021,FEMALE,WHITE NON HISPANIC,Sylvie,13,77
810,2021,FEMALE,WHITE NON HISPANIC,Suri,13,77
811,2021,FEMALE,WHITE NON HISPANIC,Shukrona,12,78
812,2021,FEMALE,WHITE NON HISPANIC,Michaela,12,78
813,2021,FEMALE,WHITE NON HISPANIC,Juniper,12,78
814,2021,FEMALE,WHITE NON HISPANIC,Frimy,12,78
815,2021,FEMALE,WHITE NON HISPANIC,Goldie,12,78
816,2021,FEMALE,WHITE NON HISPANIC,Harlow,12,78
817,2021,FEMALE,WHITE NON HISPANIC,Addison,12,78
818,2021,FEMALE,WHITE NON HISPANIC,Maia,12,78
819,2021,FEMALE,WHITE NON HISPANIC,Rosemary,12,78
820,2021,FEMALE,WHITE NON HISPANIC,Adrianna,12,78
821,2021,FEMALE,WHITE NON HISPANIC,Allison,12,78
822,2021,FEMALE,WHITE NON HISPANIC,Anastasia,12,78
823,2021,FEMALE,WHITE NON HISPANIC,Annabelle,12,78
824,2021,FEMALE,WHITE NON HISPANIC,Arielle,12,78
825,2021,FEMALE,WHITE NON HISPANIC,Freya,12,78
826,2021,FEMALE,WHITE NON HISPANIC,Everly,12,78
827,2021,FEMALE,WHITE NON HISPANIC,Danielle,12,78
828,2021,FEMALE,WHITE NON HISPANIC,Camila,12,78
829,2021,FEMALE,WHITE NON HISPANIC,Tzipora,12,78
830,2021,FEMALE,WHITE NON HISPANIC,Bianca,12,78
831,2021,FEMALE,WHITE NON HISPANIC,Avigail,12,78
832,2021,FEMALE,WHITE NON HISPANIC,Naya,12,78
833,2021,FEMALE,WHITE NON HISPANIC,Mary,12,78
834,2021,FEMALE,WHITE NON HISPANIC,Hinda,12,78
835,2021,FEMALE,WHITE NON HISPANIC,Miri,12,78
836,2021,FEMALE,WHITE NON HISPANIC,Laura,12,78
837,2021,FEMALE,WHITE NON HISPANIC,Tehila,12,78
838,2021,FEMALE,WHITE NON HISPANIC,Arya,12,78
839,2021,FEMALE,WHITE NON HISPANIC,Taylor,12,78
840,2021,FEMALE,WHITE NON HISPANIC,Simone,12,78
841,2021,FEMALE,WHITE NON HISPANIC,Jana,11,79
842,2021,FEMALE,WHITE NON HISPANIC,Alina,11,79
843,2021,FEMALE,WHITE NON HISPANIC,Aliya,11,79
844,2021,FEMALE,WHITE NON HISPANIC,Aliza,11,79
845,2021,FEMALE,WHITE NON HISPANIC,Arianna,11,79
846,2021,FEMALE,WHITE NON HISPANIC,Athena,11,79
847,2021,FEMALE,WHITE NON HISPANIC,Aurelia,11,79
848,2021,FEMALE,WHITE NON HISPANIC,Brielle,11,79
849,2021,FEMALE,WHITE NON HISPANIC,Cameron,11,79
850,2021,FEMALE,WHITE NON HISPANIC,Edith,11,79
851,2021,FEMALE,WHITE NON HISPANIC,Frieda,11,79
852,2021,FEMALE,WHITE NON HISPANIC,Julianna,11,79
853,2021,FEMALE,WHITE NON HISPANIC,Kennedy,11,79
854,2021,FEMALE,WHITE NON HISPANIC,Lielle,11,79
855,2021,FEMALE,WHITE NON HISPANIC,Lilly,11,79
856,2021,FEMALE,WHITE NON HISPANIC,Mae,11,79
857,2021,FEMALE,WHITE NON HISPANIC,Millie,11,79
858,2021,FEMALE,WHITE NON HISPANIC,Muslima,11,79
859,2021,FEMALE,WHITE NON HISPANIC,Nava,11,79
860,2021,FEMALE,WHITE NON HISPANIC,Nicolette,11,79
861,2021,FEMALE,WHITE NON HISPANIC,Paige,11,79
862,2021,FEMALE,WHITE NON HISPANIC,Peyton,11,79
863,2021,FEMALE,WHITE NON HISPANIC,Renee,11,79
864,2021,FEMALE,WHITE NON HISPANIC,Romy,11,79
865,2021,FEMALE,WHITE NON HISPANIC,Shea,11,79
866,2021,FEMALE,WHITE NON HISPANIC,Stevie,11,79
867,2021,FEMALE,WHITE NON HISPANIC,Yenty,11,79
868,2021,FEMALE,WHITE NON HISPANIC,Zara,11,79
869,2021,FEMALE,WHITE NON HISPANIC,Melody,10,80
870,2021,FEMALE,WHITE NON HISPANIC,Sylvia,10,80
871,2021,FEMALE,WHITE NON HISPANIC,Shaina,10,80
872,2021,FEMALE,WHITE NON HISPANIC,Rowan,10,80
873,2021,FEMALE,WHITE NON HISPANIC,Noelle,10,80
874,2021,FEMALE,WHITE NON HISPANIC,Freidy,10,80
875,2021,FEMALE,WHITE NON HISPANIC,Natalia,10,80
876,2021,FEMALE,WHITE NON HISPANIC,Gabriela,10,80
877,2021,FEMALE,WHITE NON HISPANIC,Joelle,10,80
878,2021,FEMALE,WHITE NON HISPANIC,Faye,10,80
879,2021,FEMALE,WHITE NON HISPANIC,Adelaide,10,80
880,2021,FEMALE,WHITE NON HISPANIC,Lauren,10,80
881,2021,FEMALE,WHITE NON HISPANIC,Elisheva,10,80
882,2021,FEMALE,WHITE NON HISPANIC,Aviva,10,80
883,2021,FEMALE,WHITE NON HISPANIC,Shay,10,80
884,2021,FEMALE,WHITE NON HISPANIC,Mikaela,10,80
885,2021,FEMALE,WHITE NON HISPANIC,Estelle,10,80
886,2021,FEMALE,WHITE NON HISPANIC,Leona,10,80
887,2021,FEMALE,WHITE NON HISPANIC,Celeste,10,80
888,2021,FEMALE,WHITE NON HISPANIC,Leora,10,80
889,2021,FEMALE,WHITE NON HISPANIC,Billie,10,80
890,2021,FEMALE,WHITE NON HISPANIC,Demi,10,80
891,2021,FEMALE,WHITE NON HISPANIC,Lucille,10,80
892,2021,FEMALE,WHITE NON HISPANIC,Blair,10,80
893,2021,FEMALE,WHITE NON HISPANIC,Mara,10,80
1791,2020,FEMALE,ASIAN AND PACIFIC ISLANDER,Chloe,100,1
1792,2020,FEMALE,ASIAN AND PACIFIC ISLANDER,Olivia,79,2
1793,2020,FEMALE,ASIAN AND PACIFIC ISLANDER,Emma,68,3
1794,2020,FEMALE,ASIAN AND PACIFIC ISLANDER,Mia,64,4
1795,2020,FEMALE,ASIAN AND PACIFIC ISLANDER,Sophia,50,5
1796,2020,FEMALE,ASIAN AND PACIFIC ISLANDER,Ava,49,6
1797,2020,FEMALE,ASIAN AND PACIFIC ISLANDER,Evelyn,48,7
1798,2020,FEMALE,ASIAN AND PACIFIC ISLANDER,Emily,46,8
1799,2020,FEMALE,ASIAN AND PACIFIC ISLANDER,Amelia,45,9
1800,2020,FEMALE,ASIAN AND PACIFIC ISLANDER,Hannah,42,10
1801,2020,FEMALE,ASIAN AND PACIFIC ISLANDER,Isabella,42,10
1802,2020,FEMALE,ASIAN AND PACIFIC ISLANDER,Charlotte,40,11
1803,2020,FEMALE,ASIAN AND PACIFIC ISLANDER,Fatima,37,12
1804,2020,FEMALE,ASIAN AND PACIFIC ISLANDER,Maya,36,13
1805,2020,FEMALE,ASIAN AND PACIFIC ISLANDER,Maryam,34,14
1806,2020,FEMALE,ASIAN AND PACIFIC ISLANDER,Ella,32,15
1807,2020,FEMALE,ASIAN AND PACIFIC ISLANDER,Sarah,32,15
1808,2020,FEMALE,ASIAN AND PACIFIC ISLANDER,Bella,31,16
1809,2020,FEMALE,ASIAN AND PACIFIC ISLANDER,Audrey,30,17
1811,2020,FEMALE,ASIAN AND PACIFIC ISLANDER,Zoe,30,17
1812,2020,FEMALE,ASIAN AND PACIFIC ISLANDER,Arya,30,17
1813,2020,FEMALE,ASIAN AND PACIFIC ISLANDER,Claire,29,18
1814,2020,FEMALE,ASIAN AND PACIFIC ISLANDER,Avery,29,18
1815,2020,FEMALE,ASIAN AND PACIFIC ISLANDER,Aria,28,19
1816,2020,FEMALE,ASIAN AND PACIFIC ISLANDER,Mila,27,20
1817,2020,FEMALE,ASIAN AND PACIFIC ISLANDER,Zainab,27,20
1818,2020,FEMALE,ASIAN AND PACIFIC ISLANDER,Ellie,25,21
1819,2020,FEMALE,ASIAN AND PACIFIC ISLANDER,Zoey,25,21
1820,2020,FEMALE,ASIAN AND PACIFIC ISLANDER,Hailey,25,21
1821,2020,FEMALE,ASIAN AND PACIFIC ISLANDER,Ayat,25,21
1822,2020,FEMALE,ASIAN AND PACIFIC ISLANDER,Leah,24,22
1823,2020,FEMALE,ASIAN AND PACIFIC ISLANDER,Ayesha,23,23
1824,2020,FEMALE,ASIAN AND PACIFIC ISLANDER,Stella,23,23
1825,2020,FEMALE,ASIAN AND PACIFIC ISLANDER,Sofia,23,23
1826,2020,FEMALE,ASIAN AND PACIFIC ISLANDER,Eva,23,23
1827,2020,FEMALE,ASIAN AND PACIFIC ISLANDER,Luna,22,24
1828,2020,FEMALE,ASIAN AND PACIFIC ISLANDER,Abigail,21,25
1829,2020,FEMALE,ASIAN AND PACIFIC ISLANDER,Grace,21,25
1830,2020,FEMALE,ASIAN AND PACIFIC ISLANDER,Aurora,21,25
1831,2020,FEMALE,ASIAN AND PACIFIC ISLANDER,Anna,21,25
1832,2020,FEMALE,ASIAN AND PACIFIC ISLANDER,Phoebe,20,26
1833,2020,FEMALE,ASIAN AND PACIFIC ISLANDER,Zara,20,26
1834,2020,FEMALE,ASIAN AND PACIFIC ISLANDER,Zahra,20,26
1835,2020,FEMALE,ASIAN AND PACIFIC ISLANDER,Nora,20,26
1836,2020,FEMALE,ASIAN AND PACIFIC ISLANDER,Inaaya,19,27
1837,2020,FEMALE,ASIAN AND PACIFIC ISLANDER,Amal,19,27
1838,2020,FEMALE,ASIAN AND PACIFIC ISLANDER,Alina,19,27
1839,2020,FEMALE,ASIAN AND PACIFIC ISLANDER,Vivian,19,27
1840,2020,FEMALE,ASIAN AND PACIFIC ISLANDER,Kayla,18,28
1841,2020,FEMALE,ASIAN AND PACIFIC ISLANDER,Alice,18,28
1842,2020,FEMALE,ASIAN AND PACIFIC ISLANDER,Eleanor,18,28
1843,2020,FEMALE,ASIAN AND PACIFIC ISLANDER,Emilia,18,28
1844,2020,FEMALE,ASIAN AND PACIFIC ISLANDER,Joanna,18,28
1845,2020,FEMALE,ASIAN AND PACIFIC ISLANDER,Layla,18,28
1846,2020,FEMALE,ASIAN AND PACIFIC ISLANDER,Penelope,18,28
1847,2020,FEMALE,ASIAN AND PACIFIC ISLANDER,Inaya,17,29
1848,2020,FEMALE,ASIAN AND PACIFIC ISLANDER,Anaya,17,29
1849,2020,FEMALE,ASIAN AND PACIFIC ISLANDER,Eliana,17,29
1850,2020,FEMALE,ASIAN AND PACIFIC ISLANDER,Sophie,17,29
1851,2020,FEMALE,ASIAN AND PACIFIC ISLANDER,Manha,17,29
1852,2020,FEMALE,ASIAN AND PACIFIC ISLANDER,Ashley,17,29
1853,2020,FEMALE,ASIAN AND PACIFIC ISLANDER,Angelina,16,30
1854,2020,FEMALE,ASIAN AND PACIFIC ISLANDER,Madison,16,30
1855,2020,FEMALE,ASIAN AND PACIFIC ISLANDER,Zoya,16,30
1856,2020,FEMALE,ASIAN AND PACIFIC ISLANDER,Melody,16,30
1857,2020,FEMALE,ASIAN AND PACIFIC ISLANDER,Ivy,15,31
1858,2020,FEMALE,ASIAN AND PACIFIC ISLANDER,Amy,15,31
1859,2020,FEMALE,ASIAN AND PACIFIC ISLANDER,Anabia,15,31
1860,2020,FEMALE,ASIAN AND PACIFIC ISLANDER,Clara,15,31
1861,2020,FEMALE,ASIAN AND PACIFIC ISLANDER,Fiona,15,31
1862,2020,FEMALE,ASIAN AND PACIFIC ISLANDER,Iris,15,31
1863,2020,FEMALE,ASIAN AND PACIFIC ISLANDER,Nina,15,31
1864,2020,FEMALE,ASIAN AND PACIFIC ISLANDER,Aisha,14,32
1865,2020,FEMALE,ASIAN AND PACIFIC ISLANDER,Annie,14,32
1866,2020,FEMALE,ASIAN AND PACIFIC ISLANDER,Ayra,14,32
1867,2020,FEMALE,ASIAN AND PACIFIC ISLANDER,Celine,14,32
1868,2020,FEMALE,ASIAN AND PACIFIC ISLANDER,Elena,14,32
1869,2020,FEMALE,ASIAN AND PACIFIC ISLANDER,Harper,14,32
1870,2020,FEMALE,ASIAN AND PACIFIC ISLANDER,Kaia,14,32
1871,2020,FEMALE,ASIAN AND PACIFIC ISLANDER,Serena,13,33
1872,2020,FEMALE,ASIAN AND PACIFIC ISLANDER,Tenzin,13,33
1873,2020,FEMALE,ASIAN AND PACIFIC ISLANDER,Syeda,13,33
1874,2020,FEMALE,ASIAN AND PACIFIC ISLANDER,Scarlett,13,33
1875,2020,FEMALE,ASIAN AND PACIFIC ISLANDER,Mirha,13,33
1876,2020,FEMALE,ASIAN AND PACIFIC ISLANDER,Julia,13,33
1877,2020,FEMALE,ASIAN AND PACIFIC ISLANDER,Jocelyn,13,33
1878,2020,FEMALE,ASIAN AND PACIFIC ISLANDER,Gemma,13,33
1879,2020,FEMALE,ASIAN AND PACIFIC ISLANDER,Athena,13,33
1881,2020,FEMALE,ASIAN AND PACIFIC ISLANDER,Ariana,13,33
1882,2020,FEMALE,ASIAN AND PACIFIC ISLANDER,Aleena,13,33
1883,2020,FEMALE,ASIAN AND PACIFIC ISLANDER,Violet,12,34
1884,2020,FEMALE,ASIAN AND PACIFIC ISLANDER,Angela,12,34
1885,2020,FEMALE,ASIAN AND PACIFIC ISLANDER,Sidratul,12,34
1886,2020,FEMALE,ASIAN AND PACIFIC ISLANDER,Amber,12,34
1887,2020,FEMALE,ASIAN AND PACIFIC ISLANDER,Nicole,12,34
1888,2020,FEMALE,ASIAN AND PACIFIC ISLANDER,Hazel,12,34
1889,2020,FEMALE,ASIAN AND PACIFIC ISLANDER,Summer,11,35
1890,2020,FEMALE,ASIAN AND PACIFIC ISLANDER,Tiffany,11,35
1891,2020,FEMALE,ASIAN AND PACIFIC ISLANDER,Amara,11,35
1892,2020,FEMALE,ASIAN AND PACIFIC ISLANDER,Amina,11,35
1893,2020,FEMALE,ASIAN AND PACIFIC ISLANDER,Ariel,11,35
1894,2020,FEMALE,ASIAN AND PACIFIC ISLANDER,Aaliyah,11,35
1895,2020,FEMALE,ASIAN AND PACIFIC ISLANDER,Cynthia,11,35
1896,2020,FEMALE,ASIAN AND PACIFIC ISLANDER,Hoorain,11,35
1897,2020,FEMALE,ASIAN AND PACIFIC ISLANDER,Gianna,11,35
1898,2020,FEMALE,ASIAN AND PACIFIC ISLANDER,Jasmine,11,35
1899,2020,FEMALE,ASIAN AND PACIFIC ISLANDER,Lydia,11,35
1900,2020,FEMALE,ASIAN AND PACIFIC ISLANDER,Naomi,11,35
1901,2020,FEMALE,ASIAN AND PACIFIC ISLANDER,Safa,11,35
1902,2020,FEMALE,ASIAN AND PACIFIC ISLANDER,Alisha,11,35
1903,2020,FEMALE,ASIAN AND PACIFIC ISLANDER,Adeline,10,36
1904,2020,FEMALE,ASIAN AND PACIFIC ISLANDER,Victoria,10,36
1905,2020,FEMALE,ASIAN AND PACIFIC ISLANDER,Arisha,10,36
1906,2020,FEMALE,ASIAN AND PACIFIC ISLANDER,Irene,10,36
1907,2020,FEMALE,ASIAN AND PACIFIC ISLANDER,Astrid,10,36
1908,2020,FEMALE,ASIAN AND PACIFIC ISLANDER,Diya,10,36
1909,2020,FEMALE,ASIAN AND PACIFIC ISLANDER,Rhea,10,36
1910,2020,FEMALE,ASIAN AND PACIFIC ISLANDER,Noor,10,36
1911,2020,FEMALE,ASIAN AND PACIFIC ISLANDER,Thea,10,36
1912,2020,FEMALE,ASIAN AND PACIFIC ISLANDER,Lily,10,36
1913,2020,FEMALE,ASIAN AND PACIFIC ISLANDER,Khadija,10,36
1914,2020,FEMALE,ASIAN AND PACIFIC ISLANDER,Josephine,10,36
1915,2020,FEMALE,ASIAN AND PACIFIC ISLANDER,Aiza,10,36
1916,2020,FEMALE,ASIAN AND PACIFIC ISLANDER,Alia,10,36
1917,2020,FEMALE,ASIAN AND PACIFIC ISLANDER,Aliya,10,36
1918,2020,FEMALE,ASIAN AND PACIFIC ISLANDER,Amaya,10,36
1919,2020,FEMALE,BLACK NON HISPANIC,Ava,92,1
1920,2020,FEMALE,BLACK NON HISPANIC,Nova,56,2
1921,2020,FEMALE,BLACK NON HISPANIC,Zuri,50,3
1922,2020,FEMALE,BLACK NON HISPANIC,Skylar,46,4
1923,2020,FEMALE,BLACK NON HISPANIC,Serenity,44,5
1924,2020,FEMALE,BLACK NON HISPANIC,Fatoumata,43,6
1925,2020,FEMALE,BLACK NON HISPANIC,Nyla,43,6
1926,2020,FEMALE,BLACK NON HISPANIC,Madison,38,7
1927,2020,FEMALE,BLACK NON HISPANIC,Gianna,37,8
1928,2020,FEMALE,BLACK NON HISPANIC,Riley,37,8
1929,2020,FEMALE,BLACK NON HISPANIC,Olivia,36,9
1930,2020,FEMALE,BLACK NON HISPANIC,Brielle,34,10
1931,2020,FEMALE,BLACK NON HISPANIC,Fatima,33,11
1932,2020,FEMALE,BLACK NON HISPANIC,Aaliyah,32,12
1933,2020,FEMALE,BLACK NON HISPANIC,Chloe,30,13
1934,2020,FEMALE,BLACK NON HISPANIC,Mariam,29,14
1935,2020,FEMALE,BLACK NON HISPANIC,Aisha,28,15
1936,2020,FEMALE,BLACK NON HISPANIC,Layla,28,15
1937,2020,FEMALE,BLACK NON HISPANIC,Autumn,28,15
1938,2020,FEMALE,BLACK NON HISPANIC,Amelia,28,15
1939,2020,FEMALE,BLACK NON HISPANIC,Jayla,27,16
1940,2020,FEMALE,BLACK NON HISPANIC,Gabriella,27,16
1941,2020,FEMALE,BLACK NON HISPANIC,Kehlani,27,16
1942,2020,FEMALE,BLACK NON HISPANIC,Milani,26,17
1943,2020,FEMALE,BLACK NON HISPANIC,Miracle,25,18
1944,2020,FEMALE,BLACK NON HISPANIC,Mia,25,18
1945,2020,FEMALE,BLACK NON HISPANIC,Eliana,24,19
1946,2020,FEMALE,BLACK NON HISPANIC,Ariana,24,19
1947,2020,FEMALE,BLACK NON HISPANIC,Savannah,24,19
1948,2020,FEMALE,BLACK NON HISPANIC,London,23,20
1949,2020,FEMALE,BLACK NON HISPANIC,Amina,22,21
1950,2020,FEMALE,BLACK NON HISPANIC,Makayla,22,21
1951,2020,FEMALE,BLACK NON HISPANIC,Summer,22,21
1952,2020,FEMALE,BLACK NON HISPANIC,Isabella,22,21
1953,2020,FEMALE,BLACK NON HISPANIC,Hawa,21,22
1954,2020,FEMALE,BLACK NON HISPANIC,Melody,21,22
1955,2020,FEMALE,BLACK NON HISPANIC,Naomi,21,22
1956,2020,FEMALE,BLACK NON HISPANIC,Harmony,21,22
1957,2020,FEMALE,BLACK NON HISPANIC,Luna,20,23
1958,2020,FEMALE,BLACK NON HISPANIC,Zoe,20,23
1959,2020,FEMALE,BLACK NON HISPANIC,Reign,20,23
1960,2020,FEMALE,BLACK NON HISPANIC,Nia,20,23
1961,2020,FEMALE,BLACK NON HISPANIC,Phoenix,20,23
1962,2020,FEMALE,BLACK NON HISPANIC,Mariama,20,23
1963,2020,FEMALE,BLACK NON HISPANIC,Ariel,20,23
1964,2020,FEMALE,BLACK NON HISPANIC,Emma,19,24
1965,2020,FEMALE,BLACK NON HISPANIC,Londyn,19,24
1966,2020,FEMALE,BLACK NON HISPANIC,Abigail,19,24
1967,2020,FEMALE,BLACK NON HISPANIC,Kali,19,24
1968,2020,FEMALE,BLACK NON HISPANIC,Amara,19,24
1969,2020,FEMALE,BLACK NON HISPANIC,Amira,19,24
1970,2020,FEMALE,BLACK NON HISPANIC,Sophia,18,25
1971,2020,FEMALE,BLACK NON HISPANIC,Taylor,18,25
1972,2020,FEMALE,BLACK NON HISPANIC,Ariah,18,25
1973,2020,FEMALE,BLACK NON HISPANIC,Genesis,18,25
1974,2020,FEMALE,BLACK NON HISPANIC,Jasmine,18,25
1975,2020,FEMALE,BLACK NON HISPANIC,Paige,18,25
1976,2020,FEMALE,BLACK NON HISPANIC,Zoey,18,25
1977,2020,FEMALE,BLACK NON HISPANIC,Wynter,18,25
1978,2020,FEMALE,BLACK NON HISPANIC,Avery,17,26
1979,2020,FEMALE,BLACK NON HISPANIC,Brooklyn,17,26
1980,2020,FEMALE,BLACK NON HISPANIC,Faith,17,26
1981,2020,FEMALE,BLACK NON HISPANIC,Journee,17,26
1982,2020,FEMALE,BLACK NON HISPANIC,Kaylee,17,26
1983,2020,FEMALE,BLACK NON HISPANIC,Nylah,17,26
1984,2020,FEMALE,BLACK NON HISPANIC,Sarai,17,26
1985,2020,FEMALE,BLACK NON HISPANIC,Zhuri,17,26
1986,2020,FEMALE,BLACK NON HISPANIC,Anaya,16,27
1987,2020,FEMALE,BLACK NON HISPANIC,Arya,16,27
1988,2020,FEMALE,BLACK NON HISPANIC,Kayla,16,27
1989,2020,FEMALE,BLACK NON HISPANIC,Bella,16,27
1990,2020,FEMALE,BLACK NON HISPANIC,Grace,16,27
1991,2020,FEMALE,BLACK NON HISPANIC,Aminata,16,27
1992,2020,FEMALE,BLACK NON HISPANIC,Nevaeh,16,27
1993,2020,FEMALE,BLACK NON HISPANIC,Rylee,16,27
1994,2020,FEMALE,BLACK NON HISPANIC,Alana,16,27
1995,2020,FEMALE,BLACK NON HISPANIC,Emily,16,27
1996,2020,FEMALE,BLACK NON HISPANIC,Arianna,15,28
1997,2020,FEMALE,BLACK NON HISPANIC,Royalty,15,28
1998,2020,FEMALE,BLACK NON HISPANIC,Laila,15,28
1999,2020,FEMALE,BLACK NON HISPANIC,Jade,15,28
2000,2020,FEMALE,BLACK NON HISPANIC,Hope,15,28
2001,2020,FEMALE,BLACK NON HISPANIC,Heaven,15,28
2002,2020,FEMALE,BLACK NON HISPANIC,Elizabeth,15,28
2003,2020,FEMALE,BLACK NON HISPANIC,Dream,15,28
2004,2020,FEMALE,BLACK NON HISPANIC,Aurora,15,28
2005,2020,FEMALE,BLACK NON HISPANIC,Aria,15,28
2006,2020,FEMALE,BLACK NON HISPANIC,Alani,15,28
2007,2020,FEMALE,BLACK NON HISPANIC,Aissatou,15,28
2008,2020,FEMALE,BLACK NON HISPANIC,Peyton,14,29
2009,2020,FEMALE,BLACK NON HISPANIC,Kennedy,14,29
2010,2020,FEMALE,BLACK NON HISPANIC,Khloe,14,29
2011,2020,FEMALE,BLACK NON HISPANIC,Malia,14,29
2012,2020,FEMALE,BLACK NON HISPANIC,Journey,14,29
2013,2020,FEMALE,BLACK NON HISPANIC,Sage,14,29
2014,2020,FEMALE,BLACK NON HISPANIC,Zara,14,29
2015,2020,FEMALE,BLACK NON HISPANIC,Amirah,14,29
2016,2020,FEMALE,BLACK NON HISPANIC,Aubrey,13,30
2017,2020,FEMALE,BLACK NON HISPANIC,Ella,13,30
2018,2020,FEMALE,BLACK NON HISPANIC,Esther,13,30
2019,2020,FEMALE,BLACK NON HISPANIC,Sanai,13,30
2020,2020,FEMALE,BLACK NON HISPANIC,Aliyah,12,31
2021,2020,FEMALE,BLACK NON HISPANIC,Oumou,12,31
2022,2020,FEMALE,BLACK NON HISPANIC,Penelope,12,31
2023,2020,FEMALE,BLACK NON HISPANIC,Shiloh,12,31
2024,2020,FEMALE,BLACK NON HISPANIC,Victoria,12,31
2025,2020,FEMALE,BLACK NON HISPANIC,Zahra,12,31
2026,2020,FEMALE,BLACK NON HISPANIC,Zariah,12,31
2027,2020,FEMALE,BLACK NON HISPANIC,Milan,12,31
2028,2020,FEMALE,BLACK NON HISPANIC,Melanie,12,31
2029,2020,FEMALE,BLACK NON HISPANIC,Leilani,12,31
2030,2020,FEMALE,BLACK NON HISPANIC,Kimora,12,31
2031,2020,FEMALE,BLACK NON HISPANIC,Hannah,12,31
2032,2020,FEMALE,BLACK NON HISPANIC,Hailey,12,31
2033,2020,FEMALE,BLACK NON HISPANIC,Cali,12,31
2034,2020,FEMALE,BLACK NON HISPANIC,Awa,12,31
2035,2020,FEMALE,BLACK NON HISPANIC,Ariyah,12,31
2036,2020,FEMALE,BLACK NON HISPANIC,Amora,12,31
2037,2020,FEMALE,BLACK NON HISPANIC,Nala,12,31
2038,2020,FEMALE,BLACK NON HISPANIC,Amiyah,12,31
2039,2020,FEMALE,BLACK NON HISPANIC,Maliyah,11,32
2040,2020,FEMALE,BLACK NON HISPANIC,Mya,11,32
2041,2020,FEMALE,BLACK NON HISPANIC,Sarah,11,32
2042,2020,FEMALE,BLACK NON HISPANIC,Kenzie,11,32
2043,2020,FEMALE,BLACK NON HISPANIC,Kelsey,11,32
2044,2020,FEMALE,BLACK NON HISPANIC,Jordyn,11,32
2045,2020,FEMALE,BLACK NON HISPANIC,Egypt,11,32
2046,2020,FEMALE,BLACK NON HISPANIC,Zola,11,32
2047,2020,FEMALE,BLACK NON HISPANIC,Lauren,11,32
2048,2020,FEMALE,BLACK NON HISPANIC,Dakota,11,32
2049,2020,FEMALE,BLACK NON HISPANIC,Brianna,11,32
2050,2020,FEMALE,BLACK NON HISPANIC,Legacy,11,32
2051,2020,FEMALE,BLACK NON HISPANIC,Aniyah,11,32
2052,2020,FEMALE,BLACK NON HISPANIC,Mackenzie,11,32
2053,2020,FEMALE,BLACK NON HISPANIC,Khadijah,11,32
2054,2020,FEMALE,BLACK NON HISPANIC,Trinity,10,33
2055,2020,FEMALE,BLACK NON HISPANIC,Sariah,10,33
2056,2020,FEMALE,BLACK NON HISPANIC,Maya,10,33
2057,2020,FEMALE,BLACK NON HISPANIC,Nalani,10,33
2058,2020,FEMALE,BLACK NON HISPANIC,Aicha,10,33
2059,2020,FEMALE,BLACK NON HISPANIC,Alyssa,10,33
2060,2020,FEMALE,BLACK NON HISPANIC,Amaya,10,33
2061,2020,FEMALE,BLACK NON HISPANIC,Ariella,10,33
2062,2020,FEMALE,BLACK NON HISPANIC,Athena,10,33
2063,2020,FEMALE,BLACK NON HISPANIC,Eva,10,33
2064,2020,FEMALE,BLACK NON HISPANIC,Fatou,10,33
2065,2020,FEMALE,BLACK NON HISPANIC,Gabrielle,10,33
2066,2020,FEMALE,BLACK NON HISPANIC,Jayda,10,33
2067,2020,FEMALE,BLACK NON HISPANIC,Kamiyah,10,33
2068,2020,FEMALE,BLACK NON HISPANIC,Khadija,10,33
2069,2020,FEMALE,BLACK NON HISPANIC,Kylie,10,33
2070,2020,FEMALE,BLACK NON HISPANIC,Leila,10,33
2071,2020,FEMALE,BLACK NON HISPANIC,Violet,10,33
2072,2020,FEMALE,HISPANIC,Isabella,203,1
2073,2020,FEMALE,HISPANIC,Emma,180,2
2074,2020,FEMALE,HISPANIC,Sophia,179,3
2075,2020,FEMALE,HISPANIC,Luna,171,4
2076,2020,FEMALE,HISPANIC,Mia,161,5
2077,2020,FEMALE,HISPANIC,Camila,158,6
2078,2020,FEMALE,HISPANIC,Gianna,115,7
2079,2020,FEMALE,HISPANIC,Valentina,100,8
2080,2020,FEMALE,HISPANIC,Alaia,97,9
2081,2020,FEMALE,HISPANIC,Amelia,94,10
2082,2020,FEMALE,HISPANIC,Sofia,91,11
2083,2020,FEMALE,HISPANIC,Leah,90,12
2084,2020,FEMALE,HISPANIC,Victoria,86,13
2085,2020,FEMALE,HISPANIC,Scarlett,79,14
2086,2020,FEMALE,HISPANIC,Ava,76,15
2087,2020,FEMALE,HISPANIC,Zoe,75,16
2088,2020,FEMALE,HISPANIC,Olivia,74,17
2089,2020,FEMALE,HISPANIC,Chloe,73,18
2090,2020,FEMALE,HISPANIC,Emily,72,19
2091,2020,FEMALE,HISPANIC,Hailey,67,20
2092,2020,FEMALE,HISPANIC,Abigail,65,21
2093,2020,FEMALE,HISPANIC,Ashley,60,22
2094,2020,FEMALE,HISPANIC,Penelope,59,23
2095,2020,FEMALE,HISPANIC,Genesis,58,24
2096,2020,FEMALE,HISPANIC,Samantha,57,25
2097,2020,FEMALE,HISPANIC,Allison,57,25
2098,2020,FEMALE,HISPANIC,Charlotte,56,26
2099,2020,FEMALE,HISPANIC,Madison,56,26
2100,2020,FEMALE,HISPANIC,Amaia,53,27
2101,2020,FEMALE,HISPANIC,Ariana,53,27
2102,2020,FEMALE,HISPANIC,Amaya,47,28
2103,2020,FEMALE,HISPANIC,Valerie,46,29
2104,2020,FEMALE,HISPANIC,Kaylee,46,29
2105,2020,FEMALE,HISPANIC,Layla,45,30
2106,2020,FEMALE,HISPANIC,Sarah,45,30
2107,2020,FEMALE,HISPANIC,Kimberly,44,31
2108,2020,FEMALE,HISPANIC,Amy,44,31
2109,2020,FEMALE,HISPANIC,Mila,44,31
2110,2020,FEMALE,HISPANIC,Kylie,43,32
2111,2020,FEMALE,HISPANIC,Emilia,43,32
2112,2020,FEMALE,HISPANIC,Brianna,42,33
2113,2020,FEMALE,HISPANIC,Gabriella,42,33
2114,2020,FEMALE,HISPANIC,Leilani,42,33
2115,2020,FEMALE,HISPANIC,Aaliyah,42,33
2116,2020,FEMALE,HISPANIC,Bella,42,33
2117,2020,FEMALE,HISPANIC,Arianna,41,34
2118,2020,FEMALE,HISPANIC,Jade,39,35
2119,2020,FEMALE,HISPANIC,Riley,39,35
2120,2020,FEMALE,HISPANIC,Elena,38,36
2121,2020,FEMALE,HISPANIC,Grace,36,37
2122,2020,FEMALE,HISPANIC,Aurora,36,37
2123,2020,FEMALE,HISPANIC,Hannah,36,37
2124,2020,FEMALE,HISPANIC,Elizabeth,35,38
2125,2020,FEMALE,HISPANIC,Aria,33,39
2126,2020,FEMALE,HISPANIC,Serenity,33,39
2127,2020,FEMALE,HISPANIC,Kehlani,33,39
2128,2020,FEMALE,HISPANIC,Ella,33,39
2129,2020,FEMALE,HISPANIC,Zoey,32,40
2130,2020,FEMALE,HISPANIC,Eliana,32,40
2131,2020,FEMALE,HISPANIC,Juliette,32,40
2132,2020,FEMALE,HISPANIC,Lia,32,40
2133,2020,FEMALE,HISPANIC,Melanie,31,41
2134,2020,FEMALE,HISPANIC,Lucia,31,41
2135,2020,FEMALE,HISPANIC,Maria,31,41
2136,2020,FEMALE,HISPANIC,Natalia,31,41
2137,2020,FEMALE,HISPANIC,Gabriela,30,42
2138,2020,FEMALE,HISPANIC,Daniela,30,42
2139,2020,FEMALE,HISPANIC,Melody,30,42
2140,2020,FEMALE,HISPANIC,Nova,29,43
2141,2020,FEMALE,HISPANIC,Violet,29,43
2142,2020,FEMALE,HISPANIC,Naomi,29,43
2143,2020,FEMALE,HISPANIC,Kaylani,29,43
2144,2020,FEMALE,HISPANIC,Jayleen,29,43
2145,2020,FEMALE,HISPANIC,Maya,28,44
2146,2020,FEMALE,HISPANIC,Ayla,27,45
2147,2020,FEMALE,HISPANIC,Ellie,27,45
2148,2020,FEMALE,HISPANIC,Athena,26,46
2149,2020,FEMALE,HISPANIC,Aubrey,26,46
2150,2020,FEMALE,HISPANIC,Rose,26,46
2151,2020,FEMALE,HISPANIC,Amalia,26,46
2152,2020,FEMALE,HISPANIC,Kiara,26,46
2153,2020,FEMALE,HISPANIC,Eva,26,46
2154,2020,FEMALE,HISPANIC,Ariella,26,46
2155,2020,FEMALE,HISPANIC,Skylar,25,47
2156,2020,FEMALE,HISPANIC,Danna,25,47
2157,2020,FEMALE,HISPANIC,Catalina,25,47
2158,2020,FEMALE,HISPANIC,Andrea,25,47
2159,2020,FEMALE,HISPANIC,Ximena,25,47
2160,2020,FEMALE,HISPANIC,Alina,24,48
2161,2020,FEMALE,HISPANIC,Kamila,24,48
2162,2020,FEMALE,HISPANIC,Delilah,24,48
2163,2020,FEMALE,HISPANIC,Arya,24,48
2164,2020,FEMALE,HISPANIC,Khloe,24,48
2165,2020,FEMALE,HISPANIC,Jasmine,23,49
2166,2020,FEMALE,HISPANIC,Jazmin,23,49
2167,2020,FEMALE,HISPANIC,Savannah,23,49
2168,2020,FEMALE,HISPANIC,Celine,22,50
2169,2020,FEMALE,HISPANIC,Sarai,22,50
2170,2020,FEMALE,HISPANIC,Samara,22,50
2171,2020,FEMALE,HISPANIC,Emely,22,50
2172,2020,FEMALE,HISPANIC,Avery,22,50
2173,2020,FEMALE,HISPANIC,Alexa,22,50
2174,2020,FEMALE,HISPANIC,Alice,21,51
2175,2020,FEMALE,HISPANIC,Antonella,21,51
2176,2020,FEMALE,HISPANIC,Nicole,21,51
2177,2020,FEMALE,HISPANIC,Isabel,21,51
2178,2020,FEMALE,HISPANIC,Katherine,21,51
2179,2020,FEMALE,HISPANIC,Alia,21,51
2180,2020,FEMALE,HISPANIC,Amanda,20,52
2181,2020,FEMALE,HISPANIC,Alani,20,52
2182,2020,FEMALE,HISPANIC,Sara,20,52
2183,2020,FEMALE,HISPANIC,Leila,20,52
2184,2020,FEMALE,HISPANIC,Evelyn,20,52
2185,2020,FEMALE,HISPANIC,Diana,20,52
2186,2020,FEMALE,HISPANIC,Angela,19,53
2187,2020,FEMALE,HISPANIC,Valeria,19,53
2188,2020,FEMALE,HISPANIC,Liliana,19,53
2189,2020,FEMALE,HISPANIC,Michelle,19,53
2190,2020,FEMALE,HISPANIC,Adriana,19,53
2191,2020,FEMALE,HISPANIC,Abby,19,53
2192,2020,FEMALE,HISPANIC,Itzel,19,53
2193,2020,FEMALE,HISPANIC,Gia,19,53
2194,2020,FEMALE,HISPANIC,Denisse,19,53
2195,2020,FEMALE,HISPANIC,Natalie,19,53
2196,2020,FEMALE,HISPANIC,Kailani,18,54
2197,2020,FEMALE,HISPANIC,Alexandra,18,54
2198,2020,FEMALE,HISPANIC,Alana,18,54
2199,2020,FEMALE,HISPANIC,Aitana,18,54
2200,2020,FEMALE,HISPANIC,Maia,18,54
2201,2020,FEMALE,HISPANIC,Vanessa,17,55
2202,2020,FEMALE,HISPANIC,Ana,17,55
2203,2020,FEMALE,HISPANIC,April,17,55
2204,2020,FEMALE,HISPANIC,Aylin,17,55
2205,2020,FEMALE,HISPANIC,Esmeralda,17,55
2206,2020,FEMALE,HISPANIC,Ivy,17,55
2207,2020,FEMALE,HISPANIC,Leslie,17,55
2208,2020,FEMALE,HISPANIC,Sophie,17,55
2209,2020,FEMALE,HISPANIC,Ruby,16,56
2210,2020,FEMALE,HISPANIC,Alanna,16,56
2211,2020,FEMALE,HISPANIC,Brielle,16,56
2212,2020,FEMALE,HISPANIC,Destiny,16,56
2213,2020,FEMALE,HISPANIC,Eileen,16,56
2214,2020,FEMALE,HISPANIC,Melissa,16,56
2215,2020,FEMALE,HISPANIC,Selena,16,56
2216,2020,FEMALE,HISPANIC,Milani,15,57
2217,2020,FEMALE,HISPANIC,Alison,15,57
2218,2020,FEMALE,HISPANIC,Anna,15,57
2219,2020,FEMALE,HISPANIC,Annalise,15,57
2220,2020,FEMALE,HISPANIC,Kayla,15,57
2221,2020,FEMALE,HISPANIC,Sienna,15,57
2222,2020,FEMALE,HISPANIC,Autumn,14,58
2223,2020,FEMALE,HISPANIC,Nyla,14,58
2224,2020,FEMALE,HISPANIC,Nevaeh,14,58
2225,2020,FEMALE,HISPANIC,Lily,14,58
2226,2020,FEMALE,HISPANIC,Liana,14,58
2227,2020,FEMALE,HISPANIC,Keily,14,58
2228,2020,FEMALE,HISPANIC,Karla,14,58
2229,2020,FEMALE,HISPANIC,Juliet,14,58
2230,2020,FEMALE,HISPANIC,Juliana,14,58
2231,2020,FEMALE,HISPANIC,Julia,14,58
2232,2020,FEMALE,HISPANIC,Iris,14,58
2233,2020,FEMALE,HISPANIC,Elianna,14,58
2234,2020,FEMALE,HISPANIC,Cali,14,58
2235,2020,FEMALE,HISPANIC,Audrey,14,58
2236,2020,FEMALE,HISPANIC,Alicia,14,58
2237,2020,FEMALE,HISPANIC,Aleah,14,58
2238,2020,FEMALE,HISPANIC,Adelyn,14,58
2239,2020,FEMALE,HISPANIC,Stella,13,59
2240,2020,FEMALE,HISPANIC,Alaya,13,59
2241,2020,FEMALE,HISPANIC,Phoenix,13,59
2242,2020,FEMALE,HISPANIC,Nashla,13,59
2243,2020,FEMALE,HISPANIC,Malia,13,59
2244,2020,FEMALE,HISPANIC,Kayleen,13,59
2245,2020,FEMALE,HISPANIC,Jennifer,13,59
2246,2020,FEMALE,HISPANIC,Eliza,13,59
2247,2020,FEMALE,HISPANIC,Ayleen,13,59
2248,2020,FEMALE,HISPANIC,Bianca,12,60
2249,2020,FEMALE,HISPANIC,Nayeli,12,60
2250,2020,FEMALE,HISPANIC,Amira,12,60
2251,2020,FEMALE,HISPANIC,Melany,12,60
2252,2020,FEMALE,HISPANIC,Angelica,12,60
2253,2020,FEMALE,HISPANIC,Rosalia,12,60
2254,2020,FEMALE,HISPANIC,Leyla,12,60
2255,2020,FEMALE,HISPANIC,Harmony,12,60
2256,2020,FEMALE,HISPANIC,Madeline,12,60
2257,2020,FEMALE,HISPANIC,Everly,12,60
2258,2020,FEMALE,HISPANIC,Esther,12,60
2259,2020,FEMALE,HISPANIC,Daniella,12,60
2260,2020,FEMALE,HISPANIC,Daisy,12,60
2261,2020,FEMALE,HISPANIC,Keyla,11,61
2262,2020,FEMALE,HISPANIC,Lauren,11,61
2263,2020,FEMALE,HISPANIC,Amber,11,61
2264,2020,FEMALE,HISPANIC,Jayla,11,61
2265,2020,FEMALE,HISPANIC,Hazel,11,61
2266,2020,FEMALE,HISPANIC,Lizbeth,11,61
2267,2020,FEMALE,HISPANIC,Giselle,11,61
2268,2020,FEMALE,HISPANIC,Faith,11,61
2269,2020,FEMALE,HISPANIC,Melina,11,61
2270,2020,FEMALE,HISPANIC,Amelie,11,61
2271,2020,FEMALE,HISPANIC,Anaya,11,61
2272,2020,FEMALE,HISPANIC,Angie,11,61
2273,2020,FEMALE,HISPANIC,Denise,11,61
2274,2020,FEMALE,HISPANIC,Sherlyn,11,61
2275,2020,FEMALE,HISPANIC,Briella,11,61
2276,2020,FEMALE,HISPANIC,Charlie,11,61
2277,2020,FEMALE,HISPANIC,Celeste,11,61
2278,2020,FEMALE,HISPANIC,Zara,11,61
2279,2020,FEMALE,HISPANIC,Camille,11,61
2280,2020,FEMALE,HISPANIC,Jazlyn,11,61
2281,2020,FEMALE,HISPANIC,Alba,11,61
2282,2020,FEMALE,HISPANIC,Aliyah,11,61
2283,2020,FEMALE,HISPANIC,Alyssa,11,61
2284,2020,FEMALE,HISPANIC,Summer,10,62
2285,2020,FEMALE,HISPANIC,Mariana,10,62
2286,2020,FEMALE,HISPANIC,Madelyn,10,62
2287,2020,FEMALE,HISPANIC,London,10,62
2288,2020,FEMALE,HISPANIC,Leilany,10,62
2289,2020,FEMALE,HISPANIC,Leia,10,62
2290,2020,FEMALE,HISPANIC,Kate,10,62
2291,2020,FEMALE,HISPANIC,Joy,10,62
2292,2020,FEMALE,HISPANIC,Jaylani,10,62
2293,2020,FEMALE,HISPANIC,Ivanna,10,62
2294,2020,FEMALE,HISPANIC,Hanna,10,62
2295,2020,FEMALE,HISPANIC,Dayana,10,62
2296,2020,FEMALE,HISPANIC,Clara,10,62
2297,2020,FEMALE,HISPANIC,Chelsea,10,62
2298,2020,FEMALE,HISPANIC,Cennet,10,62
2299,2020,FEMALE,HISPANIC,Carolina,10,62
2300,2020,FEMALE,HISPANIC,Carmen,10,62
2301,2020,FEMALE,HISPANIC,Briana,10,62
2302,2020,FEMALE,HISPANIC,Amina,10,62
2303,2020,FEMALE,HISPANIC,Alma,10,62
2304,2020,FEMALE,HISPANIC,Alaiya,10,62
2305,2020,FEMALE,HISPANIC,Adelynn,10,62
2306,2020,FEMALE,HISPANIC,Adeline,10,62
2307,2020,FEMALE,HISPANIC,Rachel,10,62
2308,2020,FEMALE,HISPANIC,Mya,10,62
2309,2020,FEMALE,HISPANIC,Miranda,10,62
2310,2020,FEMALE,HISPANIC,Yaretzi,10,62
2311,2020,FEMALE,WHITE NON HISPANIC,Esther,215,1
2312,2020,FEMALE,WHITE NON HISPANIC,Leah,211,2
2313,2020,FEMALE,WHITE NON HISPANIC,Sarah,189,3
2314,2020,FEMALE,WHITE NON HISPANIC,Rachel,187,4
2315,2020,FEMALE,WHITE NON HISPANIC,Miriam,178,5
2316,2020,FEMALE,WHITE NON HISPANIC,Olivia,171,6
2317,2020,FEMALE,WHITE NON HISPANIC,Emma,166,7
2318,2020,FEMALE,WHITE NON HISPANIC,Chaya,161,8
2319,2020,FEMALE,WHITE NON HISPANIC,Sophia,146,9
2320,2020,FEMALE,WHITE NON HISPANIC,Charlotte,144,10
2321,2020,FEMALE,WHITE NON HISPANIC,Mia,135,11
2322,2020,FEMALE,WHITE NON HISPANIC,Ava,126,12
2323,2020,FEMALE,WHITE NON HISPANIC,Chana,117,13
2324,2020,FEMALE,WHITE NON HISPANIC,Rivka,116,14
2325,2020,FEMALE,WHITE NON HISPANIC,Sara,108,15
2326,2020,FEMALE,WHITE NON HISPANIC,Sofia,106,16
2327,2020,FEMALE,WHITE NON HISPANIC,Zoe,104,17
2328,2020,FEMALE,WHITE NON HISPANIC,Ella,100,18
2329,2020,FEMALE,WHITE NON HISPANIC,Elizabeth,91,19
2330,2020,FEMALE,WHITE NON HISPANIC,Faigy,89,20
2331,2020,FEMALE,WHITE NON HISPANIC,Lily,85,21
2332,2020,FEMALE,WHITE NON HISPANIC,Amelia,84,22
2333,2020,FEMALE,WHITE NON HISPANIC,Maya,83,23
2334,2020,FEMALE,WHITE NON HISPANIC,Isabella,83,23
2335,2020,FEMALE,WHITE NON HISPANIC,Emily,79,24
2336,2020,FEMALE,WHITE NON HISPANIC,Gitty,79,24
2337,2020,FEMALE,WHITE NON HISPANIC,Malky,74,25
2338,2020,FEMALE,WHITE NON HISPANIC,Hannah,71,26
2339,2020,FEMALE,WHITE NON HISPANIC,Anna,68,27
2340,2020,FEMALE,WHITE NON HISPANIC,Emilia,68,27
2341,2020,FEMALE,WHITE NON HISPANIC,Penelope,66,28
2342,2020,FEMALE,WHITE NON HISPANIC,Yitty,65,29
2343,2020,FEMALE,WHITE NON HISPANIC,Abigail,64,30
2344,2020,FEMALE,WHITE NON HISPANIC,Rose,63,31
2345,2020,FEMALE,WHITE NON HISPANIC,Malka,63,31
2346,2020,FEMALE,WHITE NON HISPANIC,Grace,62,32
2347,2020,FEMALE,WHITE NON HISPANIC,Sophie,61,33
2348,2020,FEMALE,WHITE NON HISPANIC,Mila,61,33
2349,2020,FEMALE,WHITE NON HISPANIC,Rivky,59,34
2350,2020,FEMALE,WHITE NON HISPANIC,Nora,58,35
2351,2020,FEMALE,WHITE NON HISPANIC,Eleanor,57,36
2352,2020,FEMALE,WHITE NON HISPANIC,Sienna,56,37
2353,2020,FEMALE,WHITE NON HISPANIC,Isla,56,37
2354,2020,FEMALE,WHITE NON HISPANIC,Eva,56,37
2355,2020,FEMALE,WHITE NON HISPANIC,Chloe,56,37
2356,2020,FEMALE,WHITE NON HISPANIC,Stella,54,38
2357,2020,FEMALE,WHITE NON HISPANIC,Victoria,54,38
2358,2020,FEMALE,WHITE NON HISPANIC,Alexandra,54,38
2359,2020,FEMALE,WHITE NON HISPANIC,Julia,54,38
2360,2020,FEMALE,WHITE NON HISPANIC,Sury,53,39
2361,2020,FEMALE,WHITE NON HISPANIC,Devorah,52,40
2362,2020,FEMALE,WHITE NON HISPANIC,Madison,52,40
2363,2020,FEMALE,WHITE NON HISPANIC,Gabriella,51,41
2364,2020,FEMALE,WHITE NON HISPANIC,Toby,51,41
2365,2020,FEMALE,WHITE NON HISPANIC,Evelyn,50,42
2366,2020,FEMALE,WHITE NON HISPANIC,Baila,48,43
2367,2020,FEMALE,WHITE NON HISPANIC,Riley,47,44
2368,2020,FEMALE,WHITE NON HISPANIC,Noa,47,44
2369,2020,FEMALE,WHITE NON HISPANIC,Josephine,46,45
2370,2020,FEMALE,WHITE NON HISPANIC,Avery,46,45
2371,2020,FEMALE,WHITE NON HISPANIC,Alice,46,45
2372,2020,FEMALE,WHITE NON HISPANIC,Raizy,46,45
2373,2020,FEMALE,WHITE NON HISPANIC,Violet,45,46
2374,2020,FEMALE,WHITE NON HISPANIC,Dina,44,47
2375,2020,FEMALE,WHITE NON HISPANIC,Valentina,44,47
2376,2020,FEMALE,WHITE NON HISPANIC,Chany,44,47
2377,2020,FEMALE,WHITE NON HISPANIC,Clara,44,47
2378,2020,FEMALE,WHITE NON HISPANIC,Esty,43,48
2379,2020,FEMALE,WHITE NON HISPANIC,Goldy,42,49
2380,2020,FEMALE,WHITE NON HISPANIC,Margot,42,49
2381,2020,FEMALE,WHITE NON HISPANIC,Chava,41,50
2382,2020,FEMALE,WHITE NON HISPANIC,Aria,41,50
2383,2020,FEMALE,WHITE NON HISPANIC,Lucy,41,50
2384,2020,FEMALE,WHITE NON HISPANIC,Talia,40,51
2385,2020,FEMALE,WHITE NON HISPANIC,Naomi,40,51
2386,2020,FEMALE,WHITE NON HISPANIC,Zoey,40,51
2387,2020,FEMALE,WHITE NON HISPANIC,Harper,39,52
2388,2020,FEMALE,WHITE NON HISPANIC,Blima,38,53
2389,2020,FEMALE,WHITE NON HISPANIC,Layla,38,53
2390,2020,FEMALE,WHITE NON HISPANIC,Scarlett,38,53
2391,2020,FEMALE,WHITE NON HISPANIC,Sloane,38,53
2392,2020,FEMALE,WHITE NON HISPANIC,Shaindy,38,53
2393,2020,FEMALE,WHITE NON HISPANIC,Luna,37,54
2394,2020,FEMALE,WHITE NON HISPANIC,Libby,37,54
2395,2020,FEMALE,WHITE NON HISPANIC,Madeline,37,54
2396,2020,FEMALE,WHITE NON HISPANIC,Quinn,36,55
2397,2020,FEMALE,WHITE NON HISPANIC,Ariana,36,55
2398,2020,FEMALE,WHITE NON HISPANIC,Idy,36,55
2399,2020,FEMALE,WHITE NON HISPANIC,Sadie,36,55
2400,2020,FEMALE,WHITE NON HISPANIC,Lillian,35,56
2401,2020,FEMALE,WHITE NON HISPANIC,Maria,34,57
2402,2020,FEMALE,WHITE NON HISPANIC,Gianna,34,57
2403,2020,FEMALE,WHITE NON HISPANIC,Eliana,34,57
2404,2020,FEMALE,WHITE NON HISPANIC,Ellie,33,58
2405,2020,FEMALE,WHITE NON HISPANIC,Rebecca,33,58
2406,2020,FEMALE,WHITE NON HISPANIC,Claire,33,58
2407,2020,FEMALE,WHITE NON HISPANIC,Hailey,32,59
2408,2020,FEMALE,WHITE NON HISPANIC,Natalie,32,59
2409,2020,FEMALE,WHITE NON HISPANIC,Vivienne,32,59
2410,2020,FEMALE,WHITE NON HISPANIC,Amina,32,59
2411,2020,FEMALE,WHITE NON HISPANIC,Frances,32,59
2412,2020,FEMALE,WHITE NON HISPANIC,Ruby,31,60
2413,2020,FEMALE,WHITE NON HISPANIC,Beatrice,31,60
2414,2020,FEMALE,WHITE NON HISPANIC,Eloise,31,60
2415,2020,FEMALE,WHITE NON HISPANIC,Pessy,31,60
2416,2020,FEMALE,WHITE NON HISPANIC,Maeve,30,61
2417,2020,FEMALE,WHITE NON HISPANIC,Hindy,29,62
2418,2020,FEMALE,WHITE NON HISPANIC,Isabelle,29,62
2419,2020,FEMALE,WHITE NON HISPANIC,Nechama,29,62
2420,2020,FEMALE,WHITE NON HISPANIC,Yehudis,29,62
2421,2020,FEMALE,WHITE NON HISPANIC,Yocheved,29,62
2422,2020,FEMALE,WHITE NON HISPANIC,Aurora,29,62
2423,2020,FEMALE,WHITE NON HISPANIC,Ayla,29,62
2424,2020,FEMALE,WHITE NON HISPANIC,Maryam,28,63
2425,2020,FEMALE,WHITE NON HISPANIC,Kayla,28,63
2426,2020,FEMALE,WHITE NON HISPANIC,Henny,27,64
2427,2020,FEMALE,WHITE NON HISPANIC,Adele,27,64
2428,2020,FEMALE,WHITE NON HISPANIC,Aisha,27,64
2429,2020,FEMALE,WHITE NON HISPANIC,Blimy,27,64
2430,2020,FEMALE,WHITE NON HISPANIC,Caroline,27,64
2431,2020,FEMALE,WHITE NON HISPANIC,Margaret,27,64
2432,2020,FEMALE,WHITE NON HISPANIC,Liba,26,65
2433,2020,FEMALE,WHITE NON HISPANIC,Vivian,26,65
2434,2020,FEMALE,WHITE NON HISPANIC,Fraidy,26,65
2435,2020,FEMALE,WHITE NON HISPANIC,Lola,26,65
2436,2020,FEMALE,WHITE NON HISPANIC,Ariella,25,66
2437,2020,FEMALE,WHITE NON HISPANIC,Yael,25,66
2438,2020,FEMALE,WHITE NON HISPANIC,Ruchy,25,66
2439,2020,FEMALE,WHITE NON HISPANIC,Poppy,25,66
2440,2020,FEMALE,WHITE NON HISPANIC,Nina,24,67
2441,2020,FEMALE,WHITE NON HISPANIC,Zissy,24,67
2442,2020,FEMALE,WHITE NON HISPANIC,Shevy,24,67
2443,2020,FEMALE,WHITE NON HISPANIC,Anastasia,24,67
2444,2020,FEMALE,WHITE NON HISPANIC,Bella,24,67
2445,2020,FEMALE,WHITE NON HISPANIC,Juliette,24,67
2446,2020,FEMALE,WHITE NON HISPANIC,Francesca,24,67
2447,2020,FEMALE,WHITE NON HISPANIC,Rochel,24,67
2448,2020,FEMALE,WHITE NON HISPANIC,Alessia,23,68
2449,2020,FEMALE,WHITE NON HISPANIC,Juliana,23,68
2450,2020,FEMALE,WHITE NON HISPANIC,Nicole,23,68
2451,2020,FEMALE,WHITE NON HISPANIC,Yides,23,68
2452,2020,FEMALE,WHITE NON HISPANIC,Hazel,23,68
2453,2020,FEMALE,WHITE NON HISPANIC,Esme,23,68
2454,2020,FEMALE,WHITE NON HISPANIC,Louisa,23,68
2455,2020,FEMALE,WHITE NON HISPANIC,Bracha,23,68
2456,2020,FEMALE,WHITE NON HISPANIC,Audrey,23,68
2457,2020,FEMALE,WHITE NON HISPANIC,Ruth,22,69
2458,2020,FEMALE,WHITE NON HISPANIC,Mackenzie,22,69
2459,2020,FEMALE,WHITE NON HISPANIC,Adina,22,69
2460,2020,FEMALE,WHITE NON HISPANIC,Lila,22,69
2461,2020,FEMALE,WHITE NON HISPANIC,Lucia,22,69
2462,2020,FEMALE,WHITE NON HISPANIC,Phoebe,21,70
2463,2020,FEMALE,WHITE NON HISPANIC,Etty,21,70
2464,2020,FEMALE,WHITE NON HISPANIC,Mindy,21,70
2465,2020,FEMALE,WHITE NON HISPANIC,Mary,21,70
2466,2020,FEMALE,WHITE NON HISPANIC,Gemma,21,70
2467,2020,FEMALE,WHITE NON HISPANIC,June,21,70
2468,2020,FEMALE,WHITE NON HISPANIC,Juliet,21,70
2469,2020,FEMALE,WHITE NON HISPANIC,Frimet,21,70
2470,2020,FEMALE,WHITE NON HISPANIC,Arya,21,70
2471,2020,FEMALE,WHITE NON HISPANIC,Isabel,21,70
2472,2020,FEMALE,WHITE NON HISPANIC,Shira,20,71
2473,2020,FEMALE,WHITE NON HISPANIC,Skylar,20,71
2474,2020,FEMALE,WHITE NON HISPANIC,Michelle,20,71
2475,2020,FEMALE,WHITE NON HISPANIC,Jane,20,71
2476,2020,FEMALE,WHITE NON HISPANIC,Ivy,20,71
2477,2020,FEMALE,WHITE NON HISPANIC,Eden,20,71
2478,2020,FEMALE,WHITE NON HISPANIC,Diana,20,71
2479,2020,FEMALE,WHITE NON HISPANIC,Catherine,20,71
2480,2020,FEMALE,WHITE NON HISPANIC,Leila,20,71
2481,2020,FEMALE,WHITE NON HISPANIC,Eliza,19,72
2482,2020,FEMALE,WHITE NON HISPANIC,Dylan,19,72
2483,2020,FEMALE,WHITE NON HISPANIC,Molly,19,72
2484,2020,FEMALE,WHITE NON HISPANIC,Madelyn,19,72
2485,2020,FEMALE,WHITE NON HISPANIC,Gittel,19,72
2486,2020,FEMALE,WHITE NON HISPANIC,Amira,19,72
2487,2020,FEMALE,WHITE NON HISPANIC,Colette,19,72
2488,2020,FEMALE,WHITE NON HISPANIC,Charlie,19,72
2489,2020,FEMALE,WHITE NON HISPANIC,Angelina,19,72
2490,2020,FEMALE,WHITE NON HISPANIC,Remi,19,72
2491,2020,FEMALE,WHITE NON HISPANIC,Remy,19,72
2492,2020,FEMALE,WHITE NON HISPANIC,Amalia,19,72
2493,2020,FEMALE,WHITE NON HISPANIC,Simone,19,72
2494,2020,FEMALE,WHITE NON HISPANIC,Adeline,19,72
2495,2020,FEMALE,WHITE NON HISPANIC,Fiona,19,72
2496,2020,FEMALE,WHITE NON HISPANIC,Golda,19,72
2497,2020,FEMALE,WHITE NON HISPANIC,Faiga,19,72
2498,2020,FEMALE,WHITE NON HISPANIC,Mariam,19,72
2499,2020,FEMALE,WHITE NON HISPANIC,Lara,18,73
2500,2020,FEMALE,WHITE NON HISPANIC,Tessa,18,73
2501,2020,FEMALE,WHITE NON HISPANIC,Vera,18,73
2502,2020,FEMALE,WHITE NON HISPANIC,Annabelle,18,73
2503,2020,FEMALE,WHITE NON HISPANIC,Brooke,18,73
2504,2020,FEMALE,WHITE NON HISPANIC,Chavy,18,73
2505,2020,FEMALE,WHITE NON HISPANIC,Cora,18,73
2506,2020,FEMALE,WHITE NON HISPANIC,Daniella,18,73
2507,2020,FEMALE,WHITE NON HISPANIC,Giuliana,18,73
2508,2020,FEMALE,WHITE NON HISPANIC,Hinda,18,73
2509,2020,FEMALE,WHITE NON HISPANIC,Muslima,18,73
2510,2020,FEMALE,WHITE NON HISPANIC,Liv,18,73
2511,2020,FEMALE,WHITE NON HISPANIC,Lia,18,73
2512,2020,FEMALE,WHITE NON HISPANIC,Theodora,18,73
2513,2020,FEMALE,WHITE NON HISPANIC,Suri,17,74
2514,2020,FEMALE,WHITE NON HISPANIC,Alessandra,17,74
2515,2020,FEMALE,WHITE NON HISPANIC,Adriana,17,74
2516,2020,FEMALE,WHITE NON HISPANIC,Elena,17,74
2517,2020,FEMALE,WHITE NON HISPANIC,Emmy,17,74
2518,2020,FEMALE,WHITE NON HISPANIC,Laila,17,74
2519,2020,FEMALE,WHITE NON HISPANIC,Lena,17,74
2520,2020,FEMALE,WHITE NON HISPANIC,Willa,17,74
2521,2020,FEMALE,WHITE NON HISPANIC,Raizel,17,74
2522,2020,FEMALE,WHITE NON HISPANIC,Madeleine,17,74
2523,2020,FEMALE,WHITE NON HISPANIC,Cecilia,17,74
2524,2020,FEMALE,WHITE NON HISPANIC,Batsheva,17,74
2525,2020,FEMALE,WHITE NON HISPANIC,Aya,17,74
2526,2020,FEMALE,WHITE NON HISPANIC,Devora,17,74
2527,2020,FEMALE,WHITE NON HISPANIC,Alma,17,74
2528,2020,FEMALE,WHITE NON HISPANIC,Lina,17,74
2529,2020,FEMALE,WHITE NON HISPANIC,Liana,17,74
2530,2020,FEMALE,WHITE NON HISPANIC,Brielle,16,75
2531,2020,FEMALE,WHITE NON HISPANIC,Rivkah,16,75
2532,2020,FEMALE,WHITE NON HISPANIC,Siena,16,75
2533,2020,FEMALE,WHITE NON HISPANIC,Serena,16,75
2534,2020,FEMALE,WHITE NON HISPANIC,Sasha,16,75
2535,2020,FEMALE,WHITE NON HISPANIC,Parker,16,75
2536,2020,FEMALE,WHITE NON HISPANIC,Lyla,16,75
2537,2020,FEMALE,WHITE NON HISPANIC,Milana,16,75
2538,2020,FEMALE,WHITE NON HISPANIC,Olive,16,75
2539,2020,FEMALE,WHITE NON HISPANIC,Kira,16,75
2540,2020,FEMALE,WHITE NON HISPANIC,Imona,16,75
2541,2020,FEMALE,WHITE NON HISPANIC,Hadassah,16,75
2542,2020,FEMALE,WHITE NON HISPANIC,Eve,16,75
2543,2020,FEMALE,WHITE NON HISPANIC,Elle,16,75
2544,2020,FEMALE,WHITE NON HISPANIC,Celine,16,75
2545,2020,FEMALE,WHITE NON HISPANIC,Bruchy,16,75
2546,2020,FEMALE,WHITE NON HISPANIC,Frady,15,76
2547,2020,FEMALE,WHITE NON HISPANIC,Zara,15,76
2548,2020,FEMALE,WHITE NON HISPANIC,Sydney,15,76
2549,2020,FEMALE,WHITE NON HISPANIC,Shoshana,15,76
2550,2020,FEMALE,WHITE NON HISPANIC,Samantha,15,76
2551,2020,FEMALE,WHITE NON HISPANIC,Perel,15,76
2552,2020,FEMALE,WHITE NON HISPANIC,Pearl,15,76
2553,2020,FEMALE,WHITE NON HISPANIC,Addison,15,76
2554,2020,FEMALE,WHITE NON HISPANIC,Mirel,15,76
2555,2020,FEMALE,WHITE NON HISPANIC,Millie,15,76
2556,2020,FEMALE,WHITE NON HISPANIC,Michaela,15,76
2557,2020,FEMALE,WHITE NON HISPANIC,Lea,15,76
2558,2020,FEMALE,WHITE NON HISPANIC,Julianna,15,76
2559,2020,FEMALE,WHITE NON HISPANIC,Alina,15,76
2560,2020,FEMALE,WHITE NON HISPANIC,Jade,15,76
2561,2020,FEMALE,WHITE NON HISPANIC,Sylvie,14,77
2562,2020,FEMALE,WHITE NON HISPANIC,Summer,14,77
2563,2020,FEMALE,WHITE NON HISPANIC,Maisie,14,77
2564,2020,FEMALE,WHITE NON HISPANIC,Kaia,14,77
2565,2020,FEMALE,WHITE NON HISPANIC,Gabrielle,14,77
2566,2020,FEMALE,WHITE NON HISPANIC,Maia,14,77
2567,2020,FEMALE,WHITE NON HISPANIC,Camille,14,77
2568,2020,FEMALE,WHITE NON HISPANIC,Willow,14,77
2569,2020,FEMALE,WHITE NON HISPANIC,Hadley,14,77
2570,2020,FEMALE,WHITE NON HISPANIC,Breindy,14,77
2571,2020,FEMALE,WHITE NON HISPANIC,Valerie,14,77
2572,2020,FEMALE,WHITE NON HISPANIC,Athena,14,77
2573,2020,FEMALE,WHITE NON HISPANIC,Tzippy,14,77
2574,2020,FEMALE,WHITE NON HISPANIC,Georgia,14,77
2575,2020,FEMALE,WHITE NON HISPANIC,Ahuva,14,77
2576,2020,FEMALE,WHITE NON HISPANIC,Ada,14,77
2577,2020,FEMALE,WHITE NON HISPANIC,Tzipora,14,77
2578,2020,FEMALE,WHITE NON HISPANIC,Aliya,13,78
2579,2020,FEMALE,WHITE NON HISPANIC,Agnes,13,78
2580,2020,FEMALE,WHITE NON HISPANIC,Reese,13,78
2581,2020,FEMALE,WHITE NON HISPANIC,Rosie,13,78
2582,2020,FEMALE,WHITE NON HISPANIC,Edith,13,78
2583,2020,FEMALE,WHITE NON HISPANIC,Trany,13,78
2584,2020,FEMALE,WHITE NON HISPANIC,Aurelia,13,78
2585,2020,FEMALE,WHITE NON HISPANIC,Ayala,13,78
2586,2020,FEMALE,WHITE NON HISPANIC,Taylor,13,78
2587,2020,FEMALE,WHITE NON HISPANIC,Leyla,13,78
2588,2020,FEMALE,WHITE NON HISPANIC,Perl,13,78
2589,2020,FEMALE,WHITE NON HISPANIC,Emerson,13,78
2590,2020,FEMALE,WHITE NON HISPANIC,Evangeline,13,78
2591,2020,FEMALE,WHITE NON HISPANIC,Frieda,13,78
2592,2020,FEMALE,WHITE NON HISPANIC,Michal,13,78
2593,2020,FEMALE,WHITE NON HISPANIC,Matty,13,78
2594,2020,FEMALE,WHITE NON HISPANIC,Gia,13,78
2595,2020,FEMALE,WHITE NON HISPANIC,Matilda,13,78
2596,2020,FEMALE,WHITE NON HISPANIC,Lucille,13,78
2597,2020,FEMALE,WHITE NON HISPANIC,Liliana,13,78
2598,2020,FEMALE,WHITE NON HISPANIC,Jana,13,78
2599,2020,FEMALE,WHITE NON HISPANIC,Kamila,13,78
2600,2020,FEMALE,WHITE NON HISPANIC,Hanna,13,78
2601,2020,FEMALE,WHITE NON HISPANIC,Arianna,13,78
2602,2020,FEMALE,WHITE NON HISPANIC,Allison,13,78
2603,2020,FEMALE,WHITE NON HISPANIC,Raquel,12,79
2604,2020,FEMALE,WHITE NON HISPANIC,Malak,12,79
2605,2020,FEMALE,WHITE NON HISPANIC,Safiya,12,79
2606,2020,FEMALE,WHITE NON HISPANIC,Roizy,12,79
2607,2020,FEMALE,WHITE NON HISPANIC,Perry,12,79
2608,2020,FEMALE,WHITE NON HISPANIC,Arielle,12,79
2609,2020,FEMALE,WHITE NON HISPANIC,Blake,12,79
2610,2020,FEMALE,WHITE NON HISPANIC,Elise,12,79
2611,2020,FEMALE,WHITE NON HISPANIC,Elisheva,12,79
2612,2020,FEMALE,WHITE NON HISPANIC,Juniper,12,79
2613,2020,FEMALE,WHITE NON HISPANIC,Virginia,12,79
2614,2020,FEMALE,WHITE NON HISPANIC,Savannah,11,80
2615,2020,FEMALE,WHITE NON HISPANIC,Camilla,11,80
2616,2020,FEMALE,WHITE NON HISPANIC,Celeste,11,80
2617,2020,FEMALE,WHITE NON HISPANIC,Layan,11,80
2618,2020,FEMALE,WHITE NON HISPANIC,Leora,11,80
2619,2020,FEMALE,WHITE NON HISPANIC,Daphne,11,80
2620,2020,FEMALE,WHITE NON HISPANIC,Fradel,11,80
2621,2020,FEMALE,WHITE NON HISPANIC,Livia,11,80
2622,2020,FEMALE,WHITE NON HISPANIC,Freida,11,80
2623,2020,FEMALE,WHITE NON HISPANIC,Khadija,11,80
2624,2020,FEMALE,WHITE NON HISPANIC,Allegra,11,80
2625,2020,FEMALE,WHITE NON HISPANIC,Luciana,11,80
2626,2020,FEMALE,WHITE NON HISPANIC,Yenty,11,80
2627,2020,FEMALE,WHITE NON HISPANIC,Simi,11,80
2628,2020,FEMALE,WHITE NON HISPANIC,Margaux,11,80
2629,2020,FEMALE,WHITE NON HISPANIC,Bianca,11,80
2630,2020,FEMALE,WHITE NON HISPANIC,Basya,11,80
2631,2020,FEMALE,WHITE NON HISPANIC,Shifra,11,80
2632,2020,FEMALE,WHITE NON HISPANIC,Shaindel,11,80
2633,2020,FEMALE,WHITE NON HISPANIC,Shaina,11,80
2634,2020,FEMALE,WHITE NON HISPANIC,Serafina,11,80
2635,2020,FEMALE,WHITE NON HISPANIC,Morgan,11,80
2636,2020,FEMALE,WHITE NON HISPANIC,Mushka,11,80
2637,2020,FEMALE,WHITE NON HISPANIC,Noor,11,80
2638,2020,FEMALE,WHITE NON HISPANIC,Laura,11,80
2639,2020,FEMALE,WHITE NON HISPANIC,Paige,11,80
2640,2020,FEMALE,WHITE NON HISPANIC,Rechel,11,80
2641,2020,FEMALE,WHITE NON HISPANIC,Sage,11,80
2642,2020,FEMALE,WHITE NON HISPANIC,Selena,11,80
2643,2020,FEMALE,WHITE NON HISPANIC,Jenna,10,81
2644,2020,FEMALE,WHITE NON HISPANIC,Avigail,10,81
2645,2020,FEMALE,WHITE NON HISPANIC,Aviva,10,81
2646,2020,FEMALE,WHITE NON HISPANIC,Bassy,10,81
2647,2020,FEMALE,WHITE NON HISPANIC,Bayan,10,81
2648,2020,FEMALE,WHITE NON HISPANIC,Mira,10,81
2649,2020,FEMALE,WHITE NON HISPANIC,Brianna,10,81
2650,2020,FEMALE,WHITE NON HISPANIC,Cameron,10,81
2651,2020,FEMALE,WHITE NON HISPANIC,Madina,10,81
2652,2020,FEMALE,WHITE NON HISPANIC,Lydia,10,81
2653,2020,FEMALE,WHITE NON HISPANIC,Louise,10,81
2654,2020,FEMALE,WHITE NON HISPANIC,Lilia,10,81
2655,2020,FEMALE,WHITE NON HISPANIC,Devoiry,10,81
2656,2020,FEMALE,WHITE NON HISPANIC,Farah,10,81
2657,2020,FEMALE,WHITE NON HISPANIC,Genevieve,10,81
2658,2020,FEMALE,WHITE NON HISPANIC,Goldie,10,81
2659,2020,FEMALE,WHITE NON HISPANIC,Lauren,10,81
2660,2020,FEMALE,WHITE NON HISPANIC,Zelda,10,81
2661,2020,FEMALE,WHITE NON HISPANIC,Shavy,10,81
2662,2020,FEMALE,WHITE NON HISPANIC,Sabrina,10,81
2663,2020,FEMALE,WHITE NON HISPANIC,Reem,10,81
2664,2020,FEMALE,WHITE NON HISPANIC,Aliza,10,81
2665,2020,FEMALE,WHITE NON HISPANIC,Nova,10,81
2666,2020,FEMALE,WHITE NON HISPANIC,Antonia,10,81
2667,2020,FEMALE,WHITE NON HISPANIC,Norah,10,81
2668,2020,FEMALE,WHITE NON HISPANIC,Aubrey,10,81
2669,2020,FEMALE,WHITE NON HISPANIC,Nicolette,10,81
3562,2019,FEMALE,ASIAN AND PACIFIC ISLANDER,Chloe,131,1
3563,2019,FEMALE,ASIAN AND PACIFIC ISLANDER,Olivia,109,2
3564,2019,FEMALE,ASIAN AND PACIFIC ISLANDER,Mia,88,3
3565,2019,FEMALE,ASIAN AND PACIFIC ISLANDER,Emma,71,4
3566,2019,FEMALE,ASIAN AND PACIFIC ISLANDER,Sophia,71,4
3567,2019,FEMALE,ASIAN AND PACIFIC ISLANDER,Amelia,60,5
3568,2019,FEMALE,ASIAN AND PACIFIC ISLANDER,Charlotte,57,6
3569,2019,FEMALE,ASIAN AND PACIFIC ISLANDER,Emily,53,7
3570,2019,FEMALE,ASIAN AND PACIFIC ISLANDER,Grace,48,8
3571,2019,FEMALE,ASIAN AND PACIFIC ISLANDER,Isabella,43,9
3572,2019,FEMALE,ASIAN AND PACIFIC ISLANDER,Ella,42,10
3573,2019,FEMALE,ASIAN AND PACIFIC ISLANDER,Hannah,41,11
3574,2019,FEMALE,ASIAN AND PACIFIC ISLANDER,Evelyn,41,11
3575,2019,FEMALE,ASIAN AND PACIFIC ISLANDER,Ava,41,11
3576,2019,FEMALE,ASIAN AND PACIFIC ISLANDER,Aria,40,12
3577,2019,FEMALE,ASIAN AND PACIFIC ISLANDER,Bella,40,12
3578,2019,FEMALE,ASIAN AND PACIFIC ISLANDER,Hailey,38,13
3579,2019,FEMALE,ASIAN AND PACIFIC ISLANDER,Sarah,38,13
3580,2019,FEMALE,ASIAN AND PACIFIC ISLANDER,Arya,37,14
3581,2019,FEMALE,ASIAN AND PACIFIC ISLANDER,Claire,35,15
3582,2019,FEMALE,ASIAN AND PACIFIC ISLANDER,Fatima,34,16
3583,2019,FEMALE,ASIAN AND PACIFIC ISLANDER,Ellie,34,16
3584,2019,FEMALE,ASIAN AND PACIFIC ISLANDER,Maryam,33,17
3585,2019,FEMALE,ASIAN AND PACIFIC ISLANDER,Kayla,33,17
3586,2019,FEMALE,ASIAN AND PACIFIC ISLANDER,Zoe,33,17
3587,2019,FEMALE,ASIAN AND PACIFIC ISLANDER,Audrey,30,18
3588,2019,FEMALE,ASIAN AND PACIFIC ISLANDER,Anna,29,19
3589,2019,FEMALE,ASIAN AND PACIFIC ISLANDER,Avery,29,19
3590,2019,FEMALE,ASIAN AND PACIFIC ISLANDER,Abigail,29,19
3591,2019,FEMALE,ASIAN AND PACIFIC ISLANDER,Maya,26,20
3592,2019,FEMALE,ASIAN AND PACIFIC ISLANDER,Alyssa,26,20
3593,2019,FEMALE,ASIAN AND PACIFIC ISLANDER,Celine,24,21
3594,2019,FEMALE,ASIAN AND PACIFIC ISLANDER,Jasmine,24,21
3595,2019,FEMALE,ASIAN AND PACIFIC ISLANDER,Zoey,24,21
3596,2019,FEMALE,ASIAN AND PACIFIC ISLANDER,Inaaya,24,21
3597,2019,FEMALE,ASIAN AND PACIFIC ISLANDER,Sofia,24,21
3598,2019,FEMALE,ASIAN AND PACIFIC ISLANDER,Emilia,24,21
3599,2019,FEMALE,ASIAN AND PACIFIC ISLANDER,Alice,24,21
3600,2019,FEMALE,ASIAN AND PACIFIC ISLANDER,Riley,24,21
3601,2019,FEMALE,ASIAN AND PACIFIC ISLANDER,Tenzin,24,21
3602,2019,FEMALE,ASIAN AND PACIFIC ISLANDER,Joanna,23,22
3603,2019,FEMALE,ASIAN AND PACIFIC ISLANDER,Fiona,23,22
3604,2019,FEMALE,ASIAN AND PACIFIC ISLANDER,Alina,23,22
3605,2019,FEMALE,ASIAN AND PACIFIC ISLANDER,Zainab,22,23
3606,2019,FEMALE,ASIAN AND PACIFIC ISLANDER,Annie,22,23
3607,2019,FEMALE,ASIAN AND PACIFIC ISLANDER,Sophie,22,23
3608,2019,FEMALE,ASIAN AND PACIFIC ISLANDER,Ayesha,22,23
3609,2019,FEMALE,ASIAN AND PACIFIC ISLANDER,Eva,22,23
3610,2019,FEMALE,ASIAN AND PACIFIC ISLANDER,Luna,22,23
3611,2019,FEMALE,ASIAN AND PACIFIC ISLANDER,Leah,22,23
3612,2019,FEMALE,ASIAN AND PACIFIC ISLANDER,Anaya,22,23
3613,2019,FEMALE,ASIAN AND PACIFIC ISLANDER,Mila,21,24
3614,2019,FEMALE,ASIAN AND PACIFIC ISLANDER,Elena,21,24
3615,2019,FEMALE,ASIAN AND PACIFIC ISLANDER,Amaya,21,24
3616,2019,FEMALE,ASIAN AND PACIFIC ISLANDER,Angela,21,24
3617,2019,FEMALE,ASIAN AND PACIFIC ISLANDER,Inaya,20,25
3618,2019,FEMALE,ASIAN AND PACIFIC ISLANDER,Anabia,20,25
3619,2019,FEMALE,ASIAN AND PACIFIC ISLANDER,Ariana,19,26
3620,2019,FEMALE,ASIAN AND PACIFIC ISLANDER,Zara,19,26
3621,2019,FEMALE,ASIAN AND PACIFIC ISLANDER,Penelope,19,26
3622,2019,FEMALE,ASIAN AND PACIFIC ISLANDER,Manha,19,26
3623,2019,FEMALE,ASIAN AND PACIFIC ISLANDER,Nina,18,27
3624,2019,FEMALE,ASIAN AND PACIFIC ISLANDER,Katherine,18,27
3625,2019,FEMALE,ASIAN AND PACIFIC ISLANDER,Zahra,17,28
3626,2019,FEMALE,ASIAN AND PACIFIC ISLANDER,Scarlett,17,28
3627,2019,FEMALE,ASIAN AND PACIFIC ISLANDER,Jannatul,17,28
3628,2019,FEMALE,ASIAN AND PACIFIC ISLANDER,Eleanor,17,28
3629,2019,FEMALE,ASIAN AND PACIFIC ISLANDER,Aliza,17,28
3630,2019,FEMALE,ASIAN AND PACIFIC ISLANDER,Aiza,17,28
3631,2019,FEMALE,ASIAN AND PACIFIC ISLANDER,Eliana,17,28
3632,2019,FEMALE,ASIAN AND PACIFIC ISLANDER,Phoebe,17,28
3633,2019,FEMALE,ASIAN AND PACIFIC ISLANDER,Natalie,17,28
3634,2019,FEMALE,ASIAN AND PACIFIC ISLANDER,Layla,17,28
3635,2019,FEMALE,ASIAN AND PACIFIC ISLANDER,Kylie,17,28
3636,2019,FEMALE,ASIAN AND PACIFIC ISLANDER,Harper,17,28
3637,2019,FEMALE,ASIAN AND PACIFIC ISLANDER,Irene,17,28
3638,2019,FEMALE,ASIAN AND PACIFIC ISLANDER,Jessica,16,29
3639,2019,FEMALE,ASIAN AND PACIFIC ISLANDER,Cynthia,16,29
3640,2019,FEMALE,ASIAN AND PACIFIC ISLANDER,Madeline,16,29
3641,2019,FEMALE,ASIAN AND PACIFIC ISLANDER,Sara,16,29
3642,2019,FEMALE,ASIAN AND PACIFIC ISLANDER,Ariel,16,29
3643,2019,FEMALE,ASIAN AND PACIFIC ISLANDER,Ashley,16,29
3644,2019,FEMALE,ASIAN AND PACIFIC ISLANDER,Ayat,16,29
3645,2019,FEMALE,ASIAN AND PACIFIC ISLANDER,Vivian,16,29
3646,2019,FEMALE,ASIAN AND PACIFIC ISLANDER,Jocelyn,16,29
3647,2019,FEMALE,ASIAN AND PACIFIC ISLANDER,Rachel,15,30
3648,2019,FEMALE,ASIAN AND PACIFIC ISLANDER,Angelina,15,30
3649,2019,FEMALE,ASIAN AND PACIFIC ISLANDER,Melody,15,30
3650,2019,FEMALE,ASIAN AND PACIFIC ISLANDER,Catherine,15,30
3651,2019,FEMALE,ASIAN AND PACIFIC ISLANDER,Khadija,15,30
3652,2019,FEMALE,ASIAN AND PACIFIC ISLANDER,Madison,15,30
3653,2019,FEMALE,ASIAN AND PACIFIC ISLANDER,Stella,15,30
3654,2019,FEMALE,ASIAN AND PACIFIC ISLANDER,Amy,15,30
3655,2019,FEMALE,ASIAN AND PACIFIC ISLANDER,Nora,14,31
3656,2019,FEMALE,ASIAN AND PACIFIC ISLANDER,Julia,14,31
3657,2019,FEMALE,ASIAN AND PACIFIC ISLANDER,Abby,14,31
3658,2019,FEMALE,ASIAN AND PACIFIC ISLANDER,Michelle,13,32
3659,2019,FEMALE,ASIAN AND PACIFIC ISLANDER,Athena,13,32
3660,2019,FEMALE,ASIAN AND PACIFIC ISLANDER,Kaylee,13,32
3661,2019,FEMALE,ASIAN AND PACIFIC ISLANDER,Aleena,13,32
3662,2019,FEMALE,ASIAN AND PACIFIC ISLANDER,Ivy,13,32
3663,2019,FEMALE,ASIAN AND PACIFIC ISLANDER,Elizabeth,13,32
3664,2019,FEMALE,ASIAN AND PACIFIC ISLANDER,Ada,13,32
3665,2019,FEMALE,ASIAN AND PACIFIC ISLANDER,Naomi,13,32
3666,2019,FEMALE,ASIAN AND PACIFIC ISLANDER,Elise,13,32
3667,2019,FEMALE,ASIAN AND PACIFIC ISLANDER,Aurora,13,32
3668,2019,FEMALE,ASIAN AND PACIFIC ISLANDER,Allison,13,32
3669,2019,FEMALE,ASIAN AND PACIFIC ISLANDER,Ariella,13,32
3670,2019,FEMALE,ASIAN AND PACIFIC ISLANDER,Isla,12,33
3671,2019,FEMALE,ASIAN AND PACIFIC ISLANDER,Zoya,12,33
3672,2019,FEMALE,ASIAN AND PACIFIC ISLANDER,Ophelia,12,33
3673,2019,FEMALE,ASIAN AND PACIFIC ISLANDER,Mariam,12,33
3674,2019,FEMALE,ASIAN AND PACIFIC ISLANDER,Lily,12,33
3675,2019,FEMALE,ASIAN AND PACIFIC ISLANDER,Kiara,12,33
3676,2019,FEMALE,ASIAN AND PACIFIC ISLANDER,Karen,12,33
3677,2019,FEMALE,ASIAN AND PACIFIC ISLANDER,Joy,12,33
3678,2019,FEMALE,ASIAN AND PACIFIC ISLANDER,Iris,12,33
3679,2019,FEMALE,ASIAN AND PACIFIC ISLANDER,Erin,12,33
3680,2019,FEMALE,ASIAN AND PACIFIC ISLANDER,Daisy,12,33
3681,2019,FEMALE,ASIAN AND PACIFIC ISLANDER,Cecilia,12,33
3682,2019,FEMALE,ASIAN AND PACIFIC ISLANDER,Alexandra,12,33
3683,2019,FEMALE,ASIAN AND PACIFIC ISLANDER,Alisha,11,34
3684,2019,FEMALE,ASIAN AND PACIFIC ISLANDER,Violet,11,34
3685,2013,FEMALE,HISPANIC,Aaliyah,56,33
3686,2019,FEMALE,ASIAN AND PACIFIC ISLANDER,Elina,11,34
3687,2019,FEMALE,ASIAN AND PACIFIC ISLANDER,Stephanie,11,34
3688,2019,FEMALE,ASIAN AND PACIFIC ISLANDER,Skylar,11,34
3689,2019,FEMALE,ASIAN AND PACIFIC ISLANDER,Kira,11,34
3690,2019,FEMALE,ASIAN AND PACIFIC ISLANDER,Ruby,11,34
3691,2019,FEMALE,ASIAN AND PACIFIC ISLANDER,Rhea,11,34
3692,2019,FEMALE,ASIAN AND PACIFIC ISLANDER,Angie,11,34
3693,2019,FEMALE,ASIAN AND PACIFIC ISLANDER,Norah,11,34
3694,2019,FEMALE,ASIAN AND PACIFIC ISLANDER,Kelly,11,34
3695,2019,FEMALE,ASIAN AND PACIFIC ISLANDER,Miya,11,34
3696,2019,FEMALE,ASIAN AND PACIFIC ISLANDER,Aaliyah,11,34
3697,2019,FEMALE,ASIAN AND PACIFIC ISLANDER,Esther,11,34
3698,2019,FEMALE,ASIAN AND PACIFIC ISLANDER,Helen,10,35
3699,2019,FEMALE,ASIAN AND PACIFIC ISLANDER,Hoorain,10,35
3700,2019,FEMALE,ASIAN AND PACIFIC ISLANDER,Dua,10,35
3701,2019,FEMALE,ASIAN AND PACIFIC ISLANDER,Aisha,10,35
3702,2019,FEMALE,ASIAN AND PACIFIC ISLANDER,Vicky,10,35
3703,2019,FEMALE,ASIAN AND PACIFIC ISLANDER,Nicole,10,35
3704,2019,FEMALE,ASIAN AND PACIFIC ISLANDER,Madeleine,10,35
3705,2019,FEMALE,ASIAN AND PACIFIC ISLANDER,Josephine,10,35
3706,2019,FEMALE,ASIAN AND PACIFIC ISLANDER,Serena,10,35
3707,2019,FEMALE,ASIAN AND PACIFIC ISLANDER,Janice,10,35
3708,2019,FEMALE,ASIAN AND PACIFIC ISLANDER,Selina,10,35
3709,2019,FEMALE,ASIAN AND PACIFIC ISLANDER,Lena,10,35
3710,2019,FEMALE,ASIAN AND PACIFIC ISLANDER,Lydia,10,35
3711,2019,FEMALE,ASIAN AND PACIFIC ISLANDER,Vanessa,10,35
3712,2019,FEMALE,ASIAN AND PACIFIC ISLANDER,Jannat,10,35
3713,2019,FEMALE,ASIAN AND PACIFIC ISLANDER,Alayna,10,35
3714,2019,FEMALE,ASIAN AND PACIFIC ISLANDER,Aliya,10,35
3715,2019,FEMALE,ASIAN AND PACIFIC ISLANDER,Nabiha,10,35
3716,2019,FEMALE,ASIAN AND PACIFIC ISLANDER,Amara,10,35
3717,2019,FEMALE,ASIAN AND PACIFIC ISLANDER,Muntaha,10,35
3718,2019,FEMALE,ASIAN AND PACIFIC ISLANDER,Hazel,10,35
3719,2019,FEMALE,ASIAN AND PACIFIC ISLANDER,Ayra,10,35
3720,2019,FEMALE,BLACK NON HISPANIC,Ava,100,1
3721,2019,FEMALE,BLACK NON HISPANIC,Madison,59,2
3722,2019,FEMALE,BLACK NON HISPANIC,Skylar,50,3
3723,2019,FEMALE,BLACK NON HISPANIC,Riley,47,4
3724,2019,FEMALE,BLACK NON HISPANIC,Amelia,41,5
3725,2019,FEMALE,BLACK NON HISPANIC,Olivia,40,6
3726,2019,FEMALE,BLACK NON HISPANIC,Zuri,39,7
3727,2019,FEMALE,BLACK NON HISPANIC,Isabella,38,8
3728,2019,FEMALE,BLACK NON HISPANIC,Fatoumata,35,9
3729,2019,FEMALE,BLACK NON HISPANIC,Serenity,35,9
3730,2019,FEMALE,BLACK NON HISPANIC,Zoey,35,9
3731,2019,FEMALE,BLACK NON HISPANIC,Chloe,34,10
3732,2019,FEMALE,BLACK NON HISPANIC,Fatima,33,11
3733,2019,FEMALE,BLACK NON HISPANIC,Aria,33,11
3734,2019,FEMALE,BLACK NON HISPANIC,Leah,32,12
3735,2019,FEMALE,BLACK NON HISPANIC,Melody,31,13
3736,2019,FEMALE,BLACK NON HISPANIC,Nova,30,14
3737,2019,FEMALE,BLACK NON HISPANIC,Mariam,30,14
3738,2019,FEMALE,BLACK NON HISPANIC,Amina,30,14
3739,2019,FEMALE,BLACK NON HISPANIC,Aaliyah,29,15
3740,2019,FEMALE,BLACK NON HISPANIC,Mia,29,15
3741,2019,FEMALE,BLACK NON HISPANIC,Layla,29,15
3742,2019,FEMALE,BLACK NON HISPANIC,Brielle,29,15
3743,2019,FEMALE,BLACK NON HISPANIC,Grace,28,16
3744,2019,FEMALE,BLACK NON HISPANIC,Nyla,27,17
3745,2019,FEMALE,BLACK NON HISPANIC,Sophia,27,17
3746,2019,FEMALE,BLACK NON HISPANIC,Aisha,26,18
3747,2019,FEMALE,BLACK NON HISPANIC,Kylie,25,19
3748,2019,FEMALE,BLACK NON HISPANIC,Wynter,25,19
3749,2019,FEMALE,BLACK NON HISPANIC,Miracle,25,19
3750,2019,FEMALE,BLACK NON HISPANIC,Kehlani,24,20
3751,2019,FEMALE,BLACK NON HISPANIC,Reign,24,20
3752,2019,FEMALE,BLACK NON HISPANIC,Kayla,24,20
3753,2019,FEMALE,BLACK NON HISPANIC,Autumn,24,20
3754,2019,FEMALE,BLACK NON HISPANIC,Savannah,24,20
3755,2019,FEMALE,BLACK NON HISPANIC,Leilani,23,21
3756,2019,FEMALE,BLACK NON HISPANIC,Harmony,23,21
3757,2019,FEMALE,BLACK NON HISPANIC,Zoe,23,21
3758,2019,FEMALE,BLACK NON HISPANIC,Aminata,23,21
3759,2019,FEMALE,BLACK NON HISPANIC,Abigail,23,21
3760,2019,FEMALE,BLACK NON HISPANIC,Amira,23,21
3761,2019,FEMALE,BLACK NON HISPANIC,Naomi,23,21
3762,2019,FEMALE,BLACK NON HISPANIC,Phoenix,22,22
3763,2019,FEMALE,BLACK NON HISPANIC,Bella,22,22
3764,2019,FEMALE,BLACK NON HISPANIC,Gianna,22,22
3765,2019,FEMALE,BLACK NON HISPANIC,Nevaeh,22,22
3766,2019,FEMALE,BLACK NON HISPANIC,Taylor,22,22
3767,2019,FEMALE,BLACK NON HISPANIC,Ariah,22,22
3768,2019,FEMALE,BLACK NON HISPANIC,Genesis,21,23
3769,2019,FEMALE,BLACK NON HISPANIC,London,20,24
3770,2019,FEMALE,BLACK NON HISPANIC,Amiyah,20,24
3771,2019,FEMALE,BLACK NON HISPANIC,Emma,20,24
3772,2019,FEMALE,BLACK NON HISPANIC,Faith,20,24
3773,2019,FEMALE,BLACK NON HISPANIC,Jade,20,24
3774,2019,FEMALE,BLACK NON HISPANIC,Journee,20,24
3775,2019,FEMALE,BLACK NON HISPANIC,Makayla,20,24
3776,2019,FEMALE,BLACK NON HISPANIC,Mya,20,24
3777,2019,FEMALE,BLACK NON HISPANIC,Rylee,20,24
3778,2019,FEMALE,BLACK NON HISPANIC,Kennedy,19,25
3779,2019,FEMALE,BLACK NON HISPANIC,Kali,19,25
3780,2019,FEMALE,BLACK NON HISPANIC,Malia,19,25
3781,2019,FEMALE,BLACK NON HISPANIC,Jayla,19,25
3782,2019,FEMALE,BLACK NON HISPANIC,Gabriella,19,25
3783,2019,FEMALE,BLACK NON HISPANIC,Nylah,19,25
3784,2019,FEMALE,BLACK NON HISPANIC,Summer,19,25
3785,2019,FEMALE,BLACK NON HISPANIC,Victoria,19,25
3786,2019,FEMALE,BLACK NON HISPANIC,Hannah,18,26
3787,2019,FEMALE,BLACK NON HISPANIC,Jordyn,18,26
3788,2019,FEMALE,BLACK NON HISPANIC,Paige,18,26
3789,2019,FEMALE,BLACK NON HISPANIC,Maliyah,18,26
3790,2019,FEMALE,BLACK NON HISPANIC,Peyton,18,26
3791,2019,FEMALE,BLACK NON HISPANIC,Gabrielle,18,26
3792,2019,FEMALE,BLACK NON HISPANIC,Arielle,18,26
3793,2019,FEMALE,BLACK NON HISPANIC,Ariana,18,26
3794,2019,FEMALE,BLACK NON HISPANIC,Alani,17,27
3795,2019,FEMALE,BLACK NON HISPANIC,Amaya,17,27
3796,2019,FEMALE,BLACK NON HISPANIC,Khloe,17,27
3797,2019,FEMALE,BLACK NON HISPANIC,Destiny,17,27
3798,2019,FEMALE,BLACK NON HISPANIC,Paris,17,27
3799,2019,FEMALE,BLACK NON HISPANIC,Sienna,17,27
3800,2019,FEMALE,BLACK NON HISPANIC,Sarai,17,27
3801,2019,FEMALE,BLACK NON HISPANIC,Arya,17,27
3802,2019,FEMALE,BLACK NON HISPANIC,Kaylee,16,28
3803,2019,FEMALE,BLACK NON HISPANIC,Imani,16,28
3804,2019,FEMALE,BLACK NON HISPANIC,Ella,16,28
3805,2019,FEMALE,BLACK NON HISPANIC,Avery,16,28
3806,2019,FEMALE,BLACK NON HISPANIC,Dream,16,28
3807,2019,FEMALE,BLACK NON HISPANIC,Ariel,16,28
3808,2019,FEMALE,BLACK NON HISPANIC,Lyric,16,28
3809,2019,FEMALE,BLACK NON HISPANIC,Mariama,15,29
3810,2019,FEMALE,BLACK NON HISPANIC,Aubrey,15,29
3811,2019,FEMALE,BLACK NON HISPANIC,Khadijah,15,29
3812,2019,FEMALE,BLACK NON HISPANIC,Amora,15,29
3813,2019,FEMALE,BLACK NON HISPANIC,Kimora,15,29
3814,2019,FEMALE,BLACK NON HISPANIC,Maya,15,29
3815,2019,FEMALE,BLACK NON HISPANIC,Amara,15,29
3816,2019,FEMALE,BLACK NON HISPANIC,Sarah,15,29
3817,2019,FEMALE,BLACK NON HISPANIC,Aicha,15,29
3818,2019,FEMALE,BLACK NON HISPANIC,Leila,15,29
3819,2019,FEMALE,BLACK NON HISPANIC,Milan,15,29
3820,2019,FEMALE,BLACK NON HISPANIC,Royalty,15,29
3821,2019,FEMALE,BLACK NON HISPANIC,Ryan,15,29
3822,2019,FEMALE,BLACK NON HISPANIC,Mackenzie,15,29
3823,2019,FEMALE,BLACK NON HISPANIC,Dior,15,29
3824,2019,FEMALE,BLACK NON HISPANIC,Winter,14,30
3825,2019,FEMALE,BLACK NON HISPANIC,Milani,14,30
3826,2019,FEMALE,BLACK NON HISPANIC,Sage,14,30
3827,2019,FEMALE,BLACK NON HISPANIC,Shiloh,14,30
3828,2019,FEMALE,BLACK NON HISPANIC,Aliyah,14,30
3829,2019,FEMALE,BLACK NON HISPANIC,Bintou,14,30
3830,2019,FEMALE,BLACK NON HISPANIC,Isabelle,14,30
3831,2019,FEMALE,BLACK NON HISPANIC,Journey,14,30
3832,2019,FEMALE,BLACK NON HISPANIC,Laila,14,30
3833,2019,FEMALE,BLACK NON HISPANIC,Melanie,14,30
3834,2019,FEMALE,BLACK NON HISPANIC,Michelle,14,30
3835,2019,FEMALE,BLACK NON HISPANIC,Alexis,13,31
3836,2019,FEMALE,BLACK NON HISPANIC,Zainab,13,31
3837,2019,FEMALE,BLACK NON HISPANIC,Trinity,13,31
3838,2019,FEMALE,BLACK NON HISPANIC,Jasmine,13,31
3839,2019,FEMALE,BLACK NON HISPANIC,Jaliyah,13,31
3840,2019,FEMALE,BLACK NON HISPANIC,Hope,13,31
3841,2019,FEMALE,BLACK NON HISPANIC,Hailey,13,31
3842,2019,FEMALE,BLACK NON HISPANIC,Emily,13,31
3843,2019,FEMALE,BLACK NON HISPANIC,Amirah,13,31
3844,2019,FEMALE,BLACK NON HISPANIC,Arianna,12,32
3845,2019,FEMALE,BLACK NON HISPANIC,Kori,12,32
3846,2019,FEMALE,BLACK NON HISPANIC,Luna,12,32
3847,2019,FEMALE,BLACK NON HISPANIC,Londyn,12,32
3848,2019,FEMALE,BLACK NON HISPANIC,Anaya,12,32
3849,2019,FEMALE,BLACK NON HISPANIC,Maryam,12,32
3850,2019,FEMALE,BLACK NON HISPANIC,Nia,12,32
3851,2019,FEMALE,BLACK NON HISPANIC,Skylah,12,32
3852,2019,FEMALE,BLACK NON HISPANIC,Jewel,12,32
3853,2019,FEMALE,BLACK NON HISPANIC,Eva,12,32
3854,2019,FEMALE,BLACK NON HISPANIC,Elizabeth,12,32
3855,2019,FEMALE,BLACK NON HISPANIC,Cali,12,32
3856,2019,FEMALE,BLACK NON HISPANIC,Jada,11,33
3857,2019,FEMALE,BLACK NON HISPANIC,Kalani,11,33
3858,2019,FEMALE,BLACK NON HISPANIC,Lauren,11,33
3859,2019,FEMALE,BLACK NON HISPANIC,Mckenzie,11,33
3860,2019,FEMALE,BLACK NON HISPANIC,Morgan,11,33
3861,2019,FEMALE,BLACK NON HISPANIC,Sapphire,11,33
3862,2019,FEMALE,BLACK NON HISPANIC,Tori,11,33
3863,2019,FEMALE,BLACK NON HISPANIC,Zara,11,33
3864,2019,FEMALE,BLACK NON HISPANIC,Zora,11,33
3865,2019,FEMALE,BLACK NON HISPANIC,Amayah,11,33
3866,2019,FEMALE,BLACK NON HISPANIC,Aniyah,11,33
3867,2019,FEMALE,BLACK NON HISPANIC,Aurora,11,33
3868,2019,FEMALE,BLACK NON HISPANIC,Brianna,11,33
3869,2019,FEMALE,BLACK NON HISPANIC,Chelsea,11,33
3870,2019,FEMALE,BLACK NON HISPANIC,Egypt,11,33
3871,2019,FEMALE,BLACK NON HISPANIC,Eliana,11,33
3872,2019,FEMALE,BLACK NON HISPANIC,Janiyah,11,33
3873,2019,FEMALE,BLACK NON HISPANIC,Kenzie,10,34
3874,2019,FEMALE,BLACK NON HISPANIC,Amani,10,34
3875,2019,FEMALE,BLACK NON HISPANIC,Ariyah,10,34
3876,2019,FEMALE,BLACK NON HISPANIC,Khaleesi,10,34
3877,2019,FEMALE,BLACK NON HISPANIC,Eden,10,34
3878,2019,FEMALE,BLACK NON HISPANIC,Gia,10,34
3879,2019,FEMALE,BLACK NON HISPANIC,Nailah,10,34
3880,2019,FEMALE,BLACK NON HISPANIC,Kamiyah,10,34
3881,2019,FEMALE,BLACK NON HISPANIC,Nala,10,34
3882,2019,FEMALE,BLACK NON HISPANIC,Oumou,10,34
3883,2019,FEMALE,BLACK NON HISPANIC,Royal,10,34
3884,2019,FEMALE,BLACK NON HISPANIC,Sanai,10,34
3885,2019,FEMALE,BLACK NON HISPANIC,Sariyah,10,34
3886,2019,FEMALE,BLACK NON HISPANIC,Sevyn,10,34
3887,2019,FEMALE,BLACK NON HISPANIC,Khadija,10,34
3888,2019,FEMALE,BLACK NON HISPANIC,Zhuri,10,34
3889,2019,FEMALE,BLACK NON HISPANIC,Hawa,10,34
3890,2019,FEMALE,BLACK NON HISPANIC,Zariah,10,34
3891,2019,FEMALE,BLACK NON HISPANIC,Lauryn,10,34
3892,2019,FEMALE,HISPANIC,Isabella,231,1
3893,2019,FEMALE,HISPANIC,Emma,213,2
3894,2019,FEMALE,HISPANIC,Sophia,193,3
3895,2019,FEMALE,HISPANIC,Mia,184,4
3896,2019,FEMALE,HISPANIC,Camila,162,5
3897,2019,FEMALE,HISPANIC,Luna,154,6
3898,2019,FEMALE,HISPANIC,Valentina,123,7
3899,2019,FEMALE,HISPANIC,Sofia,115,8
3900,2019,FEMALE,HISPANIC,Victoria,104,9
3901,2019,FEMALE,HISPANIC,Ava,101,10
3902,2019,FEMALE,HISPANIC,Olivia,101,10
3903,2019,FEMALE,HISPANIC,Amelia,99,11
3904,2019,FEMALE,HISPANIC,Alaia,94,12
3905,2019,FEMALE,HISPANIC,Leah,94,12
3906,2019,FEMALE,HISPANIC,Zoe,91,13
3907,2019,FEMALE,HISPANIC,Genesis,88,14
3908,2019,FEMALE,HISPANIC,Abigail,86,15
3909,2019,FEMALE,HISPANIC,Scarlett,85,16
3910,2019,FEMALE,HISPANIC,Emily,81,17
3911,2019,FEMALE,HISPANIC,Ashley,76,18
3912,2019,FEMALE,HISPANIC,Ariana,74,19
3913,2019,FEMALE,HISPANIC,Penelope,73,20
3914,2019,FEMALE,HISPANIC,Samantha,71,21
3915,2019,FEMALE,HISPANIC,Charlotte,68,22
3916,2019,FEMALE,HISPANIC,Hailey,66,23
3917,2019,FEMALE,HISPANIC,Mila,66,23
3918,2019,FEMALE,HISPANIC,Chloe,61,24
3919,2019,FEMALE,HISPANIC,Elizabeth,60,25
3920,2019,FEMALE,HISPANIC,Melanie,55,26
3921,2019,FEMALE,HISPANIC,Madison,54,27
3922,2019,FEMALE,HISPANIC,Allison,54,27
3923,2019,FEMALE,HISPANIC,Gianna,53,28
3924,2019,FEMALE,HISPANIC,Elena,52,29
3925,2019,FEMALE,HISPANIC,Bella,52,29
3926,2019,FEMALE,HISPANIC,Amaya,50,30
3927,2019,FEMALE,HISPANIC,Amy,50,30
3928,2019,FEMALE,HISPANIC,Kaylee,49,31
3929,2019,FEMALE,HISPANIC,Grace,48,32
3930,2019,FEMALE,HISPANIC,Valerie,47,33
3931,2019,FEMALE,HISPANIC,Gabriella,45,34
3932,2019,FEMALE,HISPANIC,Alexa,45,34
3933,2019,FEMALE,HISPANIC,Emilia,45,34
3934,2019,FEMALE,HISPANIC,Eliana,44,35
3935,2019,FEMALE,HISPANIC,Arya,43,36
3936,2019,FEMALE,HISPANIC,Brianna,43,36
3937,2019,FEMALE,HISPANIC,Daniela,43,36
3938,2019,FEMALE,HISPANIC,Riley,42,37
3939,2019,FEMALE,HISPANIC,Kimberly,42,37
3940,2019,FEMALE,HISPANIC,Maya,40,38
3941,2019,FEMALE,HISPANIC,Valeria,40,38
3942,2019,FEMALE,HISPANIC,Sarah,39,39
3943,2019,FEMALE,HISPANIC,Arianna,39,39
3944,2019,FEMALE,HISPANIC,Jade,39,39
3945,2019,FEMALE,HISPANIC,Kylie,38,40
3946,2019,FEMALE,HISPANIC,Ana,37,41
3947,2019,FEMALE,HISPANIC,Layla,37,41
3948,2019,FEMALE,HISPANIC,Aria,36,42
3949,2019,FEMALE,HISPANIC,Amaia,36,42
3950,2019,FEMALE,HISPANIC,Emely,36,42
3951,2019,FEMALE,HISPANIC,Leilani,35,43
3952,2019,FEMALE,HISPANIC,Aaliyah,35,43
3953,2019,FEMALE,HISPANIC,Amalia,35,43
3954,2019,FEMALE,HISPANIC,Natalie,35,43
3955,2019,FEMALE,HISPANIC,Zoey,33,44
3956,2019,FEMALE,HISPANIC,Andrea,33,44
3957,2019,FEMALE,HISPANIC,Eva,33,44
3958,2019,FEMALE,HISPANIC,Evelyn,33,44
3959,2019,FEMALE,HISPANIC,Hannah,33,44
3960,2019,FEMALE,HISPANIC,Jayleen,32,45
3961,2019,FEMALE,HISPANIC,Samara,31,46
3962,2019,FEMALE,HISPANIC,Lia,31,46
3963,2019,FEMALE,HISPANIC,Alison,30,47
3964,2019,FEMALE,HISPANIC,Juliet,30,47
3965,2019,FEMALE,HISPANIC,Kayla,29,48
3966,2019,FEMALE,HISPANIC,Khloe,29,48
3967,2019,FEMALE,HISPANIC,Maria,29,48
3968,2019,FEMALE,HISPANIC,Melody,29,48
3969,2019,FEMALE,HISPANIC,Violet,29,48
3970,2019,FEMALE,HISPANIC,Savannah,29,48
3971,2019,FEMALE,HISPANIC,Isabel,29,48
3972,2019,FEMALE,HISPANIC,Lucia,28,49
3973,2019,FEMALE,HISPANIC,Diana,28,49
3974,2019,FEMALE,HISPANIC,Kamila,28,49
3975,2019,FEMALE,HISPANIC,Kiara,28,49
3976,2019,FEMALE,HISPANIC,Rose,28,49
3977,2019,FEMALE,HISPANIC,Alice,27,50
3978,2019,FEMALE,HISPANIC,Natalia,27,50
3979,2019,FEMALE,HISPANIC,Jazlyn,27,50
3980,2019,FEMALE,HISPANIC,Gabriela,27,50
3981,2019,FEMALE,HISPANIC,Aliyah,27,50
3982,2019,FEMALE,HISPANIC,Michelle,26,51
3983,2019,FEMALE,HISPANIC,Ella,26,51
3984,2019,FEMALE,HISPANIC,Celine,26,51
3985,2019,FEMALE,HISPANIC,Athena,26,51
3986,2019,FEMALE,HISPANIC,Serenity,26,51
3987,2019,FEMALE,HISPANIC,Juliette,25,52
3988,2019,FEMALE,HISPANIC,Antonella,25,52
3989,2019,FEMALE,HISPANIC,Alina,25,52
3990,2019,FEMALE,HISPANIC,Sarai,25,52
3991,2019,FEMALE,HISPANIC,Alexandra,24,53
3992,2019,FEMALE,HISPANIC,Amanda,24,53
3993,2019,FEMALE,HISPANIC,Avery,24,53
3994,2019,FEMALE,HISPANIC,Kaylani,24,53
3995,2019,FEMALE,HISPANIC,Aurora,23,54
3996,2019,FEMALE,HISPANIC,Stephanie,23,54
3997,2019,FEMALE,HISPANIC,Nova,22,55
3998,2019,FEMALE,HISPANIC,Nicole,22,55
3999,2019,FEMALE,HISPANIC,Jasmine,22,55
4000,2019,FEMALE,HISPANIC,Alyssa,22,55
4001,2019,FEMALE,HISPANIC,Maia,21,56
4002,2019,FEMALE,HISPANIC,Adriana,21,56
4003,2019,FEMALE,HISPANIC,Alana,21,56
4004,2019,FEMALE,HISPANIC,Ximena,21,56
4005,2019,FEMALE,HISPANIC,London,20,57
4006,2019,FEMALE,HISPANIC,Esther,20,57
4007,2019,FEMALE,HISPANIC,Danna,20,57
4008,2019,FEMALE,HISPANIC,Ariella,20,57
4009,2019,FEMALE,HISPANIC,Skylar,20,57
4010,2019,FEMALE,HISPANIC,Melany,20,57
4011,2019,FEMALE,HISPANIC,Liliana,20,57
4012,2019,FEMALE,HISPANIC,Naomi,19,58
4013,2019,FEMALE,HISPANIC,Leslie,19,58
4014,2019,FEMALE,HISPANIC,Catalina,19,58
4015,2019,FEMALE,HISPANIC,Aleah,19,58
4016,2019,FEMALE,HISPANIC,Sophie,19,58
4017,2019,FEMALE,HISPANIC,Sienna,18,59
4018,2019,FEMALE,HISPANIC,Vanessa,18,59
4019,2019,FEMALE,HISPANIC,Angela,18,59
4020,2019,FEMALE,HISPANIC,Aubrey,18,59
4021,2019,FEMALE,HISPANIC,Daniella,18,59
4022,2019,FEMALE,HISPANIC,Destiny,18,59
4023,2019,FEMALE,HISPANIC,Ellie,18,59
4024,2019,FEMALE,HISPANIC,Giselle,18,59
4025,2019,FEMALE,HISPANIC,Itzel,18,59
4026,2019,FEMALE,HISPANIC,Liana,18,59
4027,2019,FEMALE,HISPANIC,Mariana,18,59
4028,2019,FEMALE,HISPANIC,Madelyn,17,60
4029,2019,FEMALE,HISPANIC,Ruby,17,60
4030,2019,FEMALE,HISPANIC,Angelina,17,60
4031,2019,FEMALE,HISPANIC,Angie,17,60
4032,2019,FEMALE,HISPANIC,Kailani,17,60
4033,2019,FEMALE,HISPANIC,Valery,17,60
4034,2019,FEMALE,HISPANIC,Yaretzi,17,60
4035,2019,FEMALE,HISPANIC,Katherine,17,60
4036,2019,FEMALE,HISPANIC,Jazmin,16,61
4037,2019,FEMALE,HISPANIC,Alessia,16,61
4038,2019,FEMALE,HISPANIC,Alia,16,61
4039,2019,FEMALE,HISPANIC,Amber,16,61
4040,2019,FEMALE,HISPANIC,Amira,16,61
4041,2019,FEMALE,HISPANIC,Anastasia,16,61
4042,2019,FEMALE,HISPANIC,Autumn,16,61
4043,2019,FEMALE,HISPANIC,Briana,16,61
4044,2019,FEMALE,HISPANIC,Brielle,16,61
4045,2019,FEMALE,HISPANIC,Jayla,16,61
4046,2019,FEMALE,HISPANIC,Juliana,16,61
4047,2019,FEMALE,HISPANIC,Keyla,16,61
4048,2019,FEMALE,HISPANIC,Luciana,16,61
4049,2019,FEMALE,HISPANIC,Nyla,16,61
4050,2019,FEMALE,HISPANIC,Rachel,16,61
4051,2019,FEMALE,HISPANIC,Zara,16,61
4052,2019,FEMALE,HISPANIC,Nylah,15,62
4053,2019,FEMALE,HISPANIC,Malia,15,62
4054,2019,FEMALE,HISPANIC,Laila,15,62
4055,2019,FEMALE,HISPANIC,Kehlani,15,62
4056,2019,FEMALE,HISPANIC,Julia,15,62
4057,2019,FEMALE,HISPANIC,Esmeralda,15,62
4058,2019,FEMALE,HISPANIC,Eliza,15,62
4059,2019,FEMALE,HISPANIC,Dayana,15,62
4060,2019,FEMALE,HISPANIC,Dahlia,15,62
4061,2019,FEMALE,HISPANIC,Alondra,15,62
4062,2019,FEMALE,HISPANIC,Alma,15,62
4063,2019,FEMALE,HISPANIC,Elisa,14,63
4064,2019,FEMALE,HISPANIC,Alanna,14,63
4065,2019,FEMALE,HISPANIC,Lily,14,63
4066,2019,FEMALE,HISPANIC,Lizbeth,14,63
4067,2019,FEMALE,HISPANIC,Melissa,14,63
4068,2019,FEMALE,HISPANIC,Mya,14,63
4069,2019,FEMALE,HISPANIC,Nashla,14,63
4070,2019,FEMALE,HISPANIC,Eileen,14,63
4071,2019,FEMALE,HISPANIC,Sara,14,63
4072,2019,FEMALE,HISPANIC,Selena,14,63
4073,2019,FEMALE,HISPANIC,Summer,14,63
4074,2019,FEMALE,HISPANIC,Audrey,14,63
4075,2019,FEMALE,HISPANIC,Leila,13,64
4076,2019,FEMALE,HISPANIC,Delilah,13,64
4077,2019,FEMALE,HISPANIC,Ariel,13,64
4078,2019,FEMALE,HISPANIC,April,13,64
4079,2019,FEMALE,HISPANIC,Liah,13,64
4080,2019,FEMALE,HISPANIC,Annalise,13,64
4081,2019,FEMALE,HISPANIC,Angelica,13,64
4082,2019,FEMALE,HISPANIC,Analia,13,64
4083,2019,FEMALE,HISPANIC,Alani,13,64
4084,2019,FEMALE,HISPANIC,Adeline,13,64
4085,2019,FEMALE,HISPANIC,Luz,13,64
4086,2019,FEMALE,HISPANIC,Meghan,13,64
4087,2019,FEMALE,HISPANIC,Stella,13,64
4088,2019,FEMALE,HISPANIC,Khaleesi,13,64
4089,2019,FEMALE,HISPANIC,Julissa,13,64
4090,2019,FEMALE,HISPANIC,Lauren,13,64
4091,2019,FEMALE,HISPANIC,Heaven,13,64
4092,2019,FEMALE,HISPANIC,Aileen,12,65
4093,2019,FEMALE,HISPANIC,Zuri,12,65
4094,2019,FEMALE,HISPANIC,Miah,12,65
4095,2019,FEMALE,HISPANIC,Lesly,12,65
4096,2019,FEMALE,HISPANIC,Karen,12,65
4097,2019,FEMALE,HISPANIC,Kaitlyn,12,65
4098,2019,FEMALE,HISPANIC,Jessica,12,65
4099,2019,FEMALE,HISPANIC,Isabelle,12,65
4100,2019,FEMALE,HISPANIC,Isabela,12,65
4101,2019,FEMALE,HISPANIC,Guadalupe,12,65
4102,2019,FEMALE,HISPANIC,Elianny,12,65
4103,2019,FEMALE,HISPANIC,Dara,12,65
4104,2019,FEMALE,HISPANIC,Amara,12,65
4105,2019,FEMALE,HISPANIC,Alayna,12,65
4106,2019,FEMALE,HISPANIC,Cali,11,66
4107,2019,FEMALE,HISPANIC,Rylee,11,66
4108,2019,FEMALE,HISPANIC,Miranda,11,66
4109,2019,FEMALE,HISPANIC,Miracle,11,66
4110,2019,FEMALE,HISPANIC,Jennifer,11,66
4111,2019,FEMALE,HISPANIC,Jaylin,11,66
4112,2019,FEMALE,HISPANIC,Heidy,11,66
4113,2019,FEMALE,HISPANIC,Adelynn,11,66
4114,2019,FEMALE,HISPANIC,Ailani,11,66
4115,2019,FEMALE,HISPANIC,Alicia,11,66
4116,2019,FEMALE,HISPANIC,Fernanda,11,66
4117,2019,FEMALE,HISPANIC,Everly,11,66
4118,2019,FEMALE,HISPANIC,Arlette,11,66
4119,2019,FEMALE,HISPANIC,Evangeline,11,66
4120,2019,FEMALE,HISPANIC,Aubree,11,66
4121,2019,FEMALE,HISPANIC,Ayla,11,66
4122,2019,FEMALE,HISPANIC,Bianca,11,66
4123,2019,FEMALE,HISPANIC,Izabella,10,67
4124,2019,FEMALE,HISPANIC,Yareli,10,67
4125,2019,FEMALE,HISPANIC,Yaritza,10,67
4126,2019,FEMALE,HISPANIC,Abby,10,67
4127,2019,FEMALE,HISPANIC,Alahia,10,67
4128,2019,FEMALE,HISPANIC,Tiffany,10,67
4129,2019,FEMALE,HISPANIC,Skyla,10,67
4130,2019,FEMALE,HISPANIC,Sherlyn,10,67
4131,2019,FEMALE,HISPANIC,Lyanna,10,67
4132,2019,FEMALE,HISPANIC,Litzy,10,67
4133,2019,FEMALE,HISPANIC,Mackenzie,10,67
4134,2019,FEMALE,HISPANIC,Milani,10,67
4135,2019,FEMALE,HISPANIC,Laia,10,67
4136,2019,FEMALE,HISPANIC,Scarlet,10,67
4137,2019,FEMALE,HISPANIC,Nina,10,67
4138,2019,FEMALE,HISPANIC,Gia,10,67
4139,2019,FEMALE,HISPANIC,Crystal,10,67
4140,2019,FEMALE,HISPANIC,Harley,10,67
4141,2019,FEMALE,HISPANIC,Adele,10,67
4142,2019,FEMALE,HISPANIC,Keily,10,67
4143,2019,FEMALE,HISPANIC,Kali,10,67
4144,2019,FEMALE,HISPANIC,Julianna,10,67
4145,2019,FEMALE,HISPANIC,Cataleya,10,67
4146,2019,FEMALE,WHITE NON HISPANIC,Chaya,209,1
4147,2019,FEMALE,WHITE NON HISPANIC,Leah,207,2
4148,2019,FEMALE,WHITE NON HISPANIC,Esther,202,3
4149,2019,FEMALE,WHITE NON HISPANIC,Olivia,200,4
4150,2019,FEMALE,WHITE NON HISPANIC,Miriam,193,5
4151,2019,FEMALE,WHITE NON HISPANIC,Emma,186,6
4152,2019,FEMALE,WHITE NON HISPANIC,Rachel,171,7
4153,2019,FEMALE,WHITE NON HISPANIC,Sarah,168,8
4154,2019,FEMALE,WHITE NON HISPANIC,Charlotte,158,9
4155,2019,FEMALE,WHITE NON HISPANIC,Sophia,154,10
4156,2019,FEMALE,WHITE NON HISPANIC,Sara,138,11
4157,2019,FEMALE,WHITE NON HISPANIC,Rivka,138,11
4158,2019,FEMALE,WHITE NON HISPANIC,Mia,134,12
4159,2019,FEMALE,WHITE NON HISPANIC,Chana,124,13
4160,2019,FEMALE,WHITE NON HISPANIC,Ella,118,14
4161,2019,FEMALE,WHITE NON HISPANIC,Sofia,116,15
4162,2019,FEMALE,WHITE NON HISPANIC,Emily,108,16
4163,2019,FEMALE,WHITE NON HISPANIC,Ava,107,17
4164,2019,FEMALE,WHITE NON HISPANIC,Gitty,99,18
4165,2019,FEMALE,WHITE NON HISPANIC,Maya,96,19
4166,2019,FEMALE,WHITE NON HISPANIC,Lily,95,20
4167,2019,FEMALE,WHITE NON HISPANIC,Amelia,93,21
4168,2019,FEMALE,WHITE NON HISPANIC,Zoe,93,21
4169,2019,FEMALE,WHITE NON HISPANIC,Sophie,89,22
4170,2019,FEMALE,WHITE NON HISPANIC,Penelope,89,22
4171,2019,FEMALE,WHITE NON HISPANIC,Isabella,86,23
4172,2019,FEMALE,WHITE NON HISPANIC,Faigy,86,23
4173,2019,FEMALE,WHITE NON HISPANIC,Victoria,80,24
4174,2019,FEMALE,WHITE NON HISPANIC,Mila,79,25
4175,2019,FEMALE,WHITE NON HISPANIC,Malky,77,26
4176,2019,FEMALE,WHITE NON HISPANIC,Alexandra,74,27
4177,2019,FEMALE,WHITE NON HISPANIC,Emilia,73,28
4178,2019,FEMALE,WHITE NON HISPANIC,Elizabeth,73,28
4179,2019,FEMALE,WHITE NON HISPANIC,Rivky,72,29
4180,2019,FEMALE,WHITE NON HISPANIC,Abigail,72,29
4181,2019,FEMALE,WHITE NON HISPANIC,Eleanor,70,30
4182,2019,FEMALE,WHITE NON HISPANIC,Hannah,69,31
4183,2019,FEMALE,WHITE NON HISPANIC,Baila,69,31
4184,2019,FEMALE,WHITE NON HISPANIC,Grace,66,32
4185,2019,FEMALE,WHITE NON HISPANIC,Avery,65,33
4186,2019,FEMALE,WHITE NON HISPANIC,Chloe,64,34
4187,2019,FEMALE,WHITE NON HISPANIC,Nora,63,35
4188,2019,FEMALE,WHITE NON HISPANIC,Julia,63,35
4189,2019,FEMALE,WHITE NON HISPANIC,Anna,61,36
4190,2019,FEMALE,WHITE NON HISPANIC,Layla,60,37
4191,2019,FEMALE,WHITE NON HISPANIC,Eva,60,37
4192,2019,FEMALE,WHITE NON HISPANIC,Malka,60,37
4193,2019,FEMALE,WHITE NON HISPANIC,Evelyn,59,38
4194,2019,FEMALE,WHITE NON HISPANIC,Aria,58,39
4195,2019,FEMALE,WHITE NON HISPANIC,Eliana,58,39
4196,2019,FEMALE,WHITE NON HISPANIC,Stella,58,39
4197,2019,FEMALE,WHITE NON HISPANIC,Madison,58,39
4198,2019,FEMALE,WHITE NON HISPANIC,Ruby,57,40
4199,2019,FEMALE,WHITE NON HISPANIC,Violet,56,41
4200,2019,FEMALE,WHITE NON HISPANIC,Rose,55,42
4201,2019,FEMALE,WHITE NON HISPANIC,Gabriella,54,43
4202,2019,FEMALE,WHITE NON HISPANIC,Lucy,54,43
4203,2019,FEMALE,WHITE NON HISPANIC,Josephine,54,43
4204,2019,FEMALE,WHITE NON HISPANIC,Raizy,53,44
4205,2019,FEMALE,WHITE NON HISPANIC,Isla,53,44
4206,2019,FEMALE,WHITE NON HISPANIC,Sienna,53,44
4207,2019,FEMALE,WHITE NON HISPANIC,Scarlett,53,44
4208,2019,FEMALE,WHITE NON HISPANIC,Riley,51,45
4209,2019,FEMALE,WHITE NON HISPANIC,Dina,51,45
4210,2019,FEMALE,WHITE NON HISPANIC,Noa,50,46
4211,2019,FEMALE,WHITE NON HISPANIC,Harper,49,47
4212,2019,FEMALE,WHITE NON HISPANIC,Valentina,48,48
4213,2019,FEMALE,WHITE NON HISPANIC,Naomi,48,48
4214,2019,FEMALE,WHITE NON HISPANIC,Hindy,47,49
4215,2019,FEMALE,WHITE NON HISPANIC,Devorah,47,49
4216,2019,FEMALE,WHITE NON HISPANIC,Margot,47,49
4217,2019,FEMALE,WHITE NON HISPANIC,Lillian,45,50
4218,2019,FEMALE,WHITE NON HISPANIC,Chany,45,50
4219,2019,FEMALE,WHITE NON HISPANIC,Shaindy,45,50
4220,2019,FEMALE,WHITE NON HISPANIC,Sadie,45,50
4221,2019,FEMALE,WHITE NON HISPANIC,Clara,45,50
4222,2019,FEMALE,WHITE NON HISPANIC,Luna,44,51
4223,2019,FEMALE,WHITE NON HISPANIC,Juliette,44,51
4224,2019,FEMALE,WHITE NON HISPANIC,Toby,43,52
4225,2019,FEMALE,WHITE NON HISPANIC,Vivian,43,52
4226,2019,FEMALE,WHITE NON HISPANIC,Chava,42,53
4227,2019,FEMALE,WHITE NON HISPANIC,Esty,42,53
4228,2019,FEMALE,WHITE NON HISPANIC,Natalie,41,54
4229,2019,FEMALE,WHITE NON HISPANIC,Rebecca,41,54
4230,2019,FEMALE,WHITE NON HISPANIC,Maria,40,55
4231,2019,FEMALE,WHITE NON HISPANIC,Libby,40,55
4232,2019,FEMALE,WHITE NON HISPANIC,Isabel,40,55
4233,2019,FEMALE,WHITE NON HISPANIC,Sury,40,55
4234,2019,FEMALE,WHITE NON HISPANIC,Talia,39,56
4235,2019,FEMALE,WHITE NON HISPANIC,Ariana,39,56
4236,2019,FEMALE,WHITE NON HISPANIC,Alice,39,56
4237,2019,FEMALE,WHITE NON HISPANIC,Claire,37,57
4238,2019,FEMALE,WHITE NON HISPANIC,Molly,37,57
4239,2019,FEMALE,WHITE NON HISPANIC,Yitty,36,58
4240,2019,FEMALE,WHITE NON HISPANIC,Hazel,35,59
4241,2019,FEMALE,WHITE NON HISPANIC,Caroline,35,59
4242,2019,FEMALE,WHITE NON HISPANIC,Margaret,35,59
4243,2019,FEMALE,WHITE NON HISPANIC,Sloane,35,59
4244,2019,FEMALE,WHITE NON HISPANIC,Eloise,35,59
4245,2019,FEMALE,WHITE NON HISPANIC,Isabelle,34,60
4246,2019,FEMALE,WHITE NON HISPANIC,Madeline,34,60
4247,2019,FEMALE,WHITE NON HISPANIC,Yides,34,60
4248,2019,FEMALE,WHITE NON HISPANIC,Ariella,34,60
4249,2019,FEMALE,WHITE NON HISPANIC,Nina,33,61
4250,2019,FEMALE,WHITE NON HISPANIC,Quinn,33,61
4251,2019,FEMALE,WHITE NON HISPANIC,Beatrice,32,62
4252,2019,FEMALE,WHITE NON HISPANIC,Bella,32,62
4253,2019,FEMALE,WHITE NON HISPANIC,Vera,31,63
4254,2019,FEMALE,WHITE NON HISPANIC,Ellie,30,64
4255,2019,FEMALE,WHITE NON HISPANIC,Liliana,30,64
4256,2019,FEMALE,WHITE NON HISPANIC,Lila,30,64
4257,2019,FEMALE,WHITE NON HISPANIC,Fraidy,30,64
4258,2019,FEMALE,WHITE NON HISPANIC,Audrey,30,64
4259,2019,FEMALE,WHITE NON HISPANIC,Amina,30,64
4260,2019,FEMALE,WHITE NON HISPANIC,Adele,30,64
4261,2019,FEMALE,WHITE NON HISPANIC,Lyla,30,64
4262,2019,FEMALE,WHITE NON HISPANIC,Lucia,30,64
4263,2019,FEMALE,WHITE NON HISPANIC,Francesca,29,65
4264,2019,FEMALE,WHITE NON HISPANIC,Aurora,29,65
4265,2019,FEMALE,WHITE NON HISPANIC,Alessia,29,65
4266,2019,FEMALE,WHITE NON HISPANIC,Gianna,29,65
4267,2019,FEMALE,WHITE NON HISPANIC,Maeve,29,65
4268,2019,FEMALE,WHITE NON HISPANIC,Kayla,29,65
4269,2019,FEMALE,WHITE NON HISPANIC,Goldy,28,66
4270,2019,FEMALE,WHITE NON HISPANIC,Jane,28,66
4271,2019,FEMALE,WHITE NON HISPANIC,Pearl,28,66
4272,2019,FEMALE,WHITE NON HISPANIC,Ada,28,66
4273,2019,FEMALE,WHITE NON HISPANIC,Ayla,28,66
4274,2019,FEMALE,WHITE NON HISPANIC,Fiona,28,66
4275,2019,FEMALE,WHITE NON HISPANIC,Cecilia,27,67
4276,2019,FEMALE,WHITE NON HISPANIC,Henny,27,67
4277,2019,FEMALE,WHITE NON HISPANIC,Ruchy,27,67
4278,2019,FEMALE,WHITE NON HISPANIC,Madeleine,26,68
4279,2019,FEMALE,WHITE NON HISPANIC,Nechama,26,68
4280,2019,FEMALE,WHITE NON HISPANIC,Hailey,26,68
4281,2019,FEMALE,WHITE NON HISPANIC,Celine,25,69
4282,2019,FEMALE,WHITE NON HISPANIC,Frances,25,69
4283,2019,FEMALE,WHITE NON HISPANIC,Liv,25,69
4284,2019,FEMALE,WHITE NON HISPANIC,Skylar,25,69
4285,2019,FEMALE,WHITE NON HISPANIC,Lina,24,70
4286,2019,FEMALE,WHITE NON HISPANIC,Sabrina,24,70
4287,2019,FEMALE,WHITE NON HISPANIC,Mindy,24,70
4288,2019,FEMALE,WHITE NON HISPANIC,Juliana,24,70
4289,2019,FEMALE,WHITE NON HISPANIC,Bruchy,24,70
4290,2019,FEMALE,WHITE NON HISPANIC,Angelina,24,70
4291,2019,FEMALE,WHITE NON HISPANIC,Gemma,24,70
4292,2019,FEMALE,WHITE NON HISPANIC,Nicole,24,70
4293,2019,FEMALE,WHITE NON HISPANIC,Catherine,24,70
4294,2019,FEMALE,WHITE NON HISPANIC,Adeline,23,71
4295,2019,FEMALE,WHITE NON HISPANIC,Bracha,23,71
4296,2019,FEMALE,WHITE NON HISPANIC,Elle,23,71
4297,2019,FEMALE,WHITE NON HISPANIC,Juliet,23,71
4298,2019,FEMALE,WHITE NON HISPANIC,June,23,71
4299,2019,FEMALE,WHITE NON HISPANIC,Sasha,23,71
4300,2019,FEMALE,WHITE NON HISPANIC,Annabelle,23,71
4301,2019,FEMALE,WHITE NON HISPANIC,Eliza,23,71
4302,2019,FEMALE,WHITE NON HISPANIC,Olive,22,72
4303,2019,FEMALE,WHITE NON HISPANIC,Arianna,22,72
4304,2019,FEMALE,WHITE NON HISPANIC,Parker,22,72
4305,2019,FEMALE,WHITE NON HISPANIC,Alessandra,22,72
4306,2019,FEMALE,WHITE NON HISPANIC,Chavy,22,72
4307,2019,FEMALE,WHITE NON HISPANIC,Lea,22,72
4308,2019,FEMALE,WHITE NON HISPANIC,Samantha,22,72
4309,2019,FEMALE,WHITE NON HISPANIC,Mariam,22,72
4310,2019,FEMALE,WHITE NON HISPANIC,Yehudis,22,72
4311,2019,FEMALE,WHITE NON HISPANIC,Yael,22,72
4312,2019,FEMALE,WHITE NON HISPANIC,Siena,22,72
4313,2019,FEMALE,WHITE NON HISPANIC,Faiga,21,73
4314,2019,FEMALE,WHITE NON HISPANIC,Yocheved,21,73
4315,2019,FEMALE,WHITE NON HISPANIC,Dylan,21,73
4316,2019,FEMALE,WHITE NON HISPANIC,Breindy,21,73
4317,2019,FEMALE,WHITE NON HISPANIC,Pessy,21,73
4318,2019,FEMALE,WHITE NON HISPANIC,Vivienne,21,73
4319,2019,FEMALE,WHITE NON HISPANIC,Blima,21,73
4320,2019,FEMALE,WHITE NON HISPANIC,Alma,21,73
4321,2019,FEMALE,WHITE NON HISPANIC,Zissy,21,73
4322,2019,FEMALE,WHITE NON HISPANIC,Aisha,21,73
4323,2019,FEMALE,WHITE NON HISPANIC,Adina,21,73
4324,2019,FEMALE,WHITE NON HISPANIC,Layan,21,73
4325,2019,FEMALE,WHITE NON HISPANIC,Etty,21,73
4326,2019,FEMALE,WHITE NON HISPANIC,Rochel,20,74
4327,2019,FEMALE,WHITE NON HISPANIC,Poppy,20,74
4328,2019,FEMALE,WHITE NON HISPANIC,Anastasia,20,74
4329,2019,FEMALE,WHITE NON HISPANIC,Diana,20,74
4330,2019,FEMALE,WHITE NON HISPANIC,Serena,20,74
4331,2019,FEMALE,WHITE NON HISPANIC,Elisheva,20,74
4332,2019,FEMALE,WHITE NON HISPANIC,Shoshana,20,74
4333,2019,FEMALE,WHITE NON HISPANIC,Hinda,20,74
4334,2019,FEMALE,WHITE NON HISPANIC,Simone,20,74
4335,2019,FEMALE,WHITE NON HISPANIC,Zoey,20,74
4336,2019,FEMALE,WHITE NON HISPANIC,Iris,20,74
4337,2019,FEMALE,WHITE NON HISPANIC,Sydney,20,74
4338,2019,FEMALE,WHITE NON HISPANIC,Kaia,20,74
4339,2019,FEMALE,WHITE NON HISPANIC,Laila,20,74
4340,2019,FEMALE,WHITE NON HISPANIC,Adriana,20,74
4341,2019,FEMALE,WHITE NON HISPANIC,Maryam,20,74
4342,2019,FEMALE,WHITE NON HISPANIC,Eve,19,75
4343,2019,FEMALE,WHITE NON HISPANIC,Ahuva,19,75
4344,2019,FEMALE,WHITE NON HISPANIC,Adelaide,19,75
4345,2019,FEMALE,WHITE NON HISPANIC,Blimy,19,75
4346,2019,FEMALE,WHITE NON HISPANIC,Elena,19,75
4347,2019,FEMALE,WHITE NON HISPANIC,Frimet,19,75
4348,2019,FEMALE,WHITE NON HISPANIC,Imona,19,75
4349,2019,FEMALE,WHITE NON HISPANIC,Lana,19,75
4350,2019,FEMALE,WHITE NON HISPANIC,Leila,19,75
4351,2019,FEMALE,WHITE NON HISPANIC,Lena,19,75
4352,2019,FEMALE,WHITE NON HISPANIC,Liba,19,75
4353,2019,FEMALE,WHITE NON HISPANIC,Mackenzie,19,75
4354,2019,FEMALE,WHITE NON HISPANIC,Reese,19,75
4355,2019,FEMALE,WHITE NON HISPANIC,Veronica,19,75
4356,2019,FEMALE,WHITE NON HISPANIC,Raizel,18,76
4357,2019,FEMALE,WHITE NON HISPANIC,Addison,18,76
4358,2019,FEMALE,WHITE NON HISPANIC,Colette,18,76
4359,2019,FEMALE,WHITE NON HISPANIC,Devora,18,76
4360,2019,FEMALE,WHITE NON HISPANIC,Eden,18,76
4361,2019,FEMALE,WHITE NON HISPANIC,Edith,18,76
4362,2019,FEMALE,WHITE NON HISPANIC,Georgia,18,76
4363,2019,FEMALE,WHITE NON HISPANIC,Hadassah,18,76
4364,2019,FEMALE,WHITE NON HISPANIC,Lia,18,76
4365,2019,FEMALE,WHITE NON HISPANIC,Liana,18,76
4366,2019,FEMALE,WHITE NON HISPANIC,Louise,18,76
4367,2019,FEMALE,WHITE NON HISPANIC,Summer,17,77
4368,2019,FEMALE,WHITE NON HISPANIC,Willa,17,77
4369,2019,FEMALE,WHITE NON HISPANIC,Savannah,17,77
4370,2019,FEMALE,WHITE NON HISPANIC,Batsheva,17,77
4371,2019,FEMALE,WHITE NON HISPANIC,Blake,17,77
4372,2019,FEMALE,WHITE NON HISPANIC,Emmy,17,77
4373,2019,FEMALE,WHITE NON HISPANIC,Jenna,17,77
4374,2019,FEMALE,WHITE NON HISPANIC,Katherine,17,77
4375,2019,FEMALE,WHITE NON HISPANIC,Phoebe,17,77
4376,2019,FEMALE,WHITE NON HISPANIC,Madelyn,17,77
4377,2019,FEMALE,WHITE NON HISPANIC,Perel,17,77
4378,2019,FEMALE,WHITE NON HISPANIC,Mary,17,77
4379,2019,FEMALE,WHITE NON HISPANIC,Paige,17,77
4380,2019,FEMALE,WHITE NON HISPANIC,Esme,16,78
4381,2019,FEMALE,WHITE NON HISPANIC,Frady,16,78
4382,2019,FEMALE,WHITE NON HISPANIC,Cora,16,78
4383,2019,FEMALE,WHITE NON HISPANIC,Genevieve,16,78
4384,2019,FEMALE,WHITE NON HISPANIC,Gittel,16,78
4385,2019,FEMALE,WHITE NON HISPANIC,Jana,16,78
4386,2019,FEMALE,WHITE NON HISPANIC,Lilah,16,78
4387,2019,FEMALE,WHITE NON HISPANIC,Michelle,16,78
4388,2019,FEMALE,WHITE NON HISPANIC,Piper,16,78
4389,2019,FEMALE,WHITE NON HISPANIC,Ruth,16,78
4390,2019,FEMALE,WHITE NON HISPANIC,Shaindel,16,78
4391,2019,FEMALE,WHITE NON HISPANIC,Roizy,15,79
4392,2019,FEMALE,WHITE NON HISPANIC,Mira,15,79
4393,2019,FEMALE,WHITE NON HISPANIC,Luciana,15,79
4394,2019,FEMALE,WHITE NON HISPANIC,Lilly,15,79
4395,2019,FEMALE,WHITE NON HISPANIC,Lara,15,79
4396,2019,FEMALE,WHITE NON HISPANIC,Keira,15,79
4397,2019,FEMALE,WHITE NON HISPANIC,Ivy,15,79
4398,2019,FEMALE,WHITE NON HISPANIC,Hanna,15,79
4399,2019,FEMALE,WHITE NON HISPANIC,Frida,15,79
4400,2019,FEMALE,WHITE NON HISPANIC,Everly,15,79
4401,2019,FEMALE,WHITE NON HISPANIC,Elise,15,79
4402,2019,FEMALE,WHITE NON HISPANIC,Aviva,15,79
4403,2019,FEMALE,WHITE NON HISPANIC,Ana,15,79
4404,2019,FEMALE,WHITE NON HISPANIC,Amira,15,79
4405,2019,FEMALE,WHITE NON HISPANIC,Amelie,15,79
4406,2019,FEMALE,WHITE NON HISPANIC,Sima,15,79
4407,2019,FEMALE,WHITE NON HISPANIC,Remi,15,79
4408,2019,FEMALE,WHITE NON HISPANIC,Willow,14,80
4409,2019,FEMALE,WHITE NON HISPANIC,Idy,14,80
4410,2019,FEMALE,WHITE NON HISPANIC,Louisa,14,80
4411,2019,FEMALE,WHITE NON HISPANIC,Laura,14,80
4412,2019,FEMALE,WHITE NON HISPANIC,Camilla,14,80
4413,2019,FEMALE,WHITE NON HISPANIC,Malika,14,80
4414,2019,FEMALE,WHITE NON HISPANIC,Aliza,14,80
4415,2019,FEMALE,WHITE NON HISPANIC,Lola,14,80
4416,2019,FEMALE,WHITE NON HISPANIC,Autumn,14,80
4417,2019,FEMALE,WHITE NON HISPANIC,Charlie,14,80
4418,2019,FEMALE,WHITE NON HISPANIC,Arya,14,80
4419,2019,FEMALE,WHITE NON HISPANIC,Matilda,14,80
4420,2019,FEMALE,WHITE NON HISPANIC,Nova,14,80
4421,2019,FEMALE,WHITE NON HISPANIC,Emerson,14,80
4422,2019,FEMALE,WHITE NON HISPANIC,Rosa,14,80
4423,2019,FEMALE,WHITE NON HISPANIC,Shevy,14,80
4424,2019,FEMALE,WHITE NON HISPANIC,Suri,14,80
4425,2019,FEMALE,WHITE NON HISPANIC,Giuliana,14,80
4426,2019,FEMALE,WHITE NON HISPANIC,Julianna,14,80
4427,2019,FEMALE,WHITE NON HISPANIC,Zelda,13,81
4428,2019,FEMALE,WHITE NON HISPANIC,Tziporah,13,81
4429,2019,FEMALE,WHITE NON HISPANIC,Sylvie,13,81
4430,2019,FEMALE,WHITE NON HISPANIC,Romy,13,81
4431,2019,FEMALE,WHITE NON HISPANIC,Remy,13,81
4432,2019,FEMALE,WHITE NON HISPANIC,Nadia,13,81
4433,2019,FEMALE,WHITE NON HISPANIC,Morgan,13,81
4434,2019,FEMALE,WHITE NON HISPANIC,Kamila,13,81
4435,2019,FEMALE,WHITE NON HISPANIC,Jessica,13,81
4436,2019,FEMALE,WHITE NON HISPANIC,Jade,13,81
4437,2019,FEMALE,WHITE NON HISPANIC,Iymona,13,81
4438,2019,FEMALE,WHITE NON HISPANIC,Evie,13,81
4439,2019,FEMALE,WHITE NON HISPANIC,Elliott,13,81
4440,2019,FEMALE,WHITE NON HISPANIC,Vienna,13,81
4441,2019,FEMALE,WHITE NON HISPANIC,Alina,13,81
4442,2019,FEMALE,WHITE NON HISPANIC,Alyssa,13,81
4443,2019,FEMALE,WHITE NON HISPANIC,Annabel,13,81
4444,2019,FEMALE,WHITE NON HISPANIC,Daniella,13,81
4445,2019,FEMALE,WHITE NON HISPANIC,Daphne,13,81
4446,2019,FEMALE,WHITE NON HISPANIC,Nava,12,82
4447,2019,FEMALE,WHITE NON HISPANIC,Yasmina,12,82
4448,2019,FEMALE,WHITE NON HISPANIC,Tzippy,12,82
4449,2019,FEMALE,WHITE NON HISPANIC,Thea,12,82
4450,2019,FEMALE,WHITE NON HISPANIC,Sylvia,12,82
4451,2019,FEMALE,WHITE NON HISPANIC,Shaina,12,82
4452,2019,FEMALE,WHITE NON HISPANIC,Perry,12,82
4453,2019,FEMALE,WHITE NON HISPANIC,Allison,12,82
4454,2019,FEMALE,WHITE NON HISPANIC,Athena,12,82
4455,2019,FEMALE,WHITE NON HISPANIC,Aurelia,12,82
4456,2019,FEMALE,WHITE NON HISPANIC,Ayala,12,82
4457,2019,FEMALE,WHITE NON HISPANIC,Bianca,12,82
4458,2019,FEMALE,WHITE NON HISPANIC,Bina,12,82
4459,2019,FEMALE,WHITE NON HISPANIC,Brooke,12,82
4460,2019,FEMALE,WHITE NON HISPANIC,Dana,12,82
4461,2019,FEMALE,WHITE NON HISPANIC,Muslima,12,82
4462,2019,FEMALE,WHITE NON HISPANIC,Malak,12,82
4463,2019,FEMALE,WHITE NON HISPANIC,Jasmine,12,82
4464,2019,FEMALE,WHITE NON HISPANIC,Golda,12,82
4465,2019,FEMALE,WHITE NON HISPANIC,Georgina,12,82
4466,2019,FEMALE,WHITE NON HISPANIC,Gabrielle,12,82
4467,2019,FEMALE,WHITE NON HISPANIC,Gabriela,12,82
4468,2019,FEMALE,WHITE NON HISPANIC,Fradel,12,82
4469,2019,FEMALE,WHITE NON HISPANIC,Estelle,12,82
4470,2019,FEMALE,WHITE NON HISPANIC,Emery,12,82
4471,2019,FEMALE,WHITE NON HISPANIC,Devoiry,12,82
4472,2019,FEMALE,WHITE NON HISPANIC,Hendy,11,83
4473,2019,FEMALE,WHITE NON HISPANIC,Reem,11,83
4474,2019,FEMALE,WHITE NON HISPANIC,Helena,11,83
4475,2019,FEMALE,WHITE NON HISPANIC,Anya,11,83
4476,2019,FEMALE,WHITE NON HISPANIC,Zara,11,83
4477,2019,FEMALE,WHITE NON HISPANIC,Aubrey,11,83
4478,2019,FEMALE,WHITE NON HISPANIC,Peyton,11,83
4479,2019,FEMALE,WHITE NON HISPANIC,Noor,11,83
4480,2019,FEMALE,WHITE NON HISPANIC,Aya,11,83
4481,2019,FEMALE,WHITE NON HISPANIC,Brielle,11,83
4482,2019,FEMALE,WHITE NON HISPANIC,Camila,11,83
4483,2019,FEMALE,WHITE NON HISPANIC,Millie,11,83
4484,2019,FEMALE,WHITE NON HISPANIC,Milana,11,83
4485,2019,FEMALE,WHITE NON HISPANIC,Celia,11,83
4486,2019,FEMALE,WHITE NON HISPANIC,Michal,11,83
4487,2019,FEMALE,WHITE NON HISPANIC,Melissa,11,83
4488,2019,FEMALE,WHITE NON HISPANIC,Samira,11,83
4489,2019,FEMALE,WHITE NON HISPANIC,Ruchel,11,83
4490,2019,FEMALE,WHITE NON HISPANIC,Dalia,11,83
4491,2019,FEMALE,WHITE NON HISPANIC,Shifra,11,83
4492,2019,FEMALE,WHITE NON HISPANIC,Meira,11,83
4493,2019,FEMALE,WHITE NON HISPANIC,Lucille,11,83
4494,2019,FEMALE,WHITE NON HISPANIC,Shira,11,83
4495,2019,FEMALE,WHITE NON HISPANIC,Tzipora,11,83
4496,2019,FEMALE,WHITE NON HISPANIC,Livia,11,83
4497,2019,FEMALE,WHITE NON HISPANIC,Dua,11,83
4498,2019,FEMALE,WHITE NON HISPANIC,Leia,11,83
4499,2019,FEMALE,WHITE NON HISPANIC,Rosie,11,83
4500,2019,FEMALE,WHITE NON HISPANIC,Ester,11,83
4501,2019,FEMALE,WHITE NON HISPANIC,Jacqueline,11,83
4502,2019,FEMALE,WHITE NON HISPANIC,Goldie,11,83
4503,2019,FEMALE,WHITE NON HISPANIC,Ines,11,83
4504,2019,FEMALE,WHITE NON HISPANIC,Winnie,11,83
4505,2019,FEMALE,WHITE NON HISPANIC,Devory,10,84
4506,2019,FEMALE,WHITE NON HISPANIC,Juniper,10,84
4507,2019,FEMALE,WHITE NON HISPANIC,Kira,10,84
4508,2019,FEMALE,WHITE NON HISPANIC,Lielle,10,84
4509,2019,FEMALE,WHITE NON HISPANIC,Lydia,10,84
4510,2019,FEMALE,WHITE NON HISPANIC,Tessa,10,84
4511,2019,FEMALE,WHITE NON HISPANIC,Aliya,10,84
4512,2019,FEMALE,WHITE NON HISPANIC,Amara,10,84
4513,2019,FEMALE,WHITE NON HISPANIC,Astrid,10,84
4514,2019,FEMALE,WHITE NON HISPANIC,Giovanna,10,84
4515,2019,FEMALE,WHITE NON HISPANIC,Blair,10,84
4516,2019,FEMALE,WHITE NON HISPANIC,Brianna,10,84
4517,2019,FEMALE,WHITE NON HISPANIC,Brooklyn,10,84
4518,2019,FEMALE,WHITE NON HISPANIC,Camille,10,84
4519,2019,FEMALE,WHITE NON HISPANIC,Frieda,10,84
4520,2019,FEMALE,WHITE NON HISPANIC,Celeste,10,84
4521,2019,FEMALE,WHITE NON HISPANIC,Dahlia,10,84
4522,2019,FEMALE,WHITE NON HISPANIC,Fatima,10,84
4523,2019,FEMALE,WHITE NON HISPANIC,Miri,10,84
4524,2019,FEMALE,WHITE NON HISPANIC,Natalia,10,84
4525,2019,FEMALE,WHITE NON HISPANIC,Noelle,10,84
4526,2019,FEMALE,WHITE NON HISPANIC,Reizy,10,84
4527,2019,FEMALE,WHITE NON HISPANIC,Riva,10,84
4528,2019,FEMALE,WHITE NON HISPANIC,Serafina,10,84
5498,2018,FEMALE,ASIAN AND PACIFIC ISLANDER,Chloe,119,1
5499,2018,FEMALE,ASIAN AND PACIFIC ISLANDER,Olivia,109,2
5500,2018,FEMALE,ASIAN AND PACIFIC ISLANDER,Mia,83,3
5501,2018,FEMALE,ASIAN AND PACIFIC ISLANDER,Sophia,80,4
5502,2018,FEMALE,ASIAN AND PACIFIC ISLANDER,Emma,77,5
5503,2018,FEMALE,ASIAN AND PACIFIC ISLANDER,Amelia,58,6
5504,2018,FEMALE,ASIAN AND PACIFIC ISLANDER,Emily,52,7
5505,2018,FEMALE,ASIAN AND PACIFIC ISLANDER,Evelyn,51,8
5506,2018,FEMALE,ASIAN AND PACIFIC ISLANDER,Isabella,50,9
5507,2018,FEMALE,ASIAN AND PACIFIC ISLANDER,Grace,50,9
5508,2018,FEMALE,ASIAN AND PACIFIC ISLANDER,Ava,49,10
5509,2018,FEMALE,ASIAN AND PACIFIC ISLANDER,Aria,47,11
5510,2018,FEMALE,ASIAN AND PACIFIC ISLANDER,Bella,41,12
5511,2018,FEMALE,ASIAN AND PACIFIC ISLANDER,Charlotte,39,13
5512,2018,FEMALE,ASIAN AND PACIFIC ISLANDER,Arya,39,13
5513,2018,FEMALE,ASIAN AND PACIFIC ISLANDER,Alina,38,14
5514,2018,FEMALE,ASIAN AND PACIFIC ISLANDER,Hannah,37,15
5515,2018,FEMALE,ASIAN AND PACIFIC ISLANDER,Ella,36,16
5516,2018,FEMALE,ASIAN AND PACIFIC ISLANDER,Sarah,35,17
5517,2018,FEMALE,ASIAN AND PACIFIC ISLANDER,Joanna,35,17
5518,2018,FEMALE,ASIAN AND PACIFIC ISLANDER,Zoe,33,18
5519,2018,FEMALE,ASIAN AND PACIFIC ISLANDER,Maya,31,19
5520,2018,FEMALE,ASIAN AND PACIFIC ISLANDER,Alice,31,19
5521,2018,FEMALE,ASIAN AND PACIFIC ISLANDER,Avery,31,19
5522,2018,FEMALE,ASIAN AND PACIFIC ISLANDER,Inaaya,31,19
5523,2018,FEMALE,ASIAN AND PACIFIC ISLANDER,Fatima,30,20
5524,2018,FEMALE,ASIAN AND PACIFIC ISLANDER,Harper,30,20
5525,2018,FEMALE,ASIAN AND PACIFIC ISLANDER,Claire,30,20
5526,2018,FEMALE,ASIAN AND PACIFIC ISLANDER,Luna,29,21
5527,2018,FEMALE,ASIAN AND PACIFIC ISLANDER,Abigail,27,22
5528,2018,FEMALE,ASIAN AND PACIFIC ISLANDER,Stella,27,22
5529,2018,FEMALE,ASIAN AND PACIFIC ISLANDER,Tenzin,27,22
5530,2018,FEMALE,ASIAN AND PACIFIC ISLANDER,Sophie,26,23
5531,2018,FEMALE,ASIAN AND PACIFIC ISLANDER,Audrey,26,23
5532,2018,FEMALE,ASIAN AND PACIFIC ISLANDER,Anna,26,23
5533,2018,FEMALE,ASIAN AND PACIFIC ISLANDER,Maryam,25,24
5534,2018,FEMALE,ASIAN AND PACIFIC ISLANDER,Annie,25,24
5535,2018,FEMALE,ASIAN AND PACIFIC ISLANDER,Ellie,25,24
5536,2018,FEMALE,ASIAN AND PACIFIC ISLANDER,Hailey,25,24
5537,2018,FEMALE,ASIAN AND PACIFIC ISLANDER,Victoria,24,25
5538,2018,FEMALE,ASIAN AND PACIFIC ISLANDER,Sofia,24,25
5539,2018,FEMALE,ASIAN AND PACIFIC ISLANDER,Anaya,24,25
5540,2018,FEMALE,ASIAN AND PACIFIC ISLANDER,Zara,23,26
5541,2018,FEMALE,ASIAN AND PACIFIC ISLANDER,Zoey,22,27
5542,2018,FEMALE,ASIAN AND PACIFIC ISLANDER,Elena,22,27
5543,2018,FEMALE,ASIAN AND PACIFIC ISLANDER,Penelope,21,28
5544,2018,FEMALE,ASIAN AND PACIFIC ISLANDER,Aisha,21,28
5545,2018,FEMALE,ASIAN AND PACIFIC ISLANDER,Iris,21,28
5546,2018,FEMALE,ASIAN AND PACIFIC ISLANDER,Amy,20,29
5547,2018,FEMALE,ASIAN AND PACIFIC ISLANDER,Alyssa,20,29
5548,2018,FEMALE,ASIAN AND PACIFIC ISLANDER,Ariana,20,29
5549,2018,FEMALE,ASIAN AND PACIFIC ISLANDER,Emilia,20,29
5550,2018,FEMALE,ASIAN AND PACIFIC ISLANDER,Vivian,20,29
5551,2018,FEMALE,ASIAN AND PACIFIC ISLANDER,Madison,19,30
5552,2018,FEMALE,ASIAN AND PACIFIC ISLANDER,Ashley,19,30
5553,2018,FEMALE,ASIAN AND PACIFIC ISLANDER,Riley,19,30
5554,2018,FEMALE,ASIAN AND PACIFIC ISLANDER,Ivy,19,30
5555,2018,FEMALE,ASIAN AND PACIFIC ISLANDER,Irene,19,30
5556,2018,FEMALE,ASIAN AND PACIFIC ISLANDER,Serena,18,31
5557,2018,FEMALE,ASIAN AND PACIFIC ISLANDER,Inaya,18,31
5558,2018,FEMALE,ASIAN AND PACIFIC ISLANDER,Layla,18,31
5559,2018,FEMALE,ASIAN AND PACIFIC ISLANDER,Kaylee,18,31
5560,2018,FEMALE,ASIAN AND PACIFIC ISLANDER,Leah,18,31
5561,2018,FEMALE,ASIAN AND PACIFIC ISLANDER,Celine,18,31
5562,2018,FEMALE,ASIAN AND PACIFIC ISLANDER,Eva,18,31
5563,2018,FEMALE,ASIAN AND PACIFIC ISLANDER,Scarlett,18,31
5564,2018,FEMALE,ASIAN AND PACIFIC ISLANDER,Michelle,17,32
5565,2018,FEMALE,ASIAN AND PACIFIC ISLANDER,Zainab,17,32
5566,2018,FEMALE,ASIAN AND PACIFIC ISLANDER,Zahra,17,32
5567,2018,FEMALE,ASIAN AND PACIFIC ISLANDER,Mila,17,32
5568,2018,FEMALE,ASIAN AND PACIFIC ISLANDER,Kayla,17,32
5569,2018,FEMALE,ASIAN AND PACIFIC ISLANDER,Fiona,17,32
5570,2011,FEMALE,HISPANIC,AYLEEN,14,74
5571,2018,FEMALE,ASIAN AND PACIFIC ISLANDER,Ayat,17,32
5572,2018,FEMALE,ASIAN AND PACIFIC ISLANDER,Amber,17,32
5573,2018,FEMALE,ASIAN AND PACIFIC ISLANDER,Nora,16,33
5574,2018,FEMALE,ASIAN AND PACIFIC ISLANDER,Aleena,16,33
5575,2018,FEMALE,ASIAN AND PACIFIC ISLANDER,Amaya,16,33
5576,2018,FEMALE,ASIAN AND PACIFIC ISLANDER,Ariel,16,33
5577,2018,FEMALE,ASIAN AND PACIFIC ISLANDER,Eleanor,16,33
5578,2018,FEMALE,ASIAN AND PACIFIC ISLANDER,Elizabeth,16,33
5579,2018,FEMALE,ASIAN AND PACIFIC ISLANDER,Hanna,16,33
5580,2018,FEMALE,ASIAN AND PACIFIC ISLANDER,Isabelle,16,33
5581,2018,FEMALE,ASIAN AND PACIFIC ISLANDER,Jasmine,16,33
5582,2018,FEMALE,ASIAN AND PACIFIC ISLANDER,Jessica,16,33
5583,2018,FEMALE,ASIAN AND PACIFIC ISLANDER,Josephine,16,33
5584,2018,FEMALE,ASIAN AND PACIFIC ISLANDER,Natalie,16,33
5585,2018,FEMALE,ASIAN AND PACIFIC ISLANDER,Rachel,15,34
5586,2018,FEMALE,ASIAN AND PACIFIC ISLANDER,Angela,15,34
5587,2018,FEMALE,ASIAN AND PACIFIC ISLANDER,Nicole,15,34
5588,2018,FEMALE,ASIAN AND PACIFIC ISLANDER,Zoya,15,34
5589,2018,FEMALE,ASIAN AND PACIFIC ISLANDER,Ayesha,14,35
5590,2018,FEMALE,ASIAN AND PACIFIC ISLANDER,Alisha,14,35
5591,2018,FEMALE,ASIAN AND PACIFIC ISLANDER,Allison,14,35
5592,2018,FEMALE,ASIAN AND PACIFIC ISLANDER,Anabia,14,35
5593,2018,FEMALE,ASIAN AND PACIFIC ISLANDER,Catherine,14,35
5594,2018,FEMALE,ASIAN AND PACIFIC ISLANDER,Jannat,14,35
5595,2018,FEMALE,ASIAN AND PACIFIC ISLANDER,Kaitlyn,14,35
5596,2018,FEMALE,ASIAN AND PACIFIC ISLANDER,Katherine,14,35
5597,2018,FEMALE,ASIAN AND PACIFIC ISLANDER,Kira,14,35
5598,2018,FEMALE,ASIAN AND PACIFIC ISLANDER,Lydia,14,35
5599,2018,FEMALE,ASIAN AND PACIFIC ISLANDER,Madeline,14,35
5600,2018,FEMALE,ASIAN AND PACIFIC ISLANDER,Melody,14,35
5601,2018,FEMALE,ASIAN AND PACIFIC ISLANDER,Miya,14,35
5602,2018,FEMALE,ASIAN AND PACIFIC ISLANDER,Syeda,14,35
5603,2018,FEMALE,ASIAN AND PACIFIC ISLANDER,Tiffany,14,35
5604,2018,FEMALE,ASIAN AND PACIFIC ISLANDER,Phoebe,13,36
5605,2018,FEMALE,ASIAN AND PACIFIC ISLANDER,Chelsea,13,36
5606,2018,FEMALE,ASIAN AND PACIFIC ISLANDER,Clara,13,36
5607,2018,FEMALE,ASIAN AND PACIFIC ISLANDER,Eliana,13,36
5608,2018,FEMALE,ASIAN AND PACIFIC ISLANDER,Gianna,13,36
5609,2018,FEMALE,ASIAN AND PACIFIC ISLANDER,Julia,13,36
5610,2018,FEMALE,ASIAN AND PACIFIC ISLANDER,Kaia,13,36
5611,2018,FEMALE,ASIAN AND PACIFIC ISLANDER,Myra,13,36
5612,2018,FEMALE,ASIAN AND PACIFIC ISLANDER,Madeleine,13,36
5613,2018,FEMALE,ASIAN AND PACIFIC ISLANDER,Samara,13,36
5614,2018,FEMALE,ASIAN AND PACIFIC ISLANDER,Sara,13,36
5615,2018,FEMALE,ASIAN AND PACIFIC ISLANDER,Skylar,13,36
5616,2018,FEMALE,ASIAN AND PACIFIC ISLANDER,Kelly,12,37
5617,2018,FEMALE,ASIAN AND PACIFIC ISLANDER,Stephanie,12,37
5618,2018,FEMALE,ASIAN AND PACIFIC ISLANDER,Safa,12,37
5619,2018,FEMALE,ASIAN AND PACIFIC ISLANDER,Elina,12,37
5620,2018,FEMALE,ASIAN AND PACIFIC ISLANDER,Nina,12,37
5621,2018,FEMALE,ASIAN AND PACIFIC ISLANDER,Naomi,12,37
5622,2018,FEMALE,ASIAN AND PACIFIC ISLANDER,Eileen,12,37
5623,2018,FEMALE,ASIAN AND PACIFIC ISLANDER,Annika,12,37
5624,2018,FEMALE,ASIAN AND PACIFIC ISLANDER,Abby,12,37
5625,2018,FEMALE,ASIAN AND PACIFIC ISLANDER,Aliza,12,37
5626,2018,FEMALE,ASIAN AND PACIFIC ISLANDER,Karina,11,38
5627,2018,FEMALE,ASIAN AND PACIFIC ISLANDER,Aiza,11,38
5628,2018,FEMALE,ASIAN AND PACIFIC ISLANDER,Anika,11,38
5629,2018,FEMALE,ASIAN AND PACIFIC ISLANDER,Cynthia,11,38
5630,2018,FEMALE,ASIAN AND PACIFIC ISLANDER,Diya,11,38
5631,2018,FEMALE,ASIAN AND PACIFIC ISLANDER,Isabel,11,38
5632,2018,FEMALE,ASIAN AND PACIFIC ISLANDER,Jocelyn,11,38
5633,2018,FEMALE,ASIAN AND PACIFIC ISLANDER,Khadijah,11,38
5634,2018,FEMALE,ASIAN AND PACIFIC ISLANDER,Reina,11,38
5635,2018,FEMALE,ASIAN AND PACIFIC ISLANDER,Samantha,11,38
5636,2018,FEMALE,ASIAN AND PACIFIC ISLANDER,Sylvia,11,38
5637,2018,FEMALE,ASIAN AND PACIFIC ISLANDER,Aurora,10,39
5638,2018,FEMALE,ASIAN AND PACIFIC ISLANDER,Tina,10,39
5639,2018,FEMALE,ASIAN AND PACIFIC ISLANDER,Selina,10,39
5640,2018,FEMALE,ASIAN AND PACIFIC ISLANDER,Manha,10,39
5641,2018,FEMALE,ASIAN AND PACIFIC ISLANDER,Maliha,10,39
5642,2018,FEMALE,ASIAN AND PACIFIC ISLANDER,Liyana,10,39
5643,2018,FEMALE,ASIAN AND PACIFIC ISLANDER,Lillian,10,39
5644,2018,FEMALE,ASIAN AND PACIFIC ISLANDER,Leila,10,39
5645,2018,FEMALE,ASIAN AND PACIFIC ISLANDER,Leela,10,39
5646,2018,FEMALE,ASIAN AND PACIFIC ISLANDER,Joy,10,39
5647,2018,FEMALE,ASIAN AND PACIFIC ISLANDER,Aayat,10,39
5648,2018,FEMALE,ASIAN AND PACIFIC ISLANDER,Jennifer,10,39
5649,2018,FEMALE,ASIAN AND PACIFIC ISLANDER,Isla,10,39
5650,2018,FEMALE,ASIAN AND PACIFIC ISLANDER,Summer,10,39
5651,2018,FEMALE,ASIAN AND PACIFIC ISLANDER,Alexandra,10,39
5652,2018,FEMALE,ASIAN AND PACIFIC ISLANDER,Aliya,10,39
5653,2018,FEMALE,ASIAN AND PACIFIC ISLANDER,Hafsa,10,39
5654,2018,FEMALE,ASIAN AND PACIFIC ISLANDER,Esther,10,39
5655,2018,FEMALE,ASIAN AND PACIFIC ISLANDER,Eshaal,10,39
5656,2018,FEMALE,ASIAN AND PACIFIC ISLANDER,Elaine,10,39
5657,2018,FEMALE,ASIAN AND PACIFIC ISLANDER,Amira,10,39
5658,2018,FEMALE,ASIAN AND PACIFIC ISLANDER,Arisha,10,39
5659,2018,FEMALE,BLACK NON HISPANIC,Ava,109,1
5660,2018,FEMALE,BLACK NON HISPANIC,Madison,62,2
5661,2018,FEMALE,BLACK NON HISPANIC,Olivia,60,3
5662,2018,FEMALE,BLACK NON HISPANIC,Skylar,56,4
5663,2018,FEMALE,BLACK NON HISPANIC,Amelia,53,5
5664,2018,FEMALE,BLACK NON HISPANIC,Zuri,47,6
5665,2018,FEMALE,BLACK NON HISPANIC,Riley,45,7
5666,2018,FEMALE,BLACK NON HISPANIC,Chloe,44,8
5667,2018,FEMALE,BLACK NON HISPANIC,Isabella,43,9
5668,2018,FEMALE,BLACK NON HISPANIC,Zoey,42,10
5669,2018,FEMALE,BLACK NON HISPANIC,Aaliyah,41,11
5670,2018,FEMALE,BLACK NON HISPANIC,Savannah,39,12
5671,2018,FEMALE,BLACK NON HISPANIC,Nova,38,13
5672,2018,FEMALE,BLACK NON HISPANIC,Brielle,37,14
5673,2018,FEMALE,BLACK NON HISPANIC,Aria,35,15
5674,2018,FEMALE,BLACK NON HISPANIC,Mia,35,15
5675,2018,FEMALE,BLACK NON HISPANIC,Abigail,35,15
5676,2018,FEMALE,BLACK NON HISPANIC,Fatoumata,34,16
5677,2018,FEMALE,BLACK NON HISPANIC,Serenity,33,17
5678,2018,FEMALE,BLACK NON HISPANIC,Bella,33,17
5679,2018,FEMALE,BLACK NON HISPANIC,Fatima,32,18
5680,2018,FEMALE,BLACK NON HISPANIC,Ariah,31,19
5681,2018,FEMALE,BLACK NON HISPANIC,Harmony,30,20
5682,2018,FEMALE,BLACK NON HISPANIC,Nevaeh,30,20
5683,2018,FEMALE,BLACK NON HISPANIC,Faith,30,20
5684,2018,FEMALE,BLACK NON HISPANIC,Nyla,30,20
5685,2018,FEMALE,BLACK NON HISPANIC,Zoe,30,20
5686,2018,FEMALE,BLACK NON HISPANIC,Layla,29,21
5687,2018,FEMALE,BLACK NON HISPANIC,Gabriella,28,22
5688,2018,FEMALE,BLACK NON HISPANIC,Aisha,28,22
5689,2018,FEMALE,BLACK NON HISPANIC,Sarah,28,22
5690,2018,FEMALE,BLACK NON HISPANIC,Hailey,27,23
5691,2018,FEMALE,BLACK NON HISPANIC,Amina,26,24
5692,2018,FEMALE,BLACK NON HISPANIC,Gabrielle,26,24
5693,2018,FEMALE,BLACK NON HISPANIC,Autumn,26,24
5694,2018,FEMALE,BLACK NON HISPANIC,Amiyah,25,25
5695,2018,FEMALE,BLACK NON HISPANIC,Maya,24,26
5696,2018,FEMALE,BLACK NON HISPANIC,Taylor,24,26
5697,2018,FEMALE,BLACK NON HISPANIC,Nylah,24,26
5698,2018,FEMALE,BLACK NON HISPANIC,Victoria,23,27
5699,2018,FEMALE,BLACK NON HISPANIC,Sarai,23,27
5700,2018,FEMALE,BLACK NON HISPANIC,Paris,23,27
5701,2018,FEMALE,BLACK NON HISPANIC,Naomi,23,27
5702,2018,FEMALE,BLACK NON HISPANIC,Mariama,23,27
5703,2018,FEMALE,BLACK NON HISPANIC,Kayla,23,27
5704,2018,FEMALE,BLACK NON HISPANIC,Grace,23,27
5705,2018,FEMALE,BLACK NON HISPANIC,Laila,22,28
5706,2018,FEMALE,BLACK NON HISPANIC,Alani,22,28
5707,2018,FEMALE,BLACK NON HISPANIC,Amaya,22,28
5708,2018,FEMALE,BLACK NON HISPANIC,Aniyah,22,28
5709,2018,FEMALE,BLACK NON HISPANIC,Malia,21,29
5710,2018,FEMALE,BLACK NON HISPANIC,Mariam,21,29
5711,2018,FEMALE,BLACK NON HISPANIC,London,21,29
5712,2018,FEMALE,BLACK NON HISPANIC,Leah,21,29
5713,2018,FEMALE,BLACK NON HISPANIC,Khloe,21,29
5714,2018,FEMALE,BLACK NON HISPANIC,Kylie,20,30
5715,2018,FEMALE,BLACK NON HISPANIC,Makayla,20,30
5716,2018,FEMALE,BLACK NON HISPANIC,Miracle,20,30
5717,2018,FEMALE,BLACK NON HISPANIC,Elizabeth,20,30
5718,2018,FEMALE,BLACK NON HISPANIC,Destiny,20,30
5719,2018,FEMALE,BLACK NON HISPANIC,Genesis,20,30
5720,2018,FEMALE,BLACK NON HISPANIC,Sophia,20,30
5721,2018,FEMALE,BLACK NON HISPANIC,Jayla,19,31
5722,2018,FEMALE,BLACK NON HISPANIC,Arielle,19,31
5723,2018,FEMALE,BLACK NON HISPANIC,Eliana,19,31
5724,2018,FEMALE,BLACK NON HISPANIC,Emily,19,31
5725,2018,FEMALE,BLACK NON HISPANIC,Heaven,19,31
5726,2018,FEMALE,BLACK NON HISPANIC,Journee,19,31
5727,2018,FEMALE,BLACK NON HISPANIC,Mya,19,31
5728,2018,FEMALE,BLACK NON HISPANIC,Nia,19,31
5729,2018,FEMALE,BLACK NON HISPANIC,Paige,19,31
5730,2018,FEMALE,BLACK NON HISPANIC,Aliyah,18,32
5731,2018,FEMALE,BLACK NON HISPANIC,Gianna,18,32
5732,2018,FEMALE,BLACK NON HISPANIC,Egypt,18,32
5733,2018,FEMALE,BLACK NON HISPANIC,Kaylee,18,32
5734,2018,FEMALE,BLACK NON HISPANIC,Arya,18,32
5735,2018,FEMALE,BLACK NON HISPANIC,Londyn,17,33
5736,2018,FEMALE,BLACK NON HISPANIC,Emma,17,33
5737,2018,FEMALE,BLACK NON HISPANIC,Hawa,17,33
5738,2018,FEMALE,BLACK NON HISPANIC,Hannah,17,33
5739,2018,FEMALE,BLACK NON HISPANIC,Oumou,17,33
5740,2018,FEMALE,BLACK NON HISPANIC,Aubrey,17,33
5741,2018,FEMALE,BLACK NON HISPANIC,Michelle,17,33
5742,2018,FEMALE,BLACK NON HISPANIC,Avery,17,33
5743,2018,FEMALE,BLACK NON HISPANIC,Peyton,17,33
5744,2018,FEMALE,BLACK NON HISPANIC,Summer,17,33
5745,2018,FEMALE,BLACK NON HISPANIC,Jada,17,33
5746,2018,FEMALE,BLACK NON HISPANIC,Kali,17,33
5747,2018,FEMALE,BLACK NON HISPANIC,Ariel,16,34
5748,2018,FEMALE,BLACK NON HISPANIC,Imani,16,34
5749,2018,FEMALE,BLACK NON HISPANIC,Ariana,16,34
5750,2018,FEMALE,BLACK NON HISPANIC,Trinity,16,34
5751,2018,FEMALE,BLACK NON HISPANIC,Aminata,16,34
5752,2018,FEMALE,BLACK NON HISPANIC,Amirah,16,34
5753,2018,FEMALE,BLACK NON HISPANIC,Leilani,15,35
5754,2018,FEMALE,BLACK NON HISPANIC,Christina,15,35
5755,2018,FEMALE,BLACK NON HISPANIC,Sage,15,35
5756,2018,FEMALE,BLACK NON HISPANIC,Saniyah,15,35
5757,2018,FEMALE,BLACK NON HISPANIC,Lyric,14,36
5758,2018,FEMALE,BLACK NON HISPANIC,Alyssa,14,36
5759,2018,FEMALE,BLACK NON HISPANIC,Heavenly,14,36
5760,2018,FEMALE,BLACK NON HISPANIC,Kennedy,14,36
5761,2018,FEMALE,BLACK NON HISPANIC,Skyla,14,36
5762,2018,FEMALE,BLACK NON HISPANIC,Aniya,14,36
5763,2018,FEMALE,BLACK NON HISPANIC,Arianna,13,37
5764,2018,FEMALE,BLACK NON HISPANIC,Melody,13,37
5765,2018,FEMALE,BLACK NON HISPANIC,Kehlani,13,37
5766,2018,FEMALE,BLACK NON HISPANIC,Khadija,13,37
5767,2018,FEMALE,BLACK NON HISPANIC,Maliyah,13,37
5768,2018,FEMALE,BLACK NON HISPANIC,Brianna,13,37
5769,2018,FEMALE,BLACK NON HISPANIC,Brooke,13,37
5770,2018,FEMALE,BLACK NON HISPANIC,Cali,13,37
5771,2018,FEMALE,BLACK NON HISPANIC,Emmanuella,13,37
5772,2018,FEMALE,BLACK NON HISPANIC,Hope,13,37
5773,2018,FEMALE,BLACK NON HISPANIC,Jade,13,37
5774,2018,FEMALE,BLACK NON HISPANIC,Jordyn,13,37
5775,2018,FEMALE,BLACK NON HISPANIC,Fanta,12,38
5776,2018,FEMALE,BLACK NON HISPANIC,Marley,12,38
5777,2018,FEMALE,BLACK NON HISPANIC,Milani,12,38
5778,2018,FEMALE,BLACK NON HISPANIC,Jayda,12,38
5779,2018,FEMALE,BLACK NON HISPANIC,Sanai,12,38
5780,2018,FEMALE,BLACK NON HISPANIC,Princess,12,38
5781,2018,FEMALE,BLACK NON HISPANIC,Phoenix,12,38
5782,2018,FEMALE,BLACK NON HISPANIC,Aissatou,12,38
5783,2018,FEMALE,BLACK NON HISPANIC,Kelsey,12,38
5784,2018,FEMALE,BLACK NON HISPANIC,Wynter,12,38
5785,2018,FEMALE,BLACK NON HISPANIC,Yara,12,38
5786,2018,FEMALE,BLACK NON HISPANIC,Amira,12,38
5787,2018,FEMALE,BLACK NON HISPANIC,Nailah,12,38
5788,2018,FEMALE,BLACK NON HISPANIC,Dream,12,38
5789,2018,FEMALE,BLACK NON HISPANIC,Amayah,12,38
5790,2018,FEMALE,BLACK NON HISPANIC,Morgan,12,38
5791,2018,FEMALE,BLACK NON HISPANIC,Tori,12,38
5792,2018,FEMALE,BLACK NON HISPANIC,Rylee,11,39
5793,2018,FEMALE,BLACK NON HISPANIC,Kimora,11,39
5794,2018,FEMALE,BLACK NON HISPANIC,Kaylani,11,39
5795,2018,FEMALE,BLACK NON HISPANIC,Ariyah,11,39
5796,2018,FEMALE,BLACK NON HISPANIC,Kaliyah,11,39
5797,2018,FEMALE,BLACK NON HISPANIC,Addison,11,39
5798,2018,FEMALE,BLACK NON HISPANIC,Eva,11,39
5799,2018,FEMALE,BLACK NON HISPANIC,Kyla,11,39
5800,2018,FEMALE,BLACK NON HISPANIC,Zaria,11,39
5801,2018,FEMALE,BLACK NON HISPANIC,Anaya,11,39
5802,2018,FEMALE,BLACK NON HISPANIC,Reign,11,39
5803,2018,FEMALE,BLACK NON HISPANIC,Skylah,11,39
5804,2018,FEMALE,BLACK NON HISPANIC,Mila,11,39
5805,2018,FEMALE,BLACK NON HISPANIC,Elise,11,39
5806,2018,FEMALE,BLACK NON HISPANIC,Cassidy,11,39
5807,2018,FEMALE,BLACK NON HISPANIC,Mackenzie,11,39
5808,2018,FEMALE,BLACK NON HISPANIC,Esther,10,40
5809,2018,FEMALE,BLACK NON HISPANIC,Janiyah,10,40
5810,2018,FEMALE,BLACK NON HISPANIC,Azariah,10,40
5811,2018,FEMALE,BLACK NON HISPANIC,Journey,10,40
5812,2018,FEMALE,BLACK NON HISPANIC,Zahra,10,40
5813,2018,FEMALE,BLACK NON HISPANIC,Simone,10,40
5814,2018,FEMALE,BLACK NON HISPANIC,Sariyah,10,40
5815,2018,FEMALE,BLACK NON HISPANIC,Khadijah,10,40
5816,2018,FEMALE,BLACK NON HISPANIC,Lauren,10,40
5817,2018,FEMALE,BLACK NON HISPANIC,Mariah,10,40
5818,2018,FEMALE,BLACK NON HISPANIC,Madisyn,10,40
5819,2018,FEMALE,BLACK NON HISPANIC,Nala,10,40
5820,2018,FEMALE,BLACK NON HISPANIC,Milan,10,40
5821,2018,FEMALE,BLACK NON HISPANIC,Bailey,10,40
5822,2018,FEMALE,BLACK NON HISPANIC,Demi,10,40
5823,2018,FEMALE,BLACK NON HISPANIC,Melanie,10,40
5824,2018,FEMALE,BLACK NON HISPANIC,Isabelle,10,40
5825,2018,FEMALE,BLACK NON HISPANIC,Royalty,10,40
5826,2018,FEMALE,BLACK NON HISPANIC,McKenzie,10,40
5827,2018,FEMALE,HISPANIC,Isabella,285,1
5828,2018,FEMALE,HISPANIC,Emma,215,2
5829,2018,FEMALE,HISPANIC,Sophia,212,3
5830,2018,FEMALE,HISPANIC,Mia,197,4
5831,2018,FEMALE,HISPANIC,Camila,177,5
5832,2018,FEMALE,HISPANIC,Sofia,155,6
5833,2018,FEMALE,HISPANIC,Luna,153,7
5834,2018,FEMALE,HISPANIC,Valentina,132,8
5835,2018,FEMALE,HISPANIC,Abigail,109,9
5836,2018,FEMALE,HISPANIC,Amelia,105,10
5837,2018,FEMALE,HISPANIC,Victoria,100,11
5838,2018,FEMALE,HISPANIC,Leah,100,11
5839,2018,FEMALE,HISPANIC,Emily,92,12
5840,2018,FEMALE,HISPANIC,Ava,91,13
5841,2018,FEMALE,HISPANIC,Genesis,86,14
5842,2018,FEMALE,HISPANIC,Samantha,85,15
5843,2018,FEMALE,HISPANIC,Olivia,84,16
5844,2018,FEMALE,HISPANIC,Scarlett,83,17
5845,2018,FEMALE,HISPANIC,Mila,81,18
5846,2018,FEMALE,HISPANIC,Ariana,78,19
5847,2018,FEMALE,HISPANIC,Zoe,74,20
5848,2018,FEMALE,HISPANIC,Ashley,71,21
5849,2018,FEMALE,HISPANIC,Alexa,71,21
5850,2018,FEMALE,HISPANIC,Allison,69,22
5851,2018,FEMALE,HISPANIC,Alaia,65,23
5852,2018,FEMALE,HISPANIC,Kaylee,65,23
5853,2018,FEMALE,HISPANIC,Bella,64,24
5854,2018,FEMALE,HISPANIC,Hailey,64,24
5855,2018,FEMALE,HISPANIC,Melanie,60,25
5856,2018,FEMALE,HISPANIC,Penelope,58,26
5857,2018,FEMALE,HISPANIC,Madison,58,26
5858,2018,FEMALE,HISPANIC,Amaya,56,27
5859,2018,FEMALE,HISPANIC,Amy,56,27
5860,2018,FEMALE,HISPANIC,Savannah,56,27
5861,2018,FEMALE,HISPANIC,Elizabeth,55,28
5862,2018,FEMALE,HISPANIC,Grace,53,29
5863,2018,FEMALE,HISPANIC,Kylie,53,29
5864,2018,FEMALE,HISPANIC,Aaliyah,53,29
5865,2018,FEMALE,HISPANIC,Charlotte,52,30
5866,2018,FEMALE,HISPANIC,Sarah,51,31
5867,2018,FEMALE,HISPANIC,Gianna,51,31
5868,2018,FEMALE,HISPANIC,Daniela,50,32
5869,2018,FEMALE,HISPANIC,Emilia,48,33
5870,2018,FEMALE,HISPANIC,Samara,47,34
5871,2018,FEMALE,HISPANIC,Valerie,47,34
5872,2018,FEMALE,HISPANIC,Kimberly,47,34
5873,2018,FEMALE,HISPANIC,Jade,46,35
5874,2018,FEMALE,HISPANIC,Valeria,46,35
5875,2018,FEMALE,HISPANIC,Aria,45,36
5876,2018,FEMALE,HISPANIC,Layla,45,36
5877,2018,FEMALE,HISPANIC,Zoey,45,36
5878,2018,FEMALE,HISPANIC,Leilani,44,37
5879,2018,FEMALE,HISPANIC,Chloe,44,37
5880,2018,FEMALE,HISPANIC,Brianna,44,37
5881,2018,FEMALE,HISPANIC,Gabriella,44,37
5882,2018,FEMALE,HISPANIC,Juliette,40,38
5883,2018,FEMALE,HISPANIC,Evelyn,40,38
5884,2018,FEMALE,HISPANIC,Eliana,39,39
5885,2018,FEMALE,HISPANIC,Avery,38,40
5886,2018,FEMALE,HISPANIC,Riley,37,41
5887,2018,FEMALE,HISPANIC,Amaia,36,42
5888,2018,FEMALE,HISPANIC,Arianna,35,43
5889,2018,FEMALE,HISPANIC,Elena,35,43
5890,2018,FEMALE,HISPANIC,Delilah,35,43
5891,2018,FEMALE,HISPANIC,Hannah,34,44
5892,2018,FEMALE,HISPANIC,Maya,34,44
5893,2018,FEMALE,HISPANIC,Lia,34,44
5894,2018,FEMALE,HISPANIC,Aubrey,33,45
5895,2018,FEMALE,HISPANIC,Catalina,32,46
5896,2018,FEMALE,HISPANIC,Andrea,32,46
5897,2018,FEMALE,HISPANIC,Melody,32,46
5898,2018,FEMALE,HISPANIC,Antonella,31,47
5899,2018,FEMALE,HISPANIC,Ximena,31,47
5900,2018,FEMALE,HISPANIC,Sara,30,48
5901,2018,FEMALE,HISPANIC,Eva,30,48
5902,2018,FEMALE,HISPANIC,Angelina,30,48
5903,2018,FEMALE,HISPANIC,Ana,30,48
5904,2018,FEMALE,HISPANIC,Katherine,30,48
5905,2018,FEMALE,HISPANIC,Gabriela,30,48
5906,2018,FEMALE,HISPANIC,Nicole,29,49
5907,2018,FEMALE,HISPANIC,Amalia,29,49
5908,2018,FEMALE,HISPANIC,Adriana,29,49
5909,2018,FEMALE,HISPANIC,Ella,29,49
5910,2018,FEMALE,HISPANIC,Naomi,29,49
5911,2018,FEMALE,HISPANIC,Alyssa,29,49
5912,2018,FEMALE,HISPANIC,Alana,28,50
5913,2018,FEMALE,HISPANIC,Rose,28,50
5914,2018,FEMALE,HISPANIC,Jazlyn,28,50
5915,2018,FEMALE,HISPANIC,Diana,28,50
5916,2018,FEMALE,HISPANIC,Maria,27,51
5917,2018,FEMALE,HISPANIC,Isabel,27,51
5918,2018,FEMALE,HISPANIC,Nova,26,52
5919,2018,FEMALE,HISPANIC,Kaylani,26,52
5920,2018,FEMALE,HISPANIC,Danna,26,52
5921,2018,FEMALE,HISPANIC,Jayleen,26,52
5922,2018,FEMALE,HISPANIC,Aurora,26,52
5923,2018,FEMALE,HISPANIC,Alice,25,53
5924,2018,FEMALE,HISPANIC,Alexandra,25,53
5925,2018,FEMALE,HISPANIC,Aliyah,25,53
5926,2018,FEMALE,HISPANIC,Athena,25,53
5927,2018,FEMALE,HISPANIC,Emely,25,53
5928,2018,FEMALE,HISPANIC,Kayla,25,53
5929,2018,FEMALE,HISPANIC,Natalia,24,54
5930,2018,FEMALE,HISPANIC,Khloe,24,54
5931,2018,FEMALE,HISPANIC,Michelle,24,54
5932,2018,FEMALE,HISPANIC,Keily,24,54
5933,2018,FEMALE,HISPANIC,Melissa,23,55
5934,2018,FEMALE,HISPANIC,Jayla,23,55
5935,2018,FEMALE,HISPANIC,Natalie,23,55
5936,2018,FEMALE,HISPANIC,Serenity,23,55
5937,2018,FEMALE,HISPANIC,Skylar,23,55
5938,2018,FEMALE,HISPANIC,Arya,22,56
5939,2018,FEMALE,HISPANIC,Amanda,22,56
5940,2018,FEMALE,HISPANIC,Alison,22,56
5941,2018,FEMALE,HISPANIC,Yaretzi,22,56
5942,2018,FEMALE,HISPANIC,Violet,22,56
5943,2018,FEMALE,HISPANIC,Lucia,22,56
5944,2018,FEMALE,HISPANIC,Lily,22,56
5945,2018,FEMALE,HISPANIC,Chelsea,22,56
5946,2018,FEMALE,HISPANIC,Maia,21,57
5947,2018,FEMALE,HISPANIC,Sarai,21,57
5948,2018,FEMALE,HISPANIC,Kiara,21,57
5949,2018,FEMALE,HISPANIC,Selena,21,57
5950,2018,FEMALE,HISPANIC,Kamila,21,57
5951,2018,FEMALE,HISPANIC,Amber,20,58
5952,2018,FEMALE,HISPANIC,Leslie,20,58
5953,2018,FEMALE,HISPANIC,Angela,20,58
5954,2018,FEMALE,HISPANIC,Briana,20,58
5955,2018,FEMALE,HISPANIC,Vanessa,20,58
5956,2018,FEMALE,HISPANIC,Alicia,20,58
5957,2018,FEMALE,HISPANIC,Julia,20,58
5958,2018,FEMALE,HISPANIC,Alejandra,20,58
5959,2018,FEMALE,HISPANIC,Jasmine,19,59
5960,2018,FEMALE,HISPANIC,Stephanie,19,59
5961,2018,FEMALE,HISPANIC,Ruby,19,59
5962,2018,FEMALE,HISPANIC,Kehlani,19,59
5963,2018,FEMALE,HISPANIC,Karla,19,59
5964,2018,FEMALE,HISPANIC,Juliet,19,59
5965,2018,FEMALE,HISPANIC,Aliah,19,59
5966,2018,FEMALE,HISPANIC,Juliana,18,60
5967,2018,FEMALE,HISPANIC,Aileen,18,60
5968,2018,FEMALE,HISPANIC,Stella,18,60
5969,2018,FEMALE,HISPANIC,Alani,18,60
5970,2018,FEMALE,HISPANIC,Daniella,18,60
5971,2018,FEMALE,HISPANIC,Isabelle,18,60
5972,2018,FEMALE,HISPANIC,Sienna,17,61
5973,2018,FEMALE,HISPANIC,Ivanna,17,61
5974,2018,FEMALE,HISPANIC,Angelica,17,61
5975,2018,FEMALE,HISPANIC,Faith,17,61
5976,2018,FEMALE,HISPANIC,Esmeralda,17,61
5977,2018,FEMALE,HISPANIC,Nashla,17,61
5978,2018,FEMALE,HISPANIC,Adeline,17,61
5979,2018,FEMALE,HISPANIC,Leila,17,61
5980,2018,FEMALE,HISPANIC,Nayeli,17,61
5981,2018,FEMALE,HISPANIC,Kaitlyn,17,61
5982,2018,FEMALE,HISPANIC,Nylah,17,61
5983,2018,FEMALE,HISPANIC,April,17,61
5984,2018,FEMALE,HISPANIC,Madelyn,17,61
5985,2018,FEMALE,HISPANIC,Alondra,17,61
5986,2018,FEMALE,HISPANIC,Analia,16,62
5987,2018,FEMALE,HISPANIC,Liliana,16,62
5988,2018,FEMALE,HISPANIC,Elisa,16,62
5989,2018,FEMALE,HISPANIC,Bianca,16,62
5990,2018,FEMALE,HISPANIC,Aylin,16,62
5991,2018,FEMALE,HISPANIC,Alessandra,16,62
5992,2018,FEMALE,HISPANIC,Jennifer,15,63
5993,2018,FEMALE,HISPANIC,Anna,15,63
5994,2018,FEMALE,HISPANIC,Arlette,15,63
5995,2018,FEMALE,HISPANIC,Esther,15,63
5996,2018,FEMALE,HISPANIC,Everly,15,63
5997,2018,FEMALE,HISPANIC,Harmony,15,63
5998,2018,FEMALE,HISPANIC,Keyla,15,63
5999,2018,FEMALE,HISPANIC,Lizbeth,15,63
6000,2018,FEMALE,HISPANIC,Mariana,15,63
6001,2018,FEMALE,HISPANIC,Alanna,14,64
6002,2018,FEMALE,HISPANIC,Destiny,14,64
6003,2018,FEMALE,HISPANIC,Giselle,14,64
6004,2018,FEMALE,HISPANIC,Itzel,14,64
6005,2018,FEMALE,HISPANIC,Jocelyn,14,64
6006,2018,FEMALE,HISPANIC,Kailani,14,64
6007,2018,FEMALE,HISPANIC,Leia,14,64
6008,2018,FEMALE,HISPANIC,London,14,64
6009,2018,FEMALE,HISPANIC,Madeline,14,64
6010,2018,FEMALE,HISPANIC,Melany,14,64
6011,2018,FEMALE,HISPANIC,Summer,14,64
6012,2018,FEMALE,HISPANIC,Ariella,14,64
6013,2018,FEMALE,HISPANIC,Alina,14,64
6014,2018,FEMALE,HISPANIC,Alayna,14,64
6015,2018,FEMALE,HISPANIC,Briella,14,64
6016,2018,FEMALE,HISPANIC,Heaven,13,65
6017,2018,FEMALE,HISPANIC,Peyton,13,65
6018,2018,FEMALE,HISPANIC,Nyla,13,65
6019,2018,FEMALE,HISPANIC,Nevaeh,13,65
6020,2018,FEMALE,HISPANIC,Mackenzie,13,65
6021,2018,FEMALE,HISPANIC,Julissa,13,65
6022,2018,FEMALE,HISPANIC,Harley,13,65
6023,2018,FEMALE,HISPANIC,Ellie,13,65
6024,2018,FEMALE,HISPANIC,Eileen,13,65
6025,2018,FEMALE,HISPANIC,Dayana,13,65
6026,2018,FEMALE,HISPANIC,Daleyza,13,65
6027,2018,FEMALE,HISPANIC,Cecilia,13,65
6028,2018,FEMALE,HISPANIC,Ayla,13,65
6029,2018,FEMALE,HISPANIC,Autumn,13,65
6030,2018,FEMALE,HISPANIC,Anais,13,65
6031,2018,FEMALE,HISPANIC,Alma,13,65
6032,2018,FEMALE,HISPANIC,Lauren,12,66
6033,2018,FEMALE,HISPANIC,Annabelle,12,66
6034,2018,FEMALE,HISPANIC,Amira,12,66
6035,2018,FEMALE,HISPANIC,Adrianna,12,66
6036,2018,FEMALE,HISPANIC,Lillian,12,66
6037,2018,FEMALE,HISPANIC,Ariadna,12,66
6038,2018,FEMALE,HISPANIC,Makayla,12,66
6039,2018,FEMALE,HISPANIC,Anastasia,12,66
6040,2018,FEMALE,HISPANIC,Micaela,12,66
6041,2018,FEMALE,HISPANIC,Montserrat,12,66
6042,2018,FEMALE,HISPANIC,Anaya,12,66
6043,2018,FEMALE,HISPANIC,Brittany,12,66
6044,2018,FEMALE,HISPANIC,Jacqueline,12,66
6045,2018,FEMALE,HISPANIC,Jaylene,12,66
6046,2018,FEMALE,HISPANIC,Jimena,12,66
6047,2018,FEMALE,HISPANIC,Kailey,12,66
6048,2018,FEMALE,HISPANIC,Angelique,12,66
6049,2018,FEMALE,HISPANIC,Luciana,11,67
6050,2018,FEMALE,HISPANIC,Aleah,11,67
6051,2018,FEMALE,HISPANIC,Annalise,11,67
6052,2018,FEMALE,HISPANIC,Ariah,11,67
6053,2018,FEMALE,HISPANIC,Arleth,11,67
6054,2018,FEMALE,HISPANIC,Aubree,11,67
6055,2018,FEMALE,HISPANIC,Brielle,11,67
6056,2018,FEMALE,HISPANIC,Camille,11,67
6057,2018,FEMALE,HISPANIC,Celine,11,67
6058,2018,FEMALE,HISPANIC,Emmy,11,67
6059,2018,FEMALE,HISPANIC,Gia,11,67
6060,2018,FEMALE,HISPANIC,Hazel,11,67
6061,2018,FEMALE,HISPANIC,Isabela,11,67
6062,2018,FEMALE,HISPANIC,Jaylah,11,67
6063,2018,FEMALE,HISPANIC,Jazmin,11,67
6064,2018,FEMALE,HISPANIC,Leyla,11,67
6065,2018,FEMALE,HISPANIC,Meghan,11,67
6066,2018,FEMALE,HISPANIC,Melina,11,67
6067,2018,FEMALE,HISPANIC,Miranda,11,67
6068,2018,FEMALE,HISPANIC,Paloma,11,67
6069,2018,FEMALE,HISPANIC,Sherlyn,11,67
6070,2018,FEMALE,HISPANIC,Stacy,11,67
6071,2018,FEMALE,HISPANIC,Taylor,11,67
6072,2018,FEMALE,HISPANIC,Valery,11,67
6073,2018,FEMALE,HISPANIC,Zara,11,67
6074,2018,FEMALE,HISPANIC,Elliana,10,68
6075,2018,FEMALE,HISPANIC,Julie,10,68
6076,2018,FEMALE,HISPANIC,Kaylie,10,68
6077,2018,FEMALE,HISPANIC,Daisy,10,68
6078,2018,FEMALE,HISPANIC,Kelly,10,68
6079,2018,FEMALE,HISPANIC,Liana,10,68
6080,2018,FEMALE,HISPANIC,Lianna,10,68
6081,2018,FEMALE,HISPANIC,Malia,10,68
6082,2018,FEMALE,HISPANIC,Elianny,10,68
6083,2018,FEMALE,HISPANIC,Julianna,10,68
6084,2018,FEMALE,HISPANIC,Mya,10,68
6085,2018,FEMALE,HISPANIC,Jessica,10,68
6086,2018,FEMALE,HISPANIC,Chanel,10,68
6087,2018,FEMALE,HISPANIC,Phoenix,10,68
6088,2018,FEMALE,HISPANIC,Ivy,10,68
6089,2018,FEMALE,HISPANIC,Adelyn,10,68
6090,2018,FEMALE,HISPANIC,Alia,10,68
6091,2018,FEMALE,HISPANIC,Rebecca,10,68
6092,2018,FEMALE,HISPANIC,Dahlia,10,68
6093,2018,FEMALE,HISPANIC,Arielle,10,68
6094,2018,FEMALE,HISPANIC,Alisson,10,68
6095,2018,FEMALE,HISPANIC,Jaslyn,10,68
6096,2018,FEMALE,HISPANIC,Sophie,10,68
6097,2018,FEMALE,WHITE NON HISPANIC,Esther,246,1
6098,2018,FEMALE,WHITE NON HISPANIC,Leah,220,2
6099,2018,FEMALE,WHITE NON HISPANIC,Sarah,214,3
6100,2018,FEMALE,WHITE NON HISPANIC,Olivia,198,4
6101,2018,FEMALE,WHITE NON HISPANIC,Chaya,189,5
6102,2018,FEMALE,WHITE NON HISPANIC,Emma,185,6
6103,2018,FEMALE,WHITE NON HISPANIC,Rachel,173,7
6104,2018,FEMALE,WHITE NON HISPANIC,Charlotte,167,8
6105,2018,FEMALE,WHITE NON HISPANIC,Chana,153,9
6106,2018,FEMALE,WHITE NON HISPANIC,Sophia,144,10
6107,2018,FEMALE,WHITE NON HISPANIC,Mia,138,11
6108,2018,FEMALE,WHITE NON HISPANIC,Miriam,137,12
6109,2018,FEMALE,WHITE NON HISPANIC,Rivka,128,13
6110,2018,FEMALE,WHITE NON HISPANIC,Ella,126,14
6111,2018,FEMALE,WHITE NON HISPANIC,Sara,121,15
6112,2018,FEMALE,WHITE NON HISPANIC,Ava,120,16
6113,2018,FEMALE,WHITE NON HISPANIC,Maya,118,17
6114,2018,FEMALE,WHITE NON HISPANIC,Sofia,107,18
6115,2018,FEMALE,WHITE NON HISPANIC,Emily,106,19
6116,2018,FEMALE,WHITE NON HISPANIC,Abigail,104,20
6117,2018,FEMALE,WHITE NON HISPANIC,Amelia,104,20
6118,2018,FEMALE,WHITE NON HISPANIC,Isabella,98,21
6119,2018,FEMALE,WHITE NON HISPANIC,Elizabeth,95,22
6120,2018,FEMALE,WHITE NON HISPANIC,Grace,91,23
6121,2018,FEMALE,WHITE NON HISPANIC,Mila,86,24
6122,2018,FEMALE,WHITE NON HISPANIC,Chloe,86,24
6123,2018,FEMALE,WHITE NON HISPANIC,Hannah,86,24
6124,2018,FEMALE,WHITE NON HISPANIC,Rivky,82,25
6125,2018,FEMALE,WHITE NON HISPANIC,Anna,82,25
6126,2018,FEMALE,WHITE NON HISPANIC,Zoe,80,26
6127,2018,FEMALE,WHITE NON HISPANIC,Eleanor,77,27
6128,2018,FEMALE,WHITE NON HISPANIC,Emilia,77,27
6129,2018,FEMALE,WHITE NON HISPANIC,Victoria,75,28
6130,2018,FEMALE,WHITE NON HISPANIC,Stella,74,29
6131,2018,FEMALE,WHITE NON HISPANIC,Julia,74,29
6132,2018,FEMALE,WHITE NON HISPANIC,Raizy,73,30
6133,2018,FEMALE,WHITE NON HISPANIC,Gitty,73,30
6134,2018,FEMALE,WHITE NON HISPANIC,Lily,72,31
6135,2018,FEMALE,WHITE NON HISPANIC,Malka,70,32
6136,2018,FEMALE,WHITE NON HISPANIC,Faigy,70,32
6137,2018,FEMALE,WHITE NON HISPANIC,Alice,68,33
6138,2018,FEMALE,WHITE NON HISPANIC,Penelope,67,34
6139,2018,FEMALE,WHITE NON HISPANIC,Baila,66,35
6140,2018,FEMALE,WHITE NON HISPANIC,Nora,64,36
6141,2018,FEMALE,WHITE NON HISPANIC,Sophie,64,36
6142,2018,FEMALE,WHITE NON HISPANIC,Evelyn,63,37
6143,2018,FEMALE,WHITE NON HISPANIC,Riley,63,37
6144,2018,FEMALE,WHITE NON HISPANIC,Eliana,63,37
6145,2018,FEMALE,WHITE NON HISPANIC,Alexandra,62,38
6146,2018,FEMALE,WHITE NON HISPANIC,Avery,61,39
6147,2018,FEMALE,WHITE NON HISPANIC,Malky,61,39
6148,2018,FEMALE,WHITE NON HISPANIC,Sienna,61,39
6149,2018,FEMALE,WHITE NON HISPANIC,Lucy,59,40
6150,2018,FEMALE,WHITE NON HISPANIC,Aria,58,41
6151,2018,FEMALE,WHITE NON HISPANIC,Devorah,58,41
6152,2018,FEMALE,WHITE NON HISPANIC,Madison,57,42
6153,2018,FEMALE,WHITE NON HISPANIC,Shaindy,57,42
6154,2018,FEMALE,WHITE NON HISPANIC,Harper,56,43
6155,2018,FEMALE,WHITE NON HISPANIC,Eva,52,44
6156,2018,FEMALE,WHITE NON HISPANIC,Gabriella,52,44
6157,2018,FEMALE,WHITE NON HISPANIC,Naomi,51,45
6158,2018,FEMALE,WHITE NON HISPANIC,Scarlett,51,45
6159,2018,FEMALE,WHITE NON HISPANIC,Violet,50,46
6160,2018,FEMALE,WHITE NON HISPANIC,Talia,50,46
6161,2018,FEMALE,WHITE NON HISPANIC,Rose,49,47
6162,2018,FEMALE,WHITE NON HISPANIC,Sury,47,48
6163,2018,FEMALE,WHITE NON HISPANIC,Juliette,46,49
6164,2018,FEMALE,WHITE NON HISPANIC,Valentina,45,50
6165,2018,FEMALE,WHITE NON HISPANIC,Hindy,45,50
6166,2018,FEMALE,WHITE NON HISPANIC,Lila,45,50
6167,2018,FEMALE,WHITE NON HISPANIC,Isabelle,44,51
6168,2018,FEMALE,WHITE NON HISPANIC,Nina,44,51
6169,2018,FEMALE,WHITE NON HISPANIC,Josephine,44,51
6170,2018,FEMALE,WHITE NON HISPANIC,Layla,44,51
6171,2018,FEMALE,WHITE NON HISPANIC,Yitty,44,51
6172,2018,FEMALE,WHITE NON HISPANIC,Maria,43,52
6173,2018,FEMALE,WHITE NON HISPANIC,Nicole,43,52
6174,2018,FEMALE,WHITE NON HISPANIC,Natalie,43,52
6175,2018,FEMALE,WHITE NON HISPANIC,Caroline,42,53
6176,2018,FEMALE,WHITE NON HISPANIC,Fiona,42,53
6177,2018,FEMALE,WHITE NON HISPANIC,Noa,42,53
6178,2018,FEMALE,WHITE NON HISPANIC,Mindy,42,53
6179,2018,FEMALE,WHITE NON HISPANIC,Margaret,42,53
6180,2018,FEMALE,WHITE NON HISPANIC,Ariana,41,54
6181,2018,FEMALE,WHITE NON HISPANIC,Clara,40,55
6182,2018,FEMALE,WHITE NON HISPANIC,Chany,40,55
6183,2018,FEMALE,WHITE NON HISPANIC,Samantha,40,55
6184,2018,FEMALE,WHITE NON HISPANIC,Katherine,40,55
6185,2018,FEMALE,WHITE NON HISPANIC,Quinn,40,55
6186,2018,FEMALE,WHITE NON HISPANIC,Ruby,40,55
6187,2018,FEMALE,WHITE NON HISPANIC,Luna,39,56
6188,2018,FEMALE,WHITE NON HISPANIC,Claire,39,56
6189,2018,FEMALE,WHITE NON HISPANIC,Ariella,38,57
6190,2018,FEMALE,WHITE NON HISPANIC,Lucia,37,58
6191,2018,FEMALE,WHITE NON HISPANIC,Madeline,37,58
6192,2018,FEMALE,WHITE NON HISPANIC,Goldy,36,59
6193,2018,FEMALE,WHITE NON HISPANIC,Ellie,36,59
6194,2018,FEMALE,WHITE NON HISPANIC,Audrey,36,59
6195,2018,FEMALE,WHITE NON HISPANIC,Pearl,36,59
6196,2018,FEMALE,WHITE NON HISPANIC,Isla,36,59
6197,2018,FEMALE,WHITE NON HISPANIC,Blimy,35,60
6198,2018,FEMALE,WHITE NON HISPANIC,Sloane,34,61
6199,2018,FEMALE,WHITE NON HISPANIC,Savannah,34,61
6200,2018,FEMALE,WHITE NON HISPANIC,Nechama,34,61
6201,2018,FEMALE,WHITE NON HISPANIC,Margot,34,61
6202,2018,FEMALE,WHITE NON HISPANIC,Chava,34,61
6203,2018,FEMALE,WHITE NON HISPANIC,Cecilia,34,61
6204,2018,FEMALE,WHITE NON HISPANIC,Amina,34,61
6205,2018,FEMALE,WHITE NON HISPANIC,Rochel,33,62
6206,2018,FEMALE,WHITE NON HISPANIC,Rebecca,33,62
6207,2018,FEMALE,WHITE NON HISPANIC,Isabel,33,62
6208,2018,FEMALE,WHITE NON HISPANIC,Lillian,32,63
6209,2018,FEMALE,WHITE NON HISPANIC,Dina,32,63
6210,2018,FEMALE,WHITE NON HISPANIC,Toby,32,63
6211,2018,FEMALE,WHITE NON HISPANIC,Zissy,32,63
6212,2018,FEMALE,WHITE NON HISPANIC,Adele,31,64
6213,2018,FEMALE,WHITE NON HISPANIC,Pessy,31,64
6214,2018,FEMALE,WHITE NON HISPANIC,Juliana,30,65
6215,2018,FEMALE,WHITE NON HISPANIC,Eloise,30,65
6216,2018,FEMALE,WHITE NON HISPANIC,Gianna,30,65
6217,2018,FEMALE,WHITE NON HISPANIC,Hailey,30,65
6218,2018,FEMALE,WHITE NON HISPANIC,Mariam,30,65
6219,2018,FEMALE,WHITE NON HISPANIC,Sadie,30,65
6220,2018,FEMALE,WHITE NON HISPANIC,Vivienne,30,65
6221,2018,FEMALE,WHITE NON HISPANIC,Zoey,29,66
6222,2018,FEMALE,WHITE NON HISPANIC,Vivian,29,66
6223,2018,FEMALE,WHITE NON HISPANIC,Addison,29,66
6224,2018,FEMALE,WHITE NON HISPANIC,Georgia,28,67
6225,2018,FEMALE,WHITE NON HISPANIC,Catherine,28,67
6226,2018,FEMALE,WHITE NON HISPANIC,Angelina,28,67
6227,2018,FEMALE,WHITE NON HISPANIC,Celine,28,67
6228,2018,FEMALE,WHITE NON HISPANIC,Blima,28,67
6229,2018,FEMALE,WHITE NON HISPANIC,Vera,28,67
6230,2018,FEMALE,WHITE NON HISPANIC,Alessia,28,67
6231,2018,FEMALE,WHITE NON HISPANIC,Yides,27,68
6232,2018,FEMALE,WHITE NON HISPANIC,Brooke,27,68
6233,2018,FEMALE,WHITE NON HISPANIC,Beatrice,27,68
6234,2018,FEMALE,WHITE NON HISPANIC,Sabrina,27,68
6235,2018,FEMALE,WHITE NON HISPANIC,Molly,27,68
6236,2018,FEMALE,WHITE NON HISPANIC,Lia,27,68
6237,2018,FEMALE,WHITE NON HISPANIC,Bella,26,69
6238,2018,FEMALE,WHITE NON HISPANIC,Sydney,26,69
6239,2018,FEMALE,WHITE NON HISPANIC,Kayla,26,69
6240,2018,FEMALE,WHITE NON HISPANIC,Juliet,26,69
6241,2018,FEMALE,WHITE NON HISPANIC,Dylan,26,69
6242,2018,FEMALE,WHITE NON HISPANIC,Elena,26,69
6243,2018,FEMALE,WHITE NON HISPANIC,Elle,26,69
6244,2018,FEMALE,WHITE NON HISPANIC,Ivy,26,69
6245,2018,FEMALE,WHITE NON HISPANIC,Francesca,25,70
6246,2018,FEMALE,WHITE NON HISPANIC,Yocheved,25,70
6247,2018,FEMALE,WHITE NON HISPANIC,Mackenzie,25,70
6248,2018,FEMALE,WHITE NON HISPANIC,Eliza,25,70
6249,2018,FEMALE,WHITE NON HISPANIC,Liana,25,70
6250,2018,FEMALE,WHITE NON HISPANIC,Adina,25,70
6251,2018,FEMALE,WHITE NON HISPANIC,Esty,25,70
6252,2012,FEMALE,HISPANIC,ARELY,12,77
6253,2018,FEMALE,WHITE NON HISPANIC,Colette,25,70
6254,2018,FEMALE,WHITE NON HISPANIC,Leila,24,71
6255,2018,FEMALE,WHITE NON HISPANIC,Adeline,24,71
6256,2018,FEMALE,WHITE NON HISPANIC,June,23,72
6257,2018,FEMALE,WHITE NON HISPANIC,Madelyn,23,72
6258,2018,FEMALE,WHITE NON HISPANIC,Lola,23,72
6259,2018,FEMALE,WHITE NON HISPANIC,Batsheva,23,72
6260,2018,FEMALE,WHITE NON HISPANIC,Alina,23,72
6261,2018,FEMALE,WHITE NON HISPANIC,Amira,22,73
6262,2018,FEMALE,WHITE NON HISPANIC,Ruth,22,73
6263,2018,FEMALE,WHITE NON HISPANIC,Ayla,22,73
6264,2018,FEMALE,WHITE NON HISPANIC,Cora,22,73
6265,2018,FEMALE,WHITE NON HISPANIC,Devora,22,73
6266,2018,FEMALE,WHITE NON HISPANIC,Ruchy,22,73
6267,2018,FEMALE,WHITE NON HISPANIC,Lyla,22,73
6268,2018,FEMALE,WHITE NON HISPANIC,Liv,22,73
6269,2018,FEMALE,WHITE NON HISPANIC,Skylar,22,73
6270,2018,FEMALE,WHITE NON HISPANIC,Sima,22,73
6271,2018,FEMALE,WHITE NON HISPANIC,Eve,22,73
6272,2018,FEMALE,WHITE NON HISPANIC,Matilda,21,74
6273,2018,FEMALE,WHITE NON HISPANIC,Aviva,21,74
6274,2018,FEMALE,WHITE NON HISPANIC,Aisha,21,74
6275,2018,FEMALE,WHITE NON HISPANIC,Jane,21,74
6276,2018,FEMALE,WHITE NON HISPANIC,Lena,21,74
6277,2018,FEMALE,WHITE NON HISPANIC,Piper,21,74
6278,2018,FEMALE,WHITE NON HISPANIC,Louisa,21,74
6279,2018,FEMALE,WHITE NON HISPANIC,Maryam,21,74
6280,2018,FEMALE,WHITE NON HISPANIC,Lea,21,74
6281,2018,FEMALE,WHITE NON HISPANIC,Tessa,21,74
6282,2018,FEMALE,WHITE NON HISPANIC,Veronica,21,74
6283,2018,FEMALE,WHITE NON HISPANIC,Camilla,21,74
6284,2018,FEMALE,WHITE NON HISPANIC,Alessandra,21,74
6285,2018,FEMALE,WHITE NON HISPANIC,Aurora,21,74
6286,2018,FEMALE,WHITE NON HISPANIC,Hazel,21,74
6287,2018,FEMALE,WHITE NON HISPANIC,Gittel,20,75
6288,2018,FEMALE,WHITE NON HISPANIC,Simone,20,75
6289,2018,FEMALE,WHITE NON HISPANIC,Mary,20,75
6290,2018,FEMALE,WHITE NON HISPANIC,Willa,20,75
6291,2018,FEMALE,WHITE NON HISPANIC,Liliana,20,75
6292,2018,FEMALE,WHITE NON HISPANIC,Yehudis,20,75
6293,2018,FEMALE,WHITE NON HISPANIC,Libby,20,75
6294,2018,FEMALE,WHITE NON HISPANIC,Liba,20,75
6295,2018,FEMALE,WHITE NON HISPANIC,Ahuva,20,75
6296,2018,FEMALE,WHITE NON HISPANIC,Leora,20,75
6297,2018,FEMALE,WHITE NON HISPANIC,Annabelle,20,75
6298,2018,FEMALE,WHITE NON HISPANIC,Bracha,20,75
6299,2018,FEMALE,WHITE NON HISPANIC,Brielle,20,75
6300,2018,FEMALE,WHITE NON HISPANIC,Poppy,20,75
6301,2018,FEMALE,WHITE NON HISPANIC,Michelle,19,76
6302,2018,FEMALE,WHITE NON HISPANIC,Adriana,19,76
6303,2018,FEMALE,WHITE NON HISPANIC,Diana,19,76
6304,2018,FEMALE,WHITE NON HISPANIC,Fraidy,19,76
6305,2018,FEMALE,WHITE NON HISPANIC,Frances,19,76
6306,2018,FEMALE,WHITE NON HISPANIC,Giuliana,19,76
6307,2018,FEMALE,WHITE NON HISPANIC,Laila,19,76
6308,2018,FEMALE,WHITE NON HISPANIC,Madeleine,19,76
6309,2018,FEMALE,WHITE NON HISPANIC,Milana,19,76
6310,2018,FEMALE,WHITE NON HISPANIC,Shifra,19,76
6311,2018,FEMALE,WHITE NON HISPANIC,Mira,18,77
6312,2018,FEMALE,WHITE NON HISPANIC,Eden,18,77
6313,2018,FEMALE,WHITE NON HISPANIC,Arielle,18,77
6314,2018,FEMALE,WHITE NON HISPANIC,Chavy,18,77
6315,2018,FEMALE,WHITE NON HISPANIC,Olive,18,77
6316,2018,FEMALE,WHITE NON HISPANIC,Parker,18,77
6317,2018,FEMALE,WHITE NON HISPANIC,Esme,18,77
6318,2018,FEMALE,WHITE NON HISPANIC,Perl,18,77
6319,2018,FEMALE,WHITE NON HISPANIC,Shoshana,18,77
6320,2018,FEMALE,WHITE NON HISPANIC,Amalia,18,77
6321,2018,FEMALE,WHITE NON HISPANIC,Elise,18,77
6322,2018,FEMALE,WHITE NON HISPANIC,Blake,18,77
6323,2018,FEMALE,WHITE NON HISPANIC,Aliza,18,77
6324,2018,FEMALE,WHITE NON HISPANIC,Gemma,18,77
6325,2018,FEMALE,WHITE NON HISPANIC,Idy,18,77
6326,2018,FEMALE,WHITE NON HISPANIC,Louise,18,77
6327,2018,FEMALE,WHITE NON HISPANIC,Camille,18,77
6328,2018,FEMALE,WHITE NON HISPANIC,Shaindel,17,78
6329,2018,FEMALE,WHITE NON HISPANIC,Keira,17,78
6330,2018,FEMALE,WHITE NON HISPANIC,Raizel,17,78
6331,2018,FEMALE,WHITE NON HISPANIC,Reese,17,78
6332,2018,FEMALE,WHITE NON HISPANIC,Hinda,17,78
6333,2018,FEMALE,WHITE NON HISPANIC,Lauren,17,78
6334,2018,FEMALE,WHITE NON HISPANIC,Arianna,17,78
6335,2018,FEMALE,WHITE NON HISPANIC,Anastasia,17,78
6336,2018,FEMALE,WHITE NON HISPANIC,Ada,17,78
6337,2018,FEMALE,WHITE NON HISPANIC,Malika,17,78
6338,2018,FEMALE,WHITE NON HISPANIC,Frady,17,78
6339,2018,FEMALE,WHITE NON HISPANIC,Siena,17,78
6340,2018,FEMALE,WHITE NON HISPANIC,Genevieve,17,78
6341,2018,FEMALE,WHITE NON HISPANIC,Sasha,17,78
6342,2018,FEMALE,WHITE NON HISPANIC,Rivkah,17,78
6343,2018,FEMALE,WHITE NON HISPANIC,Remy,17,78
6344,2018,FEMALE,WHITE NON HISPANIC,Golda,16,79
6345,2018,FEMALE,WHITE NON HISPANIC,Henny,16,79
6346,2018,FEMALE,WHITE NON HISPANIC,Perel,16,79
6347,2018,FEMALE,WHITE NON HISPANIC,Lydia,16,79
6348,2018,FEMALE,WHITE NON HISPANIC,Iris,16,79
6349,2018,FEMALE,WHITE NON HISPANIC,Emerson,16,79
6350,2018,FEMALE,WHITE NON HISPANIC,Faiga,16,79
6351,2018,FEMALE,WHITE NON HISPANIC,Lilah,16,79
6352,2018,FEMALE,WHITE NON HISPANIC,Gia,16,79
6353,2018,FEMALE,WHITE NON HISPANIC,Allison,16,79
6354,2018,FEMALE,WHITE NON HISPANIC,Shira,16,79
6355,2018,FEMALE,WHITE NON HISPANIC,Layan,16,79
6356,2018,FEMALE,WHITE NON HISPANIC,Aya,15,80
6357,2018,FEMALE,WHITE NON HISPANIC,Morgan,15,80
6358,2018,FEMALE,WHITE NON HISPANIC,Lina,15,80
6359,2018,FEMALE,WHITE NON HISPANIC,Nava,15,80
6360,2018,FEMALE,WHITE NON HISPANIC,Hadassah,15,80
6361,2018,FEMALE,WHITE NON HISPANIC,Noelle,15,80
6362,2018,FEMALE,WHITE NON HISPANIC,Elisheva,15,80
6363,2018,FEMALE,WHITE NON HISPANIC,Summer,15,80
6364,2018,FEMALE,WHITE NON HISPANIC,Charlie,15,80
6365,2018,FEMALE,WHITE NON HISPANIC,Alma,15,80
6366,2018,FEMALE,WHITE NON HISPANIC,Tehila,15,80
6367,2018,FEMALE,WHITE NON HISPANIC,Reem,15,80
6368,2018,FEMALE,WHITE NON HISPANIC,Shukrona,15,80
6369,2018,FEMALE,WHITE NON HISPANIC,Hanna,15,80
6370,2018,FEMALE,WHITE NON HISPANIC,Athena,14,81
6371,2018,FEMALE,WHITE NON HISPANIC,Margaux,14,81
6372,2018,FEMALE,WHITE NON HISPANIC,Mabel,14,81
6373,2018,FEMALE,WHITE NON HISPANIC,Frieda,14,81
6374,2018,FEMALE,WHITE NON HISPANIC,Etty,14,81
6375,2018,FEMALE,WHITE NON HISPANIC,Callie,14,81
6376,2018,FEMALE,WHITE NON HISPANIC,Alisa,14,81
6377,2018,FEMALE,WHITE NON HISPANIC,Yara,14,81
6378,2018,FEMALE,WHITE NON HISPANIC,Shaina,14,81
6379,2018,FEMALE,WHITE NON HISPANIC,Serena,14,81
6380,2018,FEMALE,WHITE NON HISPANIC,Theodora,14,81
6381,2018,FEMALE,WHITE NON HISPANIC,Yael,14,81
6382,2018,FEMALE,WHITE NON HISPANIC,Rifky,14,81
6383,2018,FEMALE,WHITE NON HISPANIC,Trany,14,81
6384,2018,FEMALE,WHITE NON HISPANIC,Taylor,14,81
6385,2018,FEMALE,WHITE NON HISPANIC,Noor,14,81
6386,2018,FEMALE,WHITE NON HISPANIC,Millie,14,81
6387,2018,FEMALE,WHITE NON HISPANIC,Melina,14,81
6388,2018,FEMALE,WHITE NON HISPANIC,Melissa,13,82
6389,2018,FEMALE,WHITE NON HISPANIC,Kaia,13,82
6390,2018,FEMALE,WHITE NON HISPANIC,Camila,13,82
6391,2018,FEMALE,WHITE NON HISPANIC,Marina,13,82
6392,2018,FEMALE,WHITE NON HISPANIC,Tamar,13,82
6393,2018,FEMALE,WHITE NON HISPANIC,Suri,13,82
6394,2018,FEMALE,WHITE NON HISPANIC,Brianna,13,82
6395,2018,FEMALE,WHITE NON HISPANIC,Tzipora,13,82
6396,2018,FEMALE,WHITE NON HISPANIC,Rahaf,13,82
6397,2018,FEMALE,WHITE NON HISPANIC,Maeve,13,82
6398,2018,FEMALE,WHITE NON HISPANIC,Simi,13,82
6399,2018,FEMALE,WHITE NON HISPANIC,Samira,13,82
6400,2018,FEMALE,WHITE NON HISPANIC,Sylvia,13,82
6401,2018,FEMALE,WHITE NON HISPANIC,Raquel,12,83
6402,2018,FEMALE,WHITE NON HISPANIC,Teagan,12,83
6403,2018,FEMALE,WHITE NON HISPANIC,Rina,12,83
6404,2018,FEMALE,WHITE NON HISPANIC,Ashley,12,83
6405,2018,FEMALE,WHITE NON HISPANIC,Mikaela,12,83
6406,2018,FEMALE,WHITE NON HISPANIC,Miri,12,83
6407,2018,FEMALE,WHITE NON HISPANIC,Daniella,12,83
6408,2018,FEMALE,WHITE NON HISPANIC,Devoiry,12,83
6409,2018,FEMALE,WHITE NON HISPANIC,Evie,12,83
6410,2018,FEMALE,WHITE NON HISPANIC,Zelda,12,83
6411,2018,FEMALE,WHITE NON HISPANIC,Florence,12,83
6412,2018,FEMALE,WHITE NON HISPANIC,Daisy,12,83
6413,2018,FEMALE,WHITE NON HISPANIC,Valerie,12,83
6414,2018,FEMALE,WHITE NON HISPANIC,Kate,12,83
6415,2018,FEMALE,WHITE NON HISPANIC,Ayala,12,83
6416,2018,FEMALE,WHITE NON HISPANIC,Dahlia,12,83
6417,2018,FEMALE,WHITE NON HISPANIC,Lara,12,83
6418,2018,FEMALE,WHITE NON HISPANIC,Adelina,12,83
6419,2018,FEMALE,WHITE NON HISPANIC,Laura,12,83
6420,2018,FEMALE,WHITE NON HISPANIC,Michaela,12,83
6421,2018,FEMALE,WHITE NON HISPANIC,Zara,12,83
6422,2018,FEMALE,WHITE NON HISPANIC,Thea,12,83
6423,2018,FEMALE,WHITE NON HISPANIC,Billie,11,84
6424,2018,FEMALE,WHITE NON HISPANIC,Tallulah,11,84
6425,2018,FEMALE,WHITE NON HISPANIC,Stephanie,11,84
6426,2018,FEMALE,WHITE NON HISPANIC,Shevy,11,84
6427,2018,FEMALE,WHITE NON HISPANIC,Romy,11,84
6428,2018,FEMALE,WHITE NON HISPANIC,Remi,11,84
6429,2018,FEMALE,WHITE NON HISPANIC,Paloma,11,84
6430,2018,FEMALE,WHITE NON HISPANIC,Mushka,11,84
6431,2018,FEMALE,WHITE NON HISPANIC,Melanie,11,84
6432,2018,FEMALE,WHITE NON HISPANIC,Mayar,11,84
6433,2018,FEMALE,WHITE NON HISPANIC,Lielle,11,84
6434,2018,FEMALE,WHITE NON HISPANIC,Leyla,11,84
6435,2018,FEMALE,WHITE NON HISPANIC,Lana,11,84
6436,2018,FEMALE,WHITE NON HISPANIC,Juniper,11,84
6437,2018,FEMALE,WHITE NON HISPANIC,Jasmine,11,84
6438,2018,FEMALE,WHITE NON HISPANIC,Imona,11,84
6439,2018,FEMALE,WHITE NON HISPANIC,Hana,11,84
6440,2018,FEMALE,WHITE NON HISPANIC,Greta,11,84
6441,2018,FEMALE,WHITE NON HISPANIC,Georgina,11,84
6442,2018,FEMALE,WHITE NON HISPANIC,Freida,11,84
6443,2018,FEMALE,WHITE NON HISPANIC,Fradel,11,84
6444,2018,FEMALE,WHITE NON HISPANIC,Emmy,11,84
6445,2018,FEMALE,WHITE NON HISPANIC,Elina,11,84
6446,2018,FEMALE,WHITE NON HISPANIC,Daria,11,84
6447,2018,FEMALE,WHITE NON HISPANIC,Dalia,11,84
6448,2018,FEMALE,WHITE NON HISPANIC,Aubrey,11,84
6449,2018,FEMALE,WHITE NON HISPANIC,Arya,11,84
6450,2018,FEMALE,WHITE NON HISPANIC,Viviana,10,85
6451,2018,FEMALE,WHITE NON HISPANIC,Phoebe,10,85
6452,2018,FEMALE,WHITE NON HISPANIC,Parizoda,10,85
6453,2018,FEMALE,WHITE NON HISPANIC,Jenna,10,85
6454,2018,FEMALE,WHITE NON HISPANIC,Avigail,10,85
6455,2018,FEMALE,WHITE NON HISPANIC,Helena,10,85
6456,2018,FEMALE,WHITE NON HISPANIC,Judy,10,85
6457,2018,FEMALE,WHITE NON HISPANIC,Bruchy,10,85
6458,2018,FEMALE,WHITE NON HISPANIC,Chiara,10,85
6459,2018,FEMALE,WHITE NON HISPANIC,Gabrielle,10,85
6460,2018,FEMALE,WHITE NON HISPANIC,Goldie,10,85
6461,2018,FEMALE,WHITE NON HISPANIC,Everly,10,85
6462,2018,FEMALE,WHITE NON HISPANIC,Farah,10,85
6463,2018,FEMALE,WHITE NON HISPANIC,Olympia,10,85
6464,2018,FEMALE,WHITE NON HISPANIC,Frida,10,85
6465,2018,FEMALE,WHITE NON HISPANIC,Mollie,10,85
6466,2018,FEMALE,WHITE NON HISPANIC,Livia,10,85
6467,2018,FEMALE,WHITE NON HISPANIC,Julianna,10,85
6468,2018,FEMALE,WHITE NON HISPANIC,Kennedy,10,85
6469,2018,FEMALE,WHITE NON HISPANIC,Lilian,10,85
6470,2018,FEMALE,WHITE NON HISPANIC,Frimet,10,85
6471,2018,FEMALE,WHITE NON HISPANIC,Leia,10,85
6472,2018,FEMALE,WHITE NON HISPANIC,Joanna,10,85
6473,2018,FEMALE,WHITE NON HISPANIC,Rowan,10,85
6474,2018,FEMALE,WHITE NON HISPANIC,Sylvie,10,85
6475,2018,FEMALE,WHITE NON HISPANIC,Vanessa,10,85
6476,2018,FEMALE,WHITE NON HISPANIC,Orly,10,85
6477,2018,FEMALE,WHITE NON HISPANIC,Alexis,10,85
6478,2018,FEMALE,WHITE NON HISPANIC,Kira,10,85
6479,2018,FEMALE,WHITE NON HISPANIC,Ana,10,85
6480,2018,FEMALE,WHITE NON HISPANIC,Reagan,10,85
6481,2018,FEMALE,WHITE NON HISPANIC,Angela,10,85
6482,2018,FEMALE,WHITE NON HISPANIC,Anisa,10,85
7464,2017,FEMALE,ASIAN AND PACIFIC ISLANDER,Olivia,136,1
7465,2017,FEMALE,ASIAN AND PACIFIC ISLANDER,Emma,109,2
7466,2017,FEMALE,ASIAN AND PACIFIC ISLANDER,Chloe,103,3
7467,2017,FEMALE,ASIAN AND PACIFIC ISLANDER,Sophia,86,4
7468,2017,FEMALE,ASIAN AND PACIFIC ISLANDER,Mia,79,5
7469,2017,FEMALE,ASIAN AND PACIFIC ISLANDER,Emily,78,6
7470,2017,FEMALE,ASIAN AND PACIFIC ISLANDER,Hannah,73,7
7471,2017,FEMALE,ASIAN AND PACIFIC ISLANDER,Charlotte,57,8
7472,2017,FEMALE,ASIAN AND PACIFIC ISLANDER,Ella,49,9
7473,2017,FEMALE,ASIAN AND PACIFIC ISLANDER,Ava,46,10
7474,2017,FEMALE,ASIAN AND PACIFIC ISLANDER,Isabella,46,10
7475,2017,FEMALE,ASIAN AND PACIFIC ISLANDER,Amelia,44,11
7476,2017,FEMALE,ASIAN AND PACIFIC ISLANDER,Grace,44,11
7477,2017,FEMALE,ASIAN AND PACIFIC ISLANDER,Evelyn,43,12
7478,2017,FEMALE,ASIAN AND PACIFIC ISLANDER,Zainab,40,13
7479,2017,FEMALE,ASIAN AND PACIFIC ISLANDER,Aria,40,13
7480,2017,FEMALE,ASIAN AND PACIFIC ISLANDER,Claire,40,13
7481,2017,FEMALE,ASIAN AND PACIFIC ISLANDER,Fatima,39,14
7482,2017,FEMALE,ASIAN AND PACIFIC ISLANDER,Bella,38,15
7483,2017,FEMALE,ASIAN AND PACIFIC ISLANDER,Alina,37,16
7484,2017,FEMALE,ASIAN AND PACIFIC ISLANDER,Elizabeth,36,17
7485,2017,FEMALE,ASIAN AND PACIFIC ISLANDER,Alice,35,18
7486,2017,FEMALE,ASIAN AND PACIFIC ISLANDER,Arya,34,19
7487,2017,FEMALE,ASIAN AND PACIFIC ISLANDER,Maya,34,19
7488,2017,FEMALE,ASIAN AND PACIFIC ISLANDER,Ariana,33,20
7489,2017,FEMALE,ASIAN AND PACIFIC ISLANDER,Zoe,33,20
7490,2017,FEMALE,ASIAN AND PACIFIC ISLANDER,Sarah,32,21
7491,2017,FEMALE,ASIAN AND PACIFIC ISLANDER,Angela,31,22
7492,2017,FEMALE,ASIAN AND PACIFIC ISLANDER,Ashley,31,22
7493,2017,FEMALE,ASIAN AND PACIFIC ISLANDER,Abigail,30,23
7494,2017,FEMALE,ASIAN AND PACIFIC ISLANDER,Sofia,30,23
7495,2017,FEMALE,ASIAN AND PACIFIC ISLANDER,Kayla,29,24
7496,2017,FEMALE,ASIAN AND PACIFIC ISLANDER,Tiffany,28,25
7497,2017,FEMALE,ASIAN AND PACIFIC ISLANDER,Celine,28,25
7498,2017,FEMALE,ASIAN AND PACIFIC ISLANDER,Inaaya,28,25
7499,2017,FEMALE,ASIAN AND PACIFIC ISLANDER,Sophie,28,25
7500,2017,FEMALE,ASIAN AND PACIFIC ISLANDER,Zoey,27,26
7501,2017,FEMALE,ASIAN AND PACIFIC ISLANDER,Anna,27,26
7502,2017,FEMALE,ASIAN AND PACIFIC ISLANDER,Ellie,27,26
7503,2017,FEMALE,ASIAN AND PACIFIC ISLANDER,Eva,26,27
7504,2017,FEMALE,ASIAN AND PACIFIC ISLANDER,Katherine,26,27
7505,2017,FEMALE,ASIAN AND PACIFIC ISLANDER,Anaya,26,27
7506,2017,FEMALE,ASIAN AND PACIFIC ISLANDER,Annie,26,27
7507,2017,FEMALE,ASIAN AND PACIFIC ISLANDER,Iris,26,27
7508,2017,FEMALE,ASIAN AND PACIFIC ISLANDER,Victoria,24,28
7509,2017,FEMALE,ASIAN AND PACIFIC ISLANDER,Tenzin,24,28
7510,2017,FEMALE,ASIAN AND PACIFIC ISLANDER,Ayesha,24,28
7511,2017,FEMALE,ASIAN AND PACIFIC ISLANDER,Angelina,24,28
7512,2017,FEMALE,ASIAN AND PACIFIC ISLANDER,Amy,23,29
7513,2017,FEMALE,ASIAN AND PACIFIC ISLANDER,Madison,23,29
7514,2017,FEMALE,ASIAN AND PACIFIC ISLANDER,Jasmine,23,29
7515,2017,FEMALE,ASIAN AND PACIFIC ISLANDER,Harper,23,29
7516,2017,FEMALE,ASIAN AND PACIFIC ISLANDER,Alisha,22,30
7517,2017,FEMALE,ASIAN AND PACIFIC ISLANDER,Manha,22,30
7518,2017,FEMALE,ASIAN AND PACIFIC ISLANDER,Audrey,22,30
7519,2017,FEMALE,ASIAN AND PACIFIC ISLANDER,Karina,22,30
7520,2017,FEMALE,ASIAN AND PACIFIC ISLANDER,Eleanor,22,30
7521,2017,FEMALE,ASIAN AND PACIFIC ISLANDER,Maryam,22,30
7522,2017,FEMALE,ASIAN AND PACIFIC ISLANDER,Zara,21,31
7523,2017,FEMALE,ASIAN AND PACIFIC ISLANDER,Jessica,21,31
7524,2017,FEMALE,ASIAN AND PACIFIC ISLANDER,Fiona,21,31
7525,2017,FEMALE,ASIAN AND PACIFIC ISLANDER,Stella,21,31
7526,2017,FEMALE,ASIAN AND PACIFIC ISLANDER,Vivian,21,31
7527,2017,FEMALE,ASIAN AND PACIFIC ISLANDER,Natalie,21,31
7528,2017,FEMALE,ASIAN AND PACIFIC ISLANDER,Avery,20,32
7529,2017,FEMALE,ASIAN AND PACIFIC ISLANDER,Riley,20,32
7530,2017,FEMALE,ASIAN AND PACIFIC ISLANDER,Mila,19,33
7531,2017,FEMALE,ASIAN AND PACIFIC ISLANDER,Luna,19,33
7532,2017,FEMALE,ASIAN AND PACIFIC ISLANDER,Elena,19,33
7533,2017,FEMALE,ASIAN AND PACIFIC ISLANDER,Samantha,19,33
7534,2017,FEMALE,ASIAN AND PACIFIC ISLANDER,Catherine,18,34
7535,2017,FEMALE,ASIAN AND PACIFIC ISLANDER,Isabelle,18,34
7536,2017,FEMALE,ASIAN AND PACIFIC ISLANDER,Isabel,18,34
7537,2017,FEMALE,ASIAN AND PACIFIC ISLANDER,Joanna,18,34
7538,2017,FEMALE,ASIAN AND PACIFIC ISLANDER,Christina,18,34
7539,2017,FEMALE,ASIAN AND PACIFIC ISLANDER,Melody,18,34
7540,2017,FEMALE,ASIAN AND PACIFIC ISLANDER,Phoebe,18,34
7541,2017,FEMALE,ASIAN AND PACIFIC ISLANDER,Rachel,18,34
7542,2017,FEMALE,ASIAN AND PACIFIC ISLANDER,Sara,18,34
7543,2017,FEMALE,ASIAN AND PACIFIC ISLANDER,Hana,17,35
7544,2017,FEMALE,ASIAN AND PACIFIC ISLANDER,Noor,17,35
7545,2017,FEMALE,ASIAN AND PACIFIC ISLANDER,Lily,17,35
7546,2017,FEMALE,ASIAN AND PACIFIC ISLANDER,Leah,17,35
7547,2017,FEMALE,ASIAN AND PACIFIC ISLANDER,Hailey,17,35
7548,2017,FEMALE,ASIAN AND PACIFIC ISLANDER,Cynthia,17,35
7549,2017,FEMALE,ASIAN AND PACIFIC ISLANDER,Amanda,17,35
7550,2017,FEMALE,ASIAN AND PACIFIC ISLANDER,Aliza,17,35
7551,2017,FEMALE,ASIAN AND PACIFIC ISLANDER,Aisha,17,35
7552,2017,FEMALE,ASIAN AND PACIFIC ISLANDER,Penelope,16,36
7553,2017,FEMALE,ASIAN AND PACIFIC ISLANDER,Eshaal,16,36
7554,2017,FEMALE,ASIAN AND PACIFIC ISLANDER,Joy,16,36
7555,2017,FEMALE,ASIAN AND PACIFIC ISLANDER,Nicole,16,36
7556,2017,FEMALE,ASIAN AND PACIFIC ISLANDER,Lillian,15,37
7557,2017,FEMALE,ASIAN AND PACIFIC ISLANDER,Jenny,15,37
7558,2017,FEMALE,ASIAN AND PACIFIC ISLANDER,Naomi,15,37
7559,2017,FEMALE,ASIAN AND PACIFIC ISLANDER,Jocelyn,15,37
7560,2017,FEMALE,ASIAN AND PACIFIC ISLANDER,Kaylee,15,37
7561,2017,FEMALE,ASIAN AND PACIFIC ISLANDER,Layla,15,37
7562,2017,FEMALE,ASIAN AND PACIFIC ISLANDER,Irene,14,38
7563,2017,FEMALE,ASIAN AND PACIFIC ISLANDER,Eliana,14,38
7564,2017,FEMALE,ASIAN AND PACIFIC ISLANDER,Aurora,14,38
7565,2017,FEMALE,ASIAN AND PACIFIC ISLANDER,Arisha,14,38
7566,2017,FEMALE,ASIAN AND PACIFIC ISLANDER,Ariel,14,38
7567,2017,FEMALE,ASIAN AND PACIFIC ISLANDER,Anabia,14,38
7568,2017,FEMALE,ASIAN AND PACIFIC ISLANDER,Amber,14,38
7569,2017,FEMALE,ASIAN AND PACIFIC ISLANDER,Aiza,14,38
7570,2017,FEMALE,ASIAN AND PACIFIC ISLANDER,Abby,14,38
7571,2017,FEMALE,ASIAN AND PACIFIC ISLANDER,Stephanie,14,38
7572,2017,FEMALE,ASIAN AND PACIFIC ISLANDER,Michelle,14,38
7573,2017,FEMALE,ASIAN AND PACIFIC ISLANDER,Madeline,14,38
7574,2017,FEMALE,ASIAN AND PACIFIC ISLANDER,Ivy,14,38
7575,2017,FEMALE,ASIAN AND PACIFIC ISLANDER,Sylvia,13,39
7576,2017,FEMALE,ASIAN AND PACIFIC ISLANDER,Aleena,13,39
7577,2017,FEMALE,ASIAN AND PACIFIC ISLANDER,Alexandra,13,39
7578,2017,FEMALE,ASIAN AND PACIFIC ISLANDER,Alyssa,13,39
7579,2017,FEMALE,ASIAN AND PACIFIC ISLANDER,Carina,13,39
7580,2017,FEMALE,ASIAN AND PACIFIC ISLANDER,Crystal,13,39
7581,2017,FEMALE,ASIAN AND PACIFIC ISLANDER,Elaine,13,39
7582,2017,FEMALE,ASIAN AND PACIFIC ISLANDER,Janice,13,39
7583,2017,FEMALE,ASIAN AND PACIFIC ISLANDER,Kelly,13,39
7584,2017,FEMALE,ASIAN AND PACIFIC ISLANDER,Mahnoor,13,39
7585,2017,FEMALE,ASIAN AND PACIFIC ISLANDER,Queenie,13,39
7586,2017,FEMALE,ASIAN AND PACIFIC ISLANDER,Rebecca,13,39
7587,2017,FEMALE,ASIAN AND PACIFIC ISLANDER,Serena,13,39
7588,2017,FEMALE,ASIAN AND PACIFIC ISLANDER,Vicky,13,39
7589,2017,FEMALE,ASIAN AND PACIFIC ISLANDER,Winnie,13,39
7590,2017,FEMALE,ASIAN AND PACIFIC ISLANDER,Nora,12,40
7591,2017,FEMALE,ASIAN AND PACIFIC ISLANDER,Norah,12,40
7592,2017,FEMALE,ASIAN AND PACIFIC ISLANDER,Riya,12,40
7593,2017,FEMALE,ASIAN AND PACIFIC ISLANDER,Sabiha,12,40
7594,2017,FEMALE,ASIAN AND PACIFIC ISLANDER,Safa,12,40
7595,2017,FEMALE,ASIAN AND PACIFIC ISLANDER,Selena,12,40
7596,2017,FEMALE,ASIAN AND PACIFIC ISLANDER,Valerie,12,40
7597,2017,FEMALE,ASIAN AND PACIFIC ISLANDER,Lydia,12,40
7598,2017,FEMALE,ASIAN AND PACIFIC ISLANDER,Julia,12,40
7599,2017,FEMALE,ASIAN AND PACIFIC ISLANDER,Jannat,12,40
7600,2017,FEMALE,ASIAN AND PACIFIC ISLANDER,Hazel,12,40
7601,2017,FEMALE,ASIAN AND PACIFIC ISLANDER,Hafsa,12,40
7602,2017,FEMALE,ASIAN AND PACIFIC ISLANDER,Emilia,12,40
7603,2017,FEMALE,ASIAN AND PACIFIC ISLANDER,Chelsea,12,40
7604,2017,FEMALE,ASIAN AND PACIFIC ISLANDER,Athena,12,40
7605,2017,FEMALE,ASIAN AND PACIFIC ISLANDER,Syeda,11,41
7606,2017,FEMALE,ASIAN AND PACIFIC ISLANDER,Jessie,11,41
7607,2017,FEMALE,ASIAN AND PACIFIC ISLANDER,Cindy,11,41
7608,2017,FEMALE,ASIAN AND PACIFIC ISLANDER,Arianna,11,41
7609,2017,FEMALE,ASIAN AND PACIFIC ISLANDER,Amira,11,41
7610,2017,FEMALE,ASIAN AND PACIFIC ISLANDER,Nusrat,11,41
7611,2017,FEMALE,ASIAN AND PACIFIC ISLANDER,Nina,11,41
7612,2017,FEMALE,ASIAN AND PACIFIC ISLANDER,Myra,11,41
7613,2017,FEMALE,ASIAN AND PACIFIC ISLANDER,Livia,11,41
7614,2017,FEMALE,ASIAN AND PACIFIC ISLANDER,Ada,11,41
7615,2017,FEMALE,ASIAN AND PACIFIC ISLANDER,Aizah,11,41
7616,2017,FEMALE,ASIAN AND PACIFIC ISLANDER,Amara,11,41
7617,2017,FEMALE,ASIAN AND PACIFIC ISLANDER,Kira,11,41
7618,2017,FEMALE,ASIAN AND PACIFIC ISLANDER,Karen,11,41
7619,2017,FEMALE,ASIAN AND PACIFIC ISLANDER,Kaitlyn,11,41
7620,2017,FEMALE,ASIAN AND PACIFIC ISLANDER,Zoya,11,41
7621,2017,FEMALE,ASIAN AND PACIFIC ISLANDER,Joyce,11,41
7622,2017,FEMALE,ASIAN AND PACIFIC ISLANDER,Aaliyah,10,42
7623,2017,FEMALE,ASIAN AND PACIFIC ISLANDER,Zahra,10,42
7624,2017,FEMALE,ASIAN AND PACIFIC ISLANDER,Vera,10,42
7625,2017,FEMALE,ASIAN AND PACIFIC ISLANDER,Vanessa,10,42
7626,2017,FEMALE,ASIAN AND PACIFIC ISLANDER,Rayna,10,42
7627,2017,FEMALE,ASIAN AND PACIFIC ISLANDER,Liana,10,42
7628,2017,FEMALE,ASIAN AND PACIFIC ISLANDER,Khadija,10,42
7629,2017,FEMALE,ASIAN AND PACIFIC ISLANDER,Helen,10,42
7630,2017,FEMALE,ASIAN AND PACIFIC ISLANDER,Erin,10,42
7631,2017,FEMALE,ASIAN AND PACIFIC ISLANDER,Elise,10,42
7632,2017,FEMALE,ASIAN AND PACIFIC ISLANDER,Daphne,10,42
7633,2017,FEMALE,ASIAN AND PACIFIC ISLANDER,Ayat,10,42
7634,2017,FEMALE,ASIAN AND PACIFIC ISLANDER,Angel,10,42
7635,2017,FEMALE,ASIAN AND PACIFIC ISLANDER,Amina,10,42
7636,2017,FEMALE,BLACK NON HISPANIC,Ava,113,1
7637,2017,FEMALE,BLACK NON HISPANIC,Skylar,75,2
7638,2017,FEMALE,BLACK NON HISPANIC,Madison,72,3
7639,2017,FEMALE,BLACK NON HISPANIC,Aaliyah,48,4
7640,2017,FEMALE,BLACK NON HISPANIC,Amelia,47,5
7641,2017,FEMALE,BLACK NON HISPANIC,Olivia,46,6
7642,2017,FEMALE,BLACK NON HISPANIC,Isabella,46,6
7643,2017,FEMALE,BLACK NON HISPANIC,Savannah,44,7
7644,2017,FEMALE,BLACK NON HISPANIC,Brielle,42,8
7645,2017,FEMALE,BLACK NON HISPANIC,Riley,42,8
7646,2017,FEMALE,BLACK NON HISPANIC,Mia,42,8
7647,2017,FEMALE,BLACK NON HISPANIC,Abigail,39,9
7648,2017,FEMALE,BLACK NON HISPANIC,Fatoumata,38,10
7649,2017,FEMALE,BLACK NON HISPANIC,Malia,38,10
7650,2017,FEMALE,BLACK NON HISPANIC,Serenity,37,11
7651,2017,FEMALE,BLACK NON HISPANIC,Chloe,36,12
7652,2017,FEMALE,BLACK NON HISPANIC,Zoe,35,13
7653,2017,FEMALE,BLACK NON HISPANIC,Faith,35,13
7654,2017,FEMALE,BLACK NON HISPANIC,Zuri,34,14
7655,2017,FEMALE,BLACK NON HISPANIC,Naomi,33,15
7656,2017,FEMALE,BLACK NON HISPANIC,Fatima,32,16
7657,2017,FEMALE,BLACK NON HISPANIC,Aria,31,17
7658,2017,FEMALE,BLACK NON HISPANIC,Emma,31,17
7659,2017,FEMALE,BLACK NON HISPANIC,Emily,30,18
7660,2017,FEMALE,BLACK NON HISPANIC,Kaylee,30,18
7661,2017,FEMALE,BLACK NON HISPANIC,Bella,29,19
7662,2017,FEMALE,BLACK NON HISPANIC,Nyla,29,19
7663,2017,FEMALE,BLACK NON HISPANIC,Leah,29,19
7664,2017,FEMALE,BLACK NON HISPANIC,Taylor,28,20
7665,2017,FEMALE,BLACK NON HISPANIC,Ariel,28,20
7666,2017,FEMALE,BLACK NON HISPANIC,Maya,28,20
7667,2017,FEMALE,BLACK NON HISPANIC,Jayla,28,20
7668,2017,FEMALE,BLACK NON HISPANIC,Nevaeh,28,20
7669,2017,FEMALE,BLACK NON HISPANIC,Mariam,28,20
7670,2017,FEMALE,BLACK NON HISPANIC,Zoey,28,20
7671,2017,FEMALE,BLACK NON HISPANIC,Ariah,27,21
7672,2017,FEMALE,BLACK NON HISPANIC,Victoria,27,21
7673,2017,FEMALE,BLACK NON HISPANIC,Avery,27,21
7674,2017,FEMALE,BLACK NON HISPANIC,Sarah,27,21
7675,2017,FEMALE,BLACK NON HISPANIC,Laila,27,21
7676,2017,FEMALE,BLACK NON HISPANIC,Michelle,27,21
7677,2017,FEMALE,BLACK NON HISPANIC,Layla,26,22
7678,2017,FEMALE,BLACK NON HISPANIC,Autumn,26,22
7679,2017,FEMALE,BLACK NON HISPANIC,Harmony,25,23
7680,2017,FEMALE,BLACK NON HISPANIC,Peyton,25,23
7681,2017,FEMALE,BLACK NON HISPANIC,Jade,25,23
7682,2017,FEMALE,BLACK NON HISPANIC,Leilani,25,23
7683,2017,FEMALE,BLACK NON HISPANIC,Amaya,25,23
7684,2017,FEMALE,BLACK NON HISPANIC,Aminata,25,23
7685,2017,FEMALE,BLACK NON HISPANIC,Amira,25,23
7686,2017,FEMALE,BLACK NON HISPANIC,Dakota,25,23
7687,2017,FEMALE,BLACK NON HISPANIC,Nylah,24,24
7688,2017,FEMALE,BLACK NON HISPANIC,Amina,24,24
7689,2017,FEMALE,BLACK NON HISPANIC,Kayla,24,24
7690,2017,FEMALE,BLACK NON HISPANIC,Hawa,24,24
7691,2017,FEMALE,BLACK NON HISPANIC,Chelsea,24,24
7692,2017,FEMALE,BLACK NON HISPANIC,Ella,23,25
7693,2017,FEMALE,BLACK NON HISPANIC,Grace,23,25
7694,2017,FEMALE,BLACK NON HISPANIC,Imani,23,25
7695,2017,FEMALE,BLACK NON HISPANIC,Paige,22,26
7696,2017,FEMALE,BLACK NON HISPANIC,London,22,26
7697,2017,FEMALE,BLACK NON HISPANIC,Aisha,22,26
7698,2017,FEMALE,BLACK NON HISPANIC,Charlotte,22,26
7699,2017,FEMALE,BLACK NON HISPANIC,Tori,22,26
7700,2017,FEMALE,BLACK NON HISPANIC,Hailey,21,27
7701,2017,FEMALE,BLACK NON HISPANIC,Amirah,21,27
7702,2017,FEMALE,BLACK NON HISPANIC,Amiyah,21,27
7703,2017,FEMALE,BLACK NON HISPANIC,Egypt,21,27
7704,2017,FEMALE,BLACK NON HISPANIC,Gabriella,21,27
7705,2017,FEMALE,BLACK NON HISPANIC,Kylie,21,27
7706,2017,FEMALE,BLACK NON HISPANIC,Miracle,20,28
7707,2017,FEMALE,BLACK NON HISPANIC,Heaven,20,28
7708,2017,FEMALE,BLACK NON HISPANIC,Kali,20,28
7709,2017,FEMALE,BLACK NON HISPANIC,Kennedy,20,28
7710,2017,FEMALE,BLACK NON HISPANIC,Oumou,19,29
7711,2017,FEMALE,BLACK NON HISPANIC,Makayla,19,29
7712,2017,FEMALE,BLACK NON HISPANIC,Destiny,19,29
7713,2017,FEMALE,BLACK NON HISPANIC,Arianna,19,29
7714,2017,FEMALE,BLACK NON HISPANIC,Aliyah,19,29
7715,2017,FEMALE,BLACK NON HISPANIC,Arielle,18,30
7716,2017,FEMALE,BLACK NON HISPANIC,Alyssa,18,30
7717,2017,FEMALE,BLACK NON HISPANIC,Phoenix,18,30
7718,2017,FEMALE,BLACK NON HISPANIC,Summer,18,30
7719,2017,FEMALE,BLACK NON HISPANIC,Isabelle,18,30
7720,2017,FEMALE,BLACK NON HISPANIC,Hannah,18,30
7721,2017,FEMALE,BLACK NON HISPANIC,Genesis,18,30
7722,2017,FEMALE,BLACK NON HISPANIC,Gianna,17,31
7723,2017,FEMALE,BLACK NON HISPANIC,Journey,17,31
7724,2017,FEMALE,BLACK NON HISPANIC,Zara,16,32
7725,2017,FEMALE,BLACK NON HISPANIC,Aissatou,16,32
7726,2017,FEMALE,BLACK NON HISPANIC,Alexis,16,32
7727,2017,FEMALE,BLACK NON HISPANIC,Angel,16,32
7728,2017,FEMALE,BLACK NON HISPANIC,Aniyah,16,32
7729,2017,FEMALE,BLACK NON HISPANIC,Arya,16,32
7730,2017,FEMALE,BLACK NON HISPANIC,Aubree,16,32
7731,2017,FEMALE,BLACK NON HISPANIC,Journee,16,32
7732,2017,FEMALE,BLACK NON HISPANIC,Londyn,16,32
7733,2017,FEMALE,BLACK NON HISPANIC,Mariah,16,32
7734,2017,FEMALE,BLACK NON HISPANIC,Mikayla,16,32
7735,2017,FEMALE,BLACK NON HISPANIC,Nia,16,32
7736,2017,FEMALE,BLACK NON HISPANIC,Nova,16,32
7737,2017,FEMALE,BLACK NON HISPANIC,Paris,16,32
7738,2017,FEMALE,BLACK NON HISPANIC,Amara,15,33
7739,2017,FEMALE,BLACK NON HISPANIC,Sophia,15,33
7740,2017,FEMALE,BLACK NON HISPANIC,Aicha,15,33
7741,2017,FEMALE,BLACK NON HISPANIC,Mariama,15,33
7742,2017,FEMALE,BLACK NON HISPANIC,Morgan,15,33
7743,2017,FEMALE,BLACK NON HISPANIC,Blessing,15,33
7744,2017,FEMALE,BLACK NON HISPANIC,Elizabeth,15,33
7745,2017,FEMALE,BLACK NON HISPANIC,Aubrey,15,33
7746,2017,FEMALE,BLACK NON HISPANIC,Jasmine,14,34
7747,2017,FEMALE,BLACK NON HISPANIC,Lauren,14,34
7748,2017,FEMALE,BLACK NON HISPANIC,Melanie,14,34
7749,2017,FEMALE,BLACK NON HISPANIC,Mya,14,34
7750,2017,FEMALE,BLACK NON HISPANIC,Sarai,14,34
7751,2017,FEMALE,BLACK NON HISPANIC,Gabrielle,14,34
7752,2017,FEMALE,BLACK NON HISPANIC,Brooke,14,34
7753,2017,FEMALE,BLACK NON HISPANIC,Brianna,14,34
7754,2017,FEMALE,BLACK NON HISPANIC,Ariyah,14,34
7755,2017,FEMALE,BLACK NON HISPANIC,Kelsey,14,34
7756,2017,FEMALE,BLACK NON HISPANIC,Sydney,13,35
7757,2017,FEMALE,BLACK NON HISPANIC,Sariah,13,35
7758,2017,FEMALE,BLACK NON HISPANIC,Khadija,13,35
7759,2017,FEMALE,BLACK NON HISPANIC,Kadiatou,13,35
7760,2017,FEMALE,BLACK NON HISPANIC,Jordan,13,35
7761,2017,FEMALE,BLACK NON HISPANIC,Jada,13,35
7762,2017,FEMALE,BLACK NON HISPANIC,Alana,13,35
7763,2017,FEMALE,BLACK NON HISPANIC,Khloe,13,35
7764,2017,FEMALE,BLACK NON HISPANIC,Melody,13,35
7765,2017,FEMALE,BLACK NON HISPANIC,Milani,13,35
7766,2017,FEMALE,BLACK NON HISPANIC,Penelope,13,35
7767,2017,FEMALE,BLACK NON HISPANIC,Rylee,13,35
7768,2017,FEMALE,BLACK NON HISPANIC,Joy,12,36
7769,2017,FEMALE,BLACK NON HISPANIC,Leila,12,36
7770,2017,FEMALE,BLACK NON HISPANIC,Celine,12,36
7771,2017,FEMALE,BLACK NON HISPANIC,Skylah,12,36
7772,2017,FEMALE,BLACK NON HISPANIC,Sevyn,12,36
7773,2017,FEMALE,BLACK NON HISPANIC,Empress,12,36
7774,2017,FEMALE,BLACK NON HISPANIC,Ashley,12,36
7775,2017,FEMALE,BLACK NON HISPANIC,Kimora,12,36
7776,2017,FEMALE,BLACK NON HISPANIC,Royalty,12,36
7777,2017,FEMALE,BLACK NON HISPANIC,McKenzie,12,36
7778,2017,FEMALE,BLACK NON HISPANIC,Lyric,12,36
7779,2017,FEMALE,BLACK NON HISPANIC,Ariana,11,37
7780,2017,FEMALE,BLACK NON HISPANIC,Skyler,11,37
7781,2017,FEMALE,BLACK NON HISPANIC,Nala,11,37
7782,2017,FEMALE,BLACK NON HISPANIC,Maliyah,11,37
7783,2017,FEMALE,BLACK NON HISPANIC,Kyla,11,37
7784,2017,FEMALE,BLACK NON HISPANIC,Kehlani,11,37
7785,2017,FEMALE,BLACK NON HISPANIC,Fatou,11,37
7786,2017,FEMALE,BLACK NON HISPANIC,Anaya,11,37
7787,2017,FEMALE,BLACK NON HISPANIC,Eva,11,37
7788,2017,FEMALE,BLACK NON HISPANIC,Janiyah,10,38
7789,2017,FEMALE,BLACK NON HISPANIC,Jordyn,10,38
7790,2017,FEMALE,BLACK NON HISPANIC,Kaliyah,10,38
7791,2017,FEMALE,BLACK NON HISPANIC,Kennedi,10,38
7792,2017,FEMALE,BLACK NON HISPANIC,Kiara,10,38
7793,2017,FEMALE,BLACK NON HISPANIC,Kori,10,38
7794,2017,FEMALE,BLACK NON HISPANIC,Maimouna,10,38
7795,2017,FEMALE,BLACK NON HISPANIC,Maryam,10,38
7796,2017,FEMALE,BLACK NON HISPANIC,Mila,10,38
7797,2017,FEMALE,BLACK NON HISPANIC,Skye,10,38
7798,2017,FEMALE,BLACK NON HISPANIC,Trinity,10,38
7799,2017,FEMALE,BLACK NON HISPANIC,Wynter,10,38
7800,2017,FEMALE,BLACK NON HISPANIC,Zaniyah,10,38
7801,2017,FEMALE,BLACK NON HISPANIC,Alani,10,38
7802,2017,FEMALE,BLACK NON HISPANIC,Azariah,10,38
7803,2017,FEMALE,BLACK NON HISPANIC,Cali,10,38
7804,2017,FEMALE,BLACK NON HISPANIC,Chanel,10,38
7805,2017,FEMALE,BLACK NON HISPANIC,Jaliyah,10,38
7806,2017,FEMALE,HISPANIC,Mia,250,1
7807,2017,FEMALE,HISPANIC,Isabella,245,2
7808,2017,FEMALE,HISPANIC,Emma,222,3
7809,2017,FEMALE,HISPANIC,Sophia,214,4
7810,2017,FEMALE,HISPANIC,Camila,178,5
7811,2017,FEMALE,HISPANIC,Sofia,146,6
7812,2017,FEMALE,HISPANIC,Victoria,128,7
7813,2017,FEMALE,HISPANIC,Abigail,124,8
7814,2017,FEMALE,HISPANIC,Valentina,124,8
7815,2017,FEMALE,HISPANIC,Emily,120,9
7816,2017,FEMALE,HISPANIC,Leah,118,10
7817,2017,FEMALE,HISPANIC,Ava,117,11
7818,2017,FEMALE,HISPANIC,Luna,108,12
7819,2017,FEMALE,HISPANIC,Ashley,106,13
7820,2017,FEMALE,HISPANIC,Olivia,98,14
7821,2017,FEMALE,HISPANIC,Scarlett,97,15
7822,2017,FEMALE,HISPANIC,Genesis,89,16
7823,2017,FEMALE,HISPANIC,Zoe,87,17
7824,2017,FEMALE,HISPANIC,Madison,82,18
7825,2017,FEMALE,HISPANIC,Amelia,82,18
7826,2017,FEMALE,HISPANIC,Elizabeth,81,19
7827,2017,FEMALE,HISPANIC,Samantha,81,19
7828,2017,FEMALE,HISPANIC,Ariana,68,20
7829,2017,FEMALE,HISPANIC,Brianna,68,20
7830,2017,FEMALE,HISPANIC,Alexa,67,21
7831,2017,FEMALE,HISPANIC,Amy,66,22
7832,2017,FEMALE,HISPANIC,Valerie,65,23
7833,2017,FEMALE,HISPANIC,Hailey,65,23
7834,2017,FEMALE,HISPANIC,Kylie,61,24
7835,2017,FEMALE,HISPANIC,Chloe,61,24
7836,2017,FEMALE,HISPANIC,Melanie,60,25
7837,2017,FEMALE,HISPANIC,Sarah,58,26
7838,2017,FEMALE,HISPANIC,Kaylee,56,27
7839,2017,FEMALE,HISPANIC,Gabriella,54,28
7840,2017,FEMALE,HISPANIC,Allison,54,28
7841,2017,FEMALE,HISPANIC,Charlotte,54,28
7842,2017,FEMALE,HISPANIC,Bella,53,29
7843,2017,FEMALE,HISPANIC,Arianna,53,29
7844,2017,FEMALE,HISPANIC,Maya,52,30
7845,2017,FEMALE,HISPANIC,Penelope,52,30
7846,2017,FEMALE,HISPANIC,Gianna,51,31
7847,2017,FEMALE,HISPANIC,Mila,50,32
7848,2017,FEMALE,HISPANIC,Emely,50,32
7849,2017,FEMALE,HISPANIC,Riley,49,33
7850,2017,FEMALE,HISPANIC,Alaia,47,34
7851,2017,FEMALE,HISPANIC,Grace,46,35
7852,2017,FEMALE,HISPANIC,Aaliyah,45,36
7853,2017,FEMALE,HISPANIC,Layla,45,36
7854,2017,FEMALE,HISPANIC,Amaya,45,36
7855,2017,FEMALE,HISPANIC,Evelyn,44,37
7856,2017,FEMALE,HISPANIC,Kimberly,44,37
7857,2017,FEMALE,HISPANIC,Jade,44,37
7858,2017,FEMALE,HISPANIC,Daniela,41,38
7859,2017,FEMALE,HISPANIC,Valeria,40,39
7860,2017,FEMALE,HISPANIC,Nicole,40,39
7861,2017,FEMALE,HISPANIC,Juliette,39,40
7862,2017,FEMALE,HISPANIC,Aria,39,40
7863,2017,FEMALE,HISPANIC,Elena,39,40
7864,2017,FEMALE,HISPANIC,Emilia,37,41
7865,2017,FEMALE,HISPANIC,Maria,37,41
7866,2017,FEMALE,HISPANIC,Hannah,36,42
7867,2017,FEMALE,HISPANIC,Eliana,35,43
7868,2017,FEMALE,HISPANIC,Zoey,35,43
7869,2017,FEMALE,HISPANIC,Katherine,35,43
7870,2017,FEMALE,HISPANIC,Gabriela,34,44
7871,2017,FEMALE,HISPANIC,Aubrey,34,44
7872,2017,FEMALE,HISPANIC,Ana,33,45
7873,2017,FEMALE,HISPANIC,Kayla,33,45
7874,2017,FEMALE,HISPANIC,Leslie,33,45
7875,2017,FEMALE,HISPANIC,Amalia,33,45
7876,2017,FEMALE,HISPANIC,Avery,32,46
7877,2017,FEMALE,HISPANIC,Sarai,32,46
7878,2017,FEMALE,HISPANIC,Alyssa,32,46
7879,2017,FEMALE,HISPANIC,Jazlyn,32,46
7880,2017,FEMALE,HISPANIC,Natalie,31,47
7881,2017,FEMALE,HISPANIC,Michelle,30,48
7882,2017,FEMALE,HISPANIC,Leilani,30,48
7883,2017,FEMALE,HISPANIC,Angelina,30,48
7884,2017,FEMALE,HISPANIC,Isabel,29,49
7885,2017,FEMALE,HISPANIC,Yaretzi,29,49
7886,2017,FEMALE,HISPANIC,Ximena,29,49
7887,2017,FEMALE,HISPANIC,Amanda,29,49
7888,2017,FEMALE,HISPANIC,Delilah,29,49
7889,2017,FEMALE,HISPANIC,Juliet,29,49
7890,2017,FEMALE,HISPANIC,Eva,29,49
7891,2017,FEMALE,HISPANIC,Julia,28,50
7892,2017,FEMALE,HISPANIC,Ella,28,50
7893,2017,FEMALE,HISPANIC,Andrea,28,50
7894,2017,FEMALE,HISPANIC,Alice,28,50
7895,2017,FEMALE,HISPANIC,Adriana,28,50
7896,2017,FEMALE,HISPANIC,Samara,28,50
7897,2017,FEMALE,HISPANIC,Natalia,28,50
7898,2017,FEMALE,HISPANIC,Lucia,28,50
7899,2017,FEMALE,HISPANIC,Kamila,28,50
7900,2017,FEMALE,HISPANIC,Stephanie,27,51
7901,2017,FEMALE,HISPANIC,Jayleen,27,51
7902,2017,FEMALE,HISPANIC,Khloe,27,51
7903,2017,FEMALE,HISPANIC,Diana,26,52
7904,2017,FEMALE,HISPANIC,Amaia,26,52
7905,2017,FEMALE,HISPANIC,Chelsea,26,52
7906,2017,FEMALE,HISPANIC,Naomi,26,52
7907,2017,FEMALE,HISPANIC,Liliana,26,52
7908,2017,FEMALE,HISPANIC,Serenity,25,53
7909,2017,FEMALE,HISPANIC,Aylin,25,53
7910,2017,FEMALE,HISPANIC,Lia,25,53
7911,2017,FEMALE,HISPANIC,Jayla,25,53
7912,2017,FEMALE,HISPANIC,Maia,25,53
7913,2017,FEMALE,HISPANIC,Stella,24,54
7914,2017,FEMALE,HISPANIC,Alexandra,24,54
7915,2017,FEMALE,HISPANIC,Aurora,24,54
7916,2017,FEMALE,HISPANIC,Skylar,23,55
7917,2017,FEMALE,HISPANIC,Danna,23,55
7918,2017,FEMALE,HISPANIC,Jennifer,23,55
7919,2017,FEMALE,HISPANIC,Aliyah,23,55
7920,2017,FEMALE,HISPANIC,Ruby,23,55
7921,2017,FEMALE,HISPANIC,Alani,22,56
7922,2017,FEMALE,HISPANIC,Jazmin,22,56
7923,2017,FEMALE,HISPANIC,Daisy,22,56
7924,2017,FEMALE,HISPANIC,Catalina,22,56
7925,2017,FEMALE,HISPANIC,Savannah,21,57
7926,2017,FEMALE,HISPANIC,Sherlyn,21,57
7927,2017,FEMALE,HISPANIC,Rachel,21,57
7928,2017,FEMALE,HISPANIC,Kiara,21,57
7929,2017,FEMALE,HISPANIC,Melissa,21,57
7930,2017,FEMALE,HISPANIC,Violet,21,57
7931,2017,FEMALE,HISPANIC,Alison,20,58
7932,2017,FEMALE,HISPANIC,Juliana,20,58
7933,2017,FEMALE,HISPANIC,Ariella,20,58
7934,2017,FEMALE,HISPANIC,London,20,58
7935,2017,FEMALE,HISPANIC,Antonella,20,58
7936,2017,FEMALE,HISPANIC,Keyla,20,58
7937,2017,FEMALE,HISPANIC,Melany,20,58
7938,2017,FEMALE,HISPANIC,Isabelle,19,59
7939,2017,FEMALE,HISPANIC,Daniella,19,59
7940,2017,FEMALE,HISPANIC,Sasha,19,59
7941,2017,FEMALE,HISPANIC,Sara,18,60
7942,2017,FEMALE,HISPANIC,Jasmine,18,60
7943,2017,FEMALE,HISPANIC,Hazel,18,60
7944,2017,FEMALE,HISPANIC,Angela,18,60
7945,2017,FEMALE,HISPANIC,Mya,18,60
7946,2017,FEMALE,HISPANIC,Leila,18,60
7947,2017,FEMALE,HISPANIC,Keily,18,60
7948,2017,FEMALE,HISPANIC,Milani,17,61
7949,2017,FEMALE,HISPANIC,Camilla,17,61
7950,2017,FEMALE,HISPANIC,Melody,17,61
7951,2017,FEMALE,HISPANIC,Rebecca,17,61
7952,2017,FEMALE,HISPANIC,Nova,17,61
7953,2017,FEMALE,HISPANIC,Alana,17,61
7954,2017,FEMALE,HISPANIC,Mariana,17,61
7955,2017,FEMALE,HISPANIC,Lily,17,61
7956,2017,FEMALE,HISPANIC,Leia,17,61
7957,2017,FEMALE,HISPANIC,Kaylani,17,61
7958,2017,FEMALE,HISPANIC,Karla,17,61
7959,2017,FEMALE,HISPANIC,Giselle,17,61
7960,2017,FEMALE,HISPANIC,Nathalie,16,62
7961,2017,FEMALE,HISPANIC,Adeline,16,62
7962,2017,FEMALE,HISPANIC,Amber,16,62
7963,2017,FEMALE,HISPANIC,Ariel,16,62
7964,2017,FEMALE,HISPANIC,Arya,16,62
7965,2017,FEMALE,HISPANIC,Fernanda,16,62
7966,2017,FEMALE,HISPANIC,Laila,16,62
7967,2017,FEMALE,HISPANIC,Briana,15,63
7968,2017,FEMALE,HISPANIC,Helen,15,63
7969,2017,FEMALE,HISPANIC,Angelica,15,63
7970,2017,FEMALE,HISPANIC,Itzel,15,63
7971,2017,FEMALE,HISPANIC,Jaylin,15,63
7972,2017,FEMALE,HISPANIC,Alessandra,15,63
7973,2017,FEMALE,HISPANIC,Angie,15,63
7974,2017,FEMALE,HISPANIC,Alina,15,63
7975,2017,FEMALE,HISPANIC,Alanna,15,63
7976,2017,FEMALE,HISPANIC,Aileen,15,63
7977,2017,FEMALE,HISPANIC,Nevaeh,15,63
7978,2017,FEMALE,HISPANIC,Peyton,15,63
7979,2017,FEMALE,HISPANIC,Vanessa,15,63
7980,2017,FEMALE,HISPANIC,Izabella,15,63
7981,2017,FEMALE,HISPANIC,Destiny,14,64
7982,2017,FEMALE,HISPANIC,Autumn,14,64
7983,2017,FEMALE,HISPANIC,Brielle,14,64
7984,2017,FEMALE,HISPANIC,Celine,14,64
7985,2017,FEMALE,HISPANIC,Dayana,14,64
7986,2017,FEMALE,HISPANIC,Galilea,14,64
7987,2017,FEMALE,HISPANIC,Harley,14,64
7988,2017,FEMALE,HISPANIC,Haylee,14,64
7989,2017,FEMALE,HISPANIC,Mackenzie,14,64
7990,2017,FEMALE,HISPANIC,Madelyn,14,64
7991,2017,FEMALE,HISPANIC,Nashla,14,64
7992,2017,FEMALE,HISPANIC,Samira,14,64
7993,2017,FEMALE,HISPANIC,Daleyza,13,65
7994,2017,FEMALE,HISPANIC,Stacy,13,65
7995,2017,FEMALE,HISPANIC,Lizbeth,13,65
7996,2017,FEMALE,HISPANIC,Priscilla,13,65
7997,2017,FEMALE,HISPANIC,Nayeli,13,65
7998,2017,FEMALE,HISPANIC,Karen,13,65
7999,2017,FEMALE,HISPANIC,Alma,13,65
8000,2017,FEMALE,HISPANIC,Anna,13,65
8001,2017,FEMALE,HISPANIC,Gia,13,65
8002,2017,FEMALE,HISPANIC,Nashly,13,65
8003,2017,FEMALE,HISPANIC,Bianca,13,65
8004,2017,FEMALE,HISPANIC,Joselyn,13,65
8005,2017,FEMALE,HISPANIC,Jocelyn,13,65
8006,2017,FEMALE,HISPANIC,Addison,13,65
8007,2017,FEMALE,HISPANIC,Rylee,13,65
8008,2017,FEMALE,HISPANIC,Zara,13,65
8009,2017,FEMALE,HISPANIC,Aliah,13,65
8010,2017,FEMALE,HISPANIC,Sienna,13,65
8011,2017,FEMALE,HISPANIC,Scarlet,13,65
8012,2017,FEMALE,HISPANIC,Crystal,13,65
8013,2017,FEMALE,HISPANIC,Athena,13,65
8014,2017,FEMALE,HISPANIC,Sophie,13,65
8015,2017,FEMALE,HISPANIC,Miranda,13,65
8016,2017,FEMALE,HISPANIC,Brittany,13,65
8017,2017,FEMALE,HISPANIC,Liana,12,66
8018,2017,FEMALE,HISPANIC,Julianna,12,66
8019,2017,FEMALE,HISPANIC,Luciana,12,66
8020,2017,FEMALE,HISPANIC,Jessica,12,66
8021,2017,FEMALE,HISPANIC,Adelyn,12,66
8022,2017,FEMALE,HISPANIC,Anastasia,12,66
8023,2017,FEMALE,HISPANIC,Ariadne,12,66
8024,2017,FEMALE,HISPANIC,Audrey,12,66
8025,2017,FEMALE,HISPANIC,Fatima,12,66
8026,2017,FEMALE,HISPANIC,Daphne,12,66
8027,2017,FEMALE,HISPANIC,Everly,12,66
8028,2017,FEMALE,HISPANIC,Esmeralda,12,66
8029,2017,FEMALE,HISPANIC,Nyla,12,66
8030,2017,FEMALE,HISPANIC,Leyla,12,66
8031,2017,FEMALE,HISPANIC,Sabrina,12,66
8032,2017,FEMALE,HISPANIC,Selena,12,66
8033,2017,FEMALE,HISPANIC,Malia,12,66
8034,2017,FEMALE,HISPANIC,Nathalia,12,66
8035,2017,FEMALE,HISPANIC,Adele,11,67
8036,2017,FEMALE,HISPANIC,Lauren,11,67
8037,2017,FEMALE,HISPANIC,Aleah,11,67
8038,2017,FEMALE,HISPANIC,Aitana,11,67
8039,2017,FEMALE,HISPANIC,Alia,11,67
8040,2017,FEMALE,HISPANIC,Alicia,11,67
8041,2017,FEMALE,HISPANIC,Alondra,11,67
8042,2017,FEMALE,HISPANIC,Amira,11,67
8043,2017,FEMALE,HISPANIC,Kaitlyn,11,67
8044,2017,FEMALE,HISPANIC,April,11,67
8045,2017,FEMALE,HISPANIC,Jaslene,11,67
8046,2017,FEMALE,HISPANIC,Esther,11,67
8047,2017,FEMALE,HISPANIC,Claire,11,67
8048,2017,FEMALE,HISPANIC,Caroline,11,67
8049,2017,FEMALE,HISPANIC,Arlette,11,67
8050,2017,FEMALE,HISPANIC,Yamileth,11,67
8051,2017,FEMALE,HISPANIC,Sadie,11,67
8052,2017,FEMALE,HISPANIC,Ayla,11,67
8053,2017,FEMALE,HISPANIC,Marilyn,11,67
8054,2017,FEMALE,HISPANIC,Madeline,11,67
8055,2017,FEMALE,HISPANIC,Faith,10,68
8056,2017,FEMALE,HISPANIC,Jaylene,10,68
8057,2017,FEMALE,HISPANIC,Jazmine,10,68
8058,2017,FEMALE,HISPANIC,Nayla,10,68
8059,2017,FEMALE,HISPANIC,Lesly,10,68
8060,2017,FEMALE,HISPANIC,Khaleesi,10,68
8061,2017,FEMALE,HISPANIC,Kailey,10,68
8062,2017,FEMALE,HISPANIC,Paris,10,68
8063,2017,FEMALE,HISPANIC,Renata,10,68
8064,2017,FEMALE,HISPANIC,Jaylah,10,68
8065,2017,FEMALE,HISPANIC,Skyla,10,68
8066,2017,FEMALE,HISPANIC,Taylor,10,68
8067,2017,FEMALE,HISPANIC,Tiffany,10,68
8068,2017,FEMALE,HISPANIC,Valery,10,68
8069,2017,FEMALE,HISPANIC,Guadalupe,10,68
8070,2017,FEMALE,HISPANIC,Alejandra,10,68
8071,2017,FEMALE,HISPANIC,Alba,10,68
8072,2017,FEMALE,HISPANIC,Alaina,10,68
8073,2017,FEMALE,HISPANIC,Aimee,10,68
8074,2017,FEMALE,HISPANIC,Adalynn,10,68
8075,2017,FEMALE,HISPANIC,Abby,10,68
8076,2017,FEMALE,HISPANIC,Evangeline,10,68
8077,2017,FEMALE,HISPANIC,Eliza,10,68
8078,2017,FEMALE,HISPANIC,Amelie,10,68
8079,2017,FEMALE,HISPANIC,Anabella,10,68
8080,2017,FEMALE,HISPANIC,Deborah,10,68
8081,2017,FEMALE,HISPANIC,Analia,10,68
8082,2017,FEMALE,HISPANIC,Celeste,10,68
8083,2017,FEMALE,HISPANIC,Cecilia,10,68
8084,2017,FEMALE,HISPANIC,Brianny,10,68
8085,2017,FEMALE,HISPANIC,Ayleen,10,68
8086,2017,FEMALE,HISPANIC,Arianny,10,68
8087,2017,FEMALE,HISPANIC,Ariadna,10,68
8088,2017,FEMALE,HISPANIC,Annabelle,10,68
8089,2017,FEMALE,WHITE NON HISPANIC,Esther,260,1
8090,2017,FEMALE,WHITE NON HISPANIC,Leah,231,2
8091,2017,FEMALE,WHITE NON HISPANIC,Olivia,228,3
8092,2017,FEMALE,WHITE NON HISPANIC,Emma,199,4
8093,2017,FEMALE,WHITE NON HISPANIC,Chaya,196,5
8094,2017,FEMALE,WHITE NON HISPANIC,Sarah,190,6
8095,2017,FEMALE,WHITE NON HISPANIC,Sophia,167,7
8096,2017,FEMALE,WHITE NON HISPANIC,Rachel,165,8
8097,2017,FEMALE,WHITE NON HISPANIC,Miriam,161,9
8098,2017,FEMALE,WHITE NON HISPANIC,Charlotte,157,10
8099,2017,FEMALE,WHITE NON HISPANIC,Ava,157,10
8100,2017,FEMALE,WHITE NON HISPANIC,Rivka,139,11
8101,2017,FEMALE,WHITE NON HISPANIC,Mia,134,12
8102,2017,FEMALE,WHITE NON HISPANIC,Chana,132,13
8103,2017,FEMALE,WHITE NON HISPANIC,Isabella,130,14
8104,2017,FEMALE,WHITE NON HISPANIC,Sara,123,15
8105,2017,FEMALE,WHITE NON HISPANIC,Ella,122,16
8106,2017,FEMALE,WHITE NON HISPANIC,Amelia,118,17
8107,2017,FEMALE,WHITE NON HISPANIC,Abigail,112,18
8108,2017,FEMALE,WHITE NON HISPANIC,Sofia,110,19
8109,2017,FEMALE,WHITE NON HISPANIC,Maya,106,20
8110,2017,FEMALE,WHITE NON HISPANIC,Elizabeth,106,20
8111,2017,FEMALE,WHITE NON HISPANIC,Lily,104,21
8112,2017,FEMALE,WHITE NON HISPANIC,Emily,101,22
8113,2017,FEMALE,WHITE NON HISPANIC,Evelyn,92,23
8114,2017,FEMALE,WHITE NON HISPANIC,Gitty,89,24
8115,2017,FEMALE,WHITE NON HISPANIC,Malka,86,25
8116,2017,FEMALE,WHITE NON HISPANIC,Penelope,83,26
8117,2017,FEMALE,WHITE NON HISPANIC,Eleanor,82,27
8118,2017,FEMALE,WHITE NON HISPANIC,Raizy,81,28
8119,2017,FEMALE,WHITE NON HISPANIC,Alexandra,80,29
8120,2017,FEMALE,WHITE NON HISPANIC,Hannah,80,29
8121,2017,FEMALE,WHITE NON HISPANIC,Grace,79,30
8122,2017,FEMALE,WHITE NON HISPANIC,Zoe,78,31
8123,2017,FEMALE,WHITE NON HISPANIC,Stella,76,32
8124,2017,FEMALE,WHITE NON HISPANIC,Sophie,75,33
8125,2017,FEMALE,WHITE NON HISPANIC,Mila,75,33
8126,2017,FEMALE,WHITE NON HISPANIC,Chloe,73,34
8127,2017,FEMALE,WHITE NON HISPANIC,Malky,72,35
8128,2017,FEMALE,WHITE NON HISPANIC,Emilia,71,36
8129,2017,FEMALE,WHITE NON HISPANIC,Julia,71,36
8130,2017,FEMALE,WHITE NON HISPANIC,Victoria,71,36
8131,2017,FEMALE,WHITE NON HISPANIC,Faigy,67,37
8132,2017,FEMALE,WHITE NON HISPANIC,Anna,67,37
8133,2017,FEMALE,WHITE NON HISPANIC,Riley,67,37
8134,2017,FEMALE,WHITE NON HISPANIC,Rivky,66,38
8135,2017,FEMALE,WHITE NON HISPANIC,Lucy,66,38
8136,2017,FEMALE,WHITE NON HISPANIC,Nora,61,39
8137,2017,FEMALE,WHITE NON HISPANIC,Valentina,60,40
8138,2017,FEMALE,WHITE NON HISPANIC,Eva,58,41
8139,2017,FEMALE,WHITE NON HISPANIC,Madison,58,41
8140,2017,FEMALE,WHITE NON HISPANIC,Alice,56,42
8141,2017,FEMALE,WHITE NON HISPANIC,Shaindy,56,42
8142,2017,FEMALE,WHITE NON HISPANIC,Ruby,56,42
8143,2017,FEMALE,WHITE NON HISPANIC,Eliana,54,43
8144,2017,FEMALE,WHITE NON HISPANIC,Scarlett,52,44
8145,2017,FEMALE,WHITE NON HISPANIC,Avery,52,44
8146,2017,FEMALE,WHITE NON HISPANIC,Yitty,52,44
8147,2017,FEMALE,WHITE NON HISPANIC,Aria,52,44
8148,2017,FEMALE,WHITE NON HISPANIC,Claire,52,44
8149,2017,FEMALE,WHITE NON HISPANIC,Layla,49,45
8150,2017,FEMALE,WHITE NON HISPANIC,Gabriella,49,45
8151,2017,FEMALE,WHITE NON HISPANIC,Vivian,49,45
8152,2017,FEMALE,WHITE NON HISPANIC,Sadie,48,46
8153,2017,FEMALE,WHITE NON HISPANIC,Hindy,48,46
8154,2017,FEMALE,WHITE NON HISPANIC,Rebecca,48,46
8155,2017,FEMALE,WHITE NON HISPANIC,Naomi,47,47
8156,2017,FEMALE,WHITE NON HISPANIC,Dina,47,47
8157,2017,FEMALE,WHITE NON HISPANIC,Sienna,46,48
8158,2017,FEMALE,WHITE NON HISPANIC,Toby,46,48
8159,2017,FEMALE,WHITE NON HISPANIC,Madeline,45,49
8160,2017,FEMALE,WHITE NON HISPANIC,Audrey,44,50
8161,2017,FEMALE,WHITE NON HISPANIC,Josephine,44,50
8162,2017,FEMALE,WHITE NON HISPANIC,Bella,43,51
8163,2017,FEMALE,WHITE NON HISPANIC,Noa,43,51
8164,2017,FEMALE,WHITE NON HISPANIC,Maria,43,51
8165,2017,FEMALE,WHITE NON HISPANIC,Baila,42,52
8166,2017,FEMALE,WHITE NON HISPANIC,Talia,41,53
8167,2017,FEMALE,WHITE NON HISPANIC,Natalie,41,53
8168,2017,FEMALE,WHITE NON HISPANIC,Caroline,41,53
8169,2017,FEMALE,WHITE NON HISPANIC,Lillian,41,53
8170,2017,FEMALE,WHITE NON HISPANIC,Fiona,40,54
8171,2017,FEMALE,WHITE NON HISPANIC,Harper,40,54
8172,2017,FEMALE,WHITE NON HISPANIC,Sloane,39,55
8173,2017,FEMALE,WHITE NON HISPANIC,Samantha,38,56
8174,2017,FEMALE,WHITE NON HISPANIC,Ariana,37,57
8175,2017,FEMALE,WHITE NON HISPANIC,Chany,37,57
8176,2017,FEMALE,WHITE NON HISPANIC,Sury,36,58
8177,2017,FEMALE,WHITE NON HISPANIC,Violet,35,59
8178,2017,FEMALE,WHITE NON HISPANIC,Juliette,35,59
8179,2017,FEMALE,WHITE NON HISPANIC,Nina,35,59
8180,2017,FEMALE,WHITE NON HISPANIC,Gianna,35,59
8181,2017,FEMALE,WHITE NON HISPANIC,Rose,35,59
8182,2017,FEMALE,WHITE NON HISPANIC,Isla,34,60
8183,2017,FEMALE,WHITE NON HISPANIC,Ariella,34,60
8184,2017,FEMALE,WHITE NON HISPANIC,Luna,34,60
8185,2017,FEMALE,WHITE NON HISPANIC,Hazel,34,60
8186,2017,FEMALE,WHITE NON HISPANIC,Isabelle,33,61
8187,2017,FEMALE,WHITE NON HISPANIC,Katherine,33,61
8188,2017,FEMALE,WHITE NON HISPANIC,Nicole,32,62
8189,2017,FEMALE,WHITE NON HISPANIC,Margot,32,62
8190,2017,FEMALE,WHITE NON HISPANIC,Mackenzie,32,62
8191,2017,FEMALE,WHITE NON HISPANIC,Goldy,32,62
8192,2017,FEMALE,WHITE NON HISPANIC,Adele,31,63
8193,2017,FEMALE,WHITE NON HISPANIC,Elle,31,63
8194,2017,FEMALE,WHITE NON HISPANIC,Esty,31,63
8195,2017,FEMALE,WHITE NON HISPANIC,Juliana,31,63
8196,2017,FEMALE,WHITE NON HISPANIC,Sydney,31,63
8197,2017,FEMALE,WHITE NON HISPANIC,Molly,30,64
8198,2017,FEMALE,WHITE NON HISPANIC,Zissy,30,64
8199,2017,FEMALE,WHITE NON HISPANIC,Angelina,30,64
8200,2017,FEMALE,WHITE NON HISPANIC,Alexa,29,65
8201,2017,FEMALE,WHITE NON HISPANIC,Hailey,29,65
8202,2017,FEMALE,WHITE NON HISPANIC,Chava,29,65
8203,2017,FEMALE,WHITE NON HISPANIC,Anastasia,29,65
8204,2017,FEMALE,WHITE NON HISPANIC,Libby,29,65
8205,2017,FEMALE,WHITE NON HISPANIC,Lia,29,65
8206,2017,FEMALE,WHITE NON HISPANIC,Maryam,29,65
8207,2017,FEMALE,WHITE NON HISPANIC,Vivienne,29,65
8208,2017,FEMALE,WHITE NON HISPANIC,Julianna,28,66
8209,2017,FEMALE,WHITE NON HISPANIC,Rochel,28,66
8210,2017,FEMALE,WHITE NON HISPANIC,Kayla,28,66
8211,2017,FEMALE,WHITE NON HISPANIC,Madelyn,28,66
8212,2017,FEMALE,WHITE NON HISPANIC,Isabel,28,66
8213,2017,FEMALE,WHITE NON HISPANIC,Devorah,28,66
8214,2017,FEMALE,WHITE NON HISPANIC,Michelle,28,66
8215,2017,FEMALE,WHITE NON HISPANIC,Amina,28,66
8216,2017,FEMALE,WHITE NON HISPANIC,Eloise,27,67
8217,2017,FEMALE,WHITE NON HISPANIC,Alma,27,67
8218,2017,FEMALE,WHITE NON HISPANIC,Liliana,27,67
8219,2017,FEMALE,WHITE NON HISPANIC,Maeve,27,67
8220,2017,FEMALE,WHITE NON HISPANIC,Mariam,27,67
8221,2017,FEMALE,WHITE NON HISPANIC,Mindy,27,67
8222,2017,FEMALE,WHITE NON HISPANIC,Cecilia,27,67
8223,2017,FEMALE,WHITE NON HISPANIC,Frances,27,67
8224,2017,FEMALE,WHITE NON HISPANIC,Francesca,26,68
8225,2017,FEMALE,WHITE NON HISPANIC,Ellie,26,68
8226,2017,FEMALE,WHITE NON HISPANIC,Diana,26,68
8227,2017,FEMALE,WHITE NON HISPANIC,Catherine,26,68
8228,2017,FEMALE,WHITE NON HISPANIC,Adriana,26,68
8229,2017,FEMALE,WHITE NON HISPANIC,Lucia,25,69
8230,2017,FEMALE,WHITE NON HISPANIC,Olive,25,69
8231,2017,FEMALE,WHITE NON HISPANIC,Yides,25,69
8232,2017,FEMALE,WHITE NON HISPANIC,Devora,25,69
8233,2017,FEMALE,WHITE NON HISPANIC,Beatrice,25,69
8234,2017,FEMALE,WHITE NON HISPANIC,Lila,25,69
8235,2017,FEMALE,WHITE NON HISPANIC,Henny,25,69
8236,2017,FEMALE,WHITE NON HISPANIC,Bruchy,25,69
8237,2017,FEMALE,WHITE NON HISPANIC,Jane,25,69
8238,2017,FEMALE,WHITE NON HISPANIC,Annabelle,25,69
8239,2017,FEMALE,WHITE NON HISPANIC,Nechama,24,70
8240,2017,FEMALE,WHITE NON HISPANIC,Fraidy,24,70
8241,2017,FEMALE,WHITE NON HISPANIC,Lola,24,70
8242,2017,FEMALE,WHITE NON HISPANIC,Blimy,24,70
8243,2017,FEMALE,WHITE NON HISPANIC,Skylar,24,70
8244,2017,FEMALE,WHITE NON HISPANIC,Zoey,24,70
8245,2017,FEMALE,WHITE NON HISPANIC,Quinn,24,70
8246,2017,FEMALE,WHITE NON HISPANIC,Eliza,24,70
8247,2017,FEMALE,WHITE NON HISPANIC,Pessy,24,70
8248,2017,FEMALE,WHITE NON HISPANIC,Vera,23,71
8249,2017,FEMALE,WHITE NON HISPANIC,Gittel,23,71
8250,2017,FEMALE,WHITE NON HISPANIC,Alessandra,23,71
8251,2017,FEMALE,WHITE NON HISPANIC,Bracha,23,71
8252,2017,FEMALE,WHITE NON HISPANIC,Aurora,23,71
8253,2017,FEMALE,WHITE NON HISPANIC,Siena,23,71
8254,2017,FEMALE,WHITE NON HISPANIC,Lyla,23,71
8255,2017,FEMALE,WHITE NON HISPANIC,Chavy,23,71
8256,2017,FEMALE,WHITE NON HISPANIC,Adeline,23,71
8257,2017,FEMALE,WHITE NON HISPANIC,Mira,23,71
8258,2017,FEMALE,WHITE NON HISPANIC,Clara,23,71
8259,2017,FEMALE,WHITE NON HISPANIC,Dylan,23,71
8260,2017,FEMALE,WHITE NON HISPANIC,Faiga,23,71
8261,2017,FEMALE,WHITE NON HISPANIC,Hana,22,72
8262,2017,FEMALE,WHITE NON HISPANIC,Cora,22,72
8263,2017,FEMALE,WHITE NON HISPANIC,Ruth,22,72
8264,2017,FEMALE,WHITE NON HISPANIC,Alessia,22,72
8265,2017,FEMALE,WHITE NON HISPANIC,Lara,22,72
8266,2017,FEMALE,WHITE NON HISPANIC,Shifra,22,72
8267,2017,FEMALE,WHITE NON HISPANIC,Juliet,22,72
8268,2017,FEMALE,WHITE NON HISPANIC,Madeleine,22,72
8269,2017,FEMALE,WHITE NON HISPANIC,Addison,22,72
8270,2017,FEMALE,WHITE NON HISPANIC,Eve,21,73
8271,2017,FEMALE,WHITE NON HISPANIC,Brooke,21,73
8272,2017,FEMALE,WHITE NON HISPANIC,Ayla,21,73
8273,2017,FEMALE,WHITE NON HISPANIC,Lina,21,73
8274,2017,FEMALE,WHITE NON HISPANIC,Adina,21,73
8275,2017,FEMALE,WHITE NON HISPANIC,Milana,21,73
8276,2017,FEMALE,WHITE NON HISPANIC,Margaret,21,73
8277,2017,FEMALE,WHITE NON HISPANIC,Ahuva,20,74
8278,2017,FEMALE,WHITE NON HISPANIC,Giuliana,20,74
8279,2017,FEMALE,WHITE NON HISPANIC,Eden,20,74
8280,2017,FEMALE,WHITE NON HISPANIC,Alina,20,74
8281,2017,FEMALE,WHITE NON HISPANIC,Yocheved,20,74
8282,2017,FEMALE,WHITE NON HISPANIC,Yael,20,74
8283,2017,FEMALE,WHITE NON HISPANIC,Willa,20,74
8284,2017,FEMALE,WHITE NON HISPANIC,Shoshana,20,74
8285,2017,FEMALE,WHITE NON HISPANIC,Sasha,20,74
8286,2017,FEMALE,WHITE NON HISPANIC,Pearl,20,74
8287,2017,FEMALE,WHITE NON HISPANIC,Liana,20,74
8288,2017,FEMALE,WHITE NON HISPANIC,Hanna,20,74
8289,2017,FEMALE,WHITE NON HISPANIC,Natalia,19,75
8290,2017,FEMALE,WHITE NON HISPANIC,Iris,19,75
8291,2017,FEMALE,WHITE NON HISPANIC,Lena,19,75
8292,2017,FEMALE,WHITE NON HISPANIC,Leila,19,75
8293,2017,FEMALE,WHITE NON HISPANIC,Yehudis,19,75
8294,2017,FEMALE,WHITE NON HISPANIC,Sabrina,19,75
8295,2017,FEMALE,WHITE NON HISPANIC,Tessa,19,75
8296,2017,FEMALE,WHITE NON HISPANIC,Hadassah,19,75
8297,2017,FEMALE,WHITE NON HISPANIC,Alyssa,18,76
8298,2017,FEMALE,WHITE NON HISPANIC,Parker,18,76
8299,2017,FEMALE,WHITE NON HISPANIC,Savannah,18,76
8300,2017,FEMALE,WHITE NON HISPANIC,Sima,18,76
8301,2017,FEMALE,WHITE NON HISPANIC,Genevieve,18,76
8302,2017,FEMALE,WHITE NON HISPANIC,Gemma,18,76
8303,2017,FEMALE,WHITE NON HISPANIC,Everly,18,76
8304,2017,FEMALE,WHITE NON HISPANIC,Emerson,18,76
8305,2017,FEMALE,WHITE NON HISPANIC,Aya,18,76
8306,2017,FEMALE,WHITE NON HISPANIC,Liba,17,77
8307,2017,FEMALE,WHITE NON HISPANIC,Golda,17,77
8308,2017,FEMALE,WHITE NON HISPANIC,Bridget,17,77
8309,2017,FEMALE,WHITE NON HISPANIC,Noor,17,77
8310,2017,FEMALE,WHITE NON HISPANIC,Georgia,17,77
8311,2017,FEMALE,WHITE NON HISPANIC,Daniella,17,77
8312,2017,FEMALE,WHITE NON HISPANIC,Colette,17,77
8313,2017,FEMALE,WHITE NON HISPANIC,Liv,17,77
8314,2017,FEMALE,WHITE NON HISPANIC,Arianna,16,78
8315,2017,FEMALE,WHITE NON HISPANIC,Aliza,16,78
8316,2017,FEMALE,WHITE NON HISPANIC,Avigail,16,78
8317,2017,FEMALE,WHITE NON HISPANIC,Blima,16,78
8318,2017,FEMALE,WHITE NON HISPANIC,Sage,16,78
8319,2017,FEMALE,WHITE NON HISPANIC,Breindy,16,78
8320,2017,FEMALE,WHITE NON HISPANIC,Perl,16,78
8321,2017,FEMALE,WHITE NON HISPANIC,Charlie,16,78
8322,2017,FEMALE,WHITE NON HISPANIC,Matilda,16,78
8323,2017,FEMALE,WHITE NON HISPANIC,Gabrielle,16,78
8324,2017,FEMALE,WHITE NON HISPANIC,Ryan,16,78
8325,2017,FEMALE,WHITE NON HISPANIC,Rowan,16,78
8326,2017,FEMALE,WHITE NON HISPANIC,Julie,16,78
8327,2017,FEMALE,WHITE NON HISPANIC,Fradel,16,78
8328,2017,FEMALE,WHITE NON HISPANIC,Laila,16,78
8329,2017,FEMALE,WHITE NON HISPANIC,Frady,16,78
8330,2017,FEMALE,WHITE NON HISPANIC,Amalia,15,79
8331,2017,FEMALE,WHITE NON HISPANIC,Livia,15,79
8332,2017,FEMALE,WHITE NON HISPANIC,June,15,79
8333,2017,FEMALE,WHITE NON HISPANIC,Kaia,15,79
8334,2017,FEMALE,WHITE NON HISPANIC,Tehila,15,79
8335,2017,FEMALE,WHITE NON HISPANIC,Morgan,15,79
8336,2017,FEMALE,WHITE NON HISPANIC,Louisa,15,79
8337,2017,FEMALE,WHITE NON HISPANIC,Tziporah,15,79
8338,2017,FEMALE,WHITE NON HISPANIC,Jana,15,79
8339,2017,FEMALE,WHITE NON HISPANIC,Jacqueline,15,79
8340,2017,FEMALE,WHITE NON HISPANIC,Sylvie,15,79
8341,2017,FEMALE,WHITE NON HISPANIC,Kennedy,15,79
8342,2017,FEMALE,WHITE NON HISPANIC,Shaina,14,80
8343,2017,FEMALE,WHITE NON HISPANIC,Juniper,14,80
8344,2017,FEMALE,WHITE NON HISPANIC,Jenna,14,80
8345,2017,FEMALE,WHITE NON HISPANIC,Edith,14,80
8346,2017,FEMALE,WHITE NON HISPANIC,Brielle,14,80
8347,2017,FEMALE,WHITE NON HISPANIC,Celine,14,80
8348,2017,FEMALE,WHITE NON HISPANIC,Elise,14,80
8349,2017,FEMALE,WHITE NON HISPANIC,Zara,14,80
8350,2017,FEMALE,WHITE NON HISPANIC,Ruchy,14,80
8351,2017,FEMALE,WHITE NON HISPANIC,Simone,14,80
8352,2017,FEMALE,WHITE NON HISPANIC,Shira,14,80
8353,2017,FEMALE,WHITE NON HISPANIC,Ada,14,80
8354,2017,FEMALE,WHITE NON HISPANIC,Ruchel,14,80
8355,2017,FEMALE,WHITE NON HISPANIC,Salma,14,80
8357,2017,FEMALE,WHITE NON HISPANIC,Aubrey,14,80
8358,2017,FEMALE,WHITE NON HISPANIC,Raquel,14,80
8359,2017,FEMALE,WHITE NON HISPANIC,Raizel,14,80
8360,2017,FEMALE,WHITE NON HISPANIC,Veronica,14,80
8361,2017,FEMALE,WHITE NON HISPANIC,Batsheva,14,80
8362,2017,FEMALE,WHITE NON HISPANIC,Phoebe,14,80
8363,2017,FEMALE,WHITE NON HISPANIC,Brianna,14,80
8364,2017,FEMALE,WHITE NON HISPANIC,Perry,14,80
8365,2017,FEMALE,WHITE NON HISPANIC,Tzipora,14,80
8366,2017,FEMALE,WHITE NON HISPANIC,Taylor,14,80
8367,2017,FEMALE,WHITE NON HISPANIC,Elena,14,80
8368,2017,FEMALE,WHITE NON HISPANIC,Idy,14,80
8369,2017,FEMALE,WHITE NON HISPANIC,Mary,14,80
8370,2017,FEMALE,WHITE NON HISPANIC,Hinda,14,80
8371,2017,FEMALE,WHITE NON HISPANIC,Laura,14,80
8372,2017,FEMALE,WHITE NON HISPANIC,Fatima,13,81
8373,2017,FEMALE,WHITE NON HISPANIC,Willow,13,81
8374,2017,FEMALE,WHITE NON HISPANIC,Toba,13,81
8375,2017,FEMALE,WHITE NON HISPANIC,Samira,13,81
8376,2017,FEMALE,WHITE NON HISPANIC,Piper,13,81
8377,2017,FEMALE,WHITE NON HISPANIC,Peyton,13,81
8378,2017,FEMALE,WHITE NON HISPANIC,Malak,13,81
8379,2017,FEMALE,WHITE NON HISPANIC,Louise,13,81
8380,2017,FEMALE,WHITE NON HISPANIC,Lana,13,81
8381,2017,FEMALE,WHITE NON HISPANIC,Kira,13,81
8382,2017,FEMALE,WHITE NON HISPANIC,Keira,13,81
8383,2017,FEMALE,WHITE NON HISPANIC,Kate,13,81
8384,2017,FEMALE,WHITE NON HISPANIC,Celia,13,81
8385,2017,FEMALE,WHITE NON HISPANIC,Cameron,13,81
8386,2017,FEMALE,WHITE NON HISPANIC,Bianca,13,81
8387,2017,FEMALE,WHITE NON HISPANIC,Adelaide,13,81
8388,2017,FEMALE,WHITE NON HISPANIC,Alexis,12,82
8389,2017,FEMALE,WHITE NON HISPANIC,Sama,12,82
8390,2017,FEMALE,WHITE NON HISPANIC,Finley,12,82
8391,2017,FEMALE,WHITE NON HISPANIC,Shaindel,12,82
8392,2017,FEMALE,WHITE NON HISPANIC,Perel,12,82
8393,2017,FEMALE,WHITE NON HISPANIC,Tamar,12,82
8394,2017,FEMALE,WHITE NON HISPANIC,Thea,12,82
8395,2017,FEMALE,WHITE NON HISPANIC,Theodora,12,82
8396,2017,FEMALE,WHITE NON HISPANIC,Farida,12,82
8397,2017,FEMALE,WHITE NON HISPANIC,Reese,12,82
8398,2017,FEMALE,WHITE NON HISPANIC,Tzirel,12,82
8399,2017,FEMALE,WHITE NON HISPANIC,Etty,12,82
8400,2017,FEMALE,WHITE NON HISPANIC,Emery,12,82
8401,2017,FEMALE,WHITE NON HISPANIC,Danielle,12,82
8402,2017,FEMALE,WHITE NON HISPANIC,Yasmina,12,82
8403,2017,FEMALE,WHITE NON HISPANIC,Paige,12,82
8404,2017,FEMALE,WHITE NON HISPANIC,Daisy,12,82
8405,2017,FEMALE,WHITE NON HISPANIC,Nava,12,82
8406,2017,FEMALE,WHITE NON HISPANIC,Chiara,12,82
8407,2017,FEMALE,WHITE NON HISPANIC,Camilla,12,82
8408,2017,FEMALE,WHITE NON HISPANIC,Blake,12,82
8409,2017,FEMALE,WHITE NON HISPANIC,Lydia,12,82
8410,2017,FEMALE,WHITE NON HISPANIC,Leora,12,82
8411,2017,FEMALE,WHITE NON HISPANIC,Lauren,12,82
8412,2017,FEMALE,WHITE NON HISPANIC,Reagan,12,82
8413,2017,FEMALE,WHITE NON HISPANIC,Arabella,12,82
8414,2017,FEMALE,WHITE NON HISPANIC,Gwendolyn,12,82
8415,2017,FEMALE,WHITE NON HISPANIC,Anisa,12,82
8416,2017,FEMALE,WHITE NON HISPANIC,Frieda,12,82
8417,2017,FEMALE,WHITE NON HISPANIC,Rahaf,12,82
8418,2017,FEMALE,WHITE NON HISPANIC,Freida,12,82
8419,2017,FEMALE,WHITE NON HISPANIC,Amelie,12,82
8420,2017,FEMALE,WHITE NON HISPANIC,Sabina,12,82
8421,2017,FEMALE,WHITE NON HISPANIC,Amira,11,83
8422,2017,FEMALE,WHITE NON HISPANIC,Layan,11,83
8423,2017,FEMALE,WHITE NON HISPANIC,Lea,11,83
8424,2017,FEMALE,WHITE NON HISPANIC,Mabel,11,83
8425,2017,FEMALE,WHITE NON HISPANIC,Madina,11,83
8426,2017,FEMALE,WHITE NON HISPANIC,Shevy,11,83
8427,2017,FEMALE,WHITE NON HISPANIC,Teagan,11,83
8428,2017,FEMALE,WHITE NON HISPANIC,Roizy,11,83
8429,2017,FEMALE,WHITE NON HISPANIC,Maisie,11,83
8430,2017,FEMALE,WHITE NON HISPANIC,Melania,11,83
8431,2017,FEMALE,WHITE NON HISPANIC,Michal,11,83
8432,2017,FEMALE,WHITE NON HISPANIC,Milania,11,83
8433,2017,FEMALE,WHITE NON HISPANIC,Millie,11,83
8434,2017,FEMALE,WHITE NON HISPANIC,Nadia,11,83
8435,2017,FEMALE,WHITE NON HISPANIC,Noelle,11,83
8436,2017,FEMALE,WHITE NON HISPANIC,Poppy,11,83
8437,2017,FEMALE,WHITE NON HISPANIC,Camille,11,83
8438,2017,FEMALE,WHITE NON HISPANIC,Daphne,11,83
8439,2017,FEMALE,WHITE NON HISPANIC,Ana,11,83
8440,2017,FEMALE,WHITE NON HISPANIC,Helena,11,83
8441,2017,FEMALE,WHITE NON HISPANIC,Antonia,11,83
8442,2017,FEMALE,WHITE NON HISPANIC,Rivkah,11,83
8443,2017,FEMALE,WHITE NON HISPANIC,Estelle,11,83
8444,2017,FEMALE,WHITE NON HISPANIC,Raya,11,83
8445,2017,FEMALE,WHITE NON HISPANIC,Gaia,11,83
8446,2017,FEMALE,WHITE NON HISPANIC,Aviva,11,83
8447,2017,FEMALE,WHITE NON HISPANIC,Harley,11,83
8448,2017,FEMALE,WHITE NON HISPANIC,Imogen,11,83
8449,2017,FEMALE,WHITE NON HISPANIC,Ivy,11,83
8450,2017,FEMALE,WHITE NON HISPANIC,Katerina,11,83
8451,2017,FEMALE,WHITE NON HISPANIC,Aisha,11,83
8452,2017,FEMALE,WHITE NON HISPANIC,Ayala,11,83
8453,2017,FEMALE,WHITE NON HISPANIC,Allison,11,83
8454,2017,FEMALE,WHITE NON HISPANIC,Camila,10,84
8455,2017,FEMALE,WHITE NON HISPANIC,Zelda,10,84
8456,2017,FEMALE,WHITE NON HISPANIC,Yasmine,10,84
8457,2017,FEMALE,WHITE NON HISPANIC,Tzippy,10,84
8458,2017,FEMALE,WHITE NON HISPANIC,Saoirse,10,84
8459,2017,FEMALE,WHITE NON HISPANIC,Reizy,10,84
8460,2017,FEMALE,WHITE NON HISPANIC,Reem,10,84
8461,2017,FEMALE,WHITE NON HISPANIC,Norah,10,84
8462,2017,FEMALE,WHITE NON HISPANIC,Mina,10,84
8463,2017,FEMALE,WHITE NON HISPANIC,Michaela,10,84
8464,2017,FEMALE,WHITE NON HISPANIC,Marie,10,84
8465,2017,FEMALE,WHITE NON HISPANIC,Lilly,10,84
8466,2017,FEMALE,WHITE NON HISPANIC,Lielle,10,84
8467,2017,FEMALE,WHITE NON HISPANIC,Josie,10,84
8468,2017,FEMALE,WHITE NON HISPANIC,Jordan,10,84
8469,2017,FEMALE,WHITE NON HISPANIC,Hope,10,84
8470,2017,FEMALE,WHITE NON HISPANIC,Gia,10,84
8471,2017,FEMALE,WHITE NON HISPANIC,Gabriela,10,84
8472,2017,FEMALE,WHITE NON HISPANIC,Evie,10,84
8473,2017,FEMALE,WHITE NON HISPANIC,Celeste,10,84
8474,2017,FEMALE,WHITE NON HISPANIC,Alisa,10,84
8475,2017,FEMALE,WHITE NON HISPANIC,Athena,10,84
8476,2017,FEMALE,WHITE NON HISPANIC,Harlow,10,84
9438,2016,FEMALE,ASIAN AND PACIFIC ISLANDER,Olivia,172,1
9439,2016,FEMALE,ASIAN AND PACIFIC ISLANDER,Chloe,112,2
9440,2016,FEMALE,ASIAN AND PACIFIC ISLANDER,Sophia,104,3
9441,2016,FEMALE,ASIAN AND PACIFIC ISLANDER,Emily,99,4
9442,2016,FEMALE,ASIAN AND PACIFIC ISLANDER,Emma,99,4
9443,2016,FEMALE,ASIAN AND PACIFIC ISLANDER,Mia,79,5
9444,2016,FEMALE,ASIAN AND PACIFIC ISLANDER,Charlotte,59,6
9445,2016,FEMALE,ASIAN AND PACIFIC ISLANDER,Sarah,57,7
9446,2016,FEMALE,ASIAN AND PACIFIC ISLANDER,Hannah,56,8
9447,2016,FEMALE,ASIAN AND PACIFIC ISLANDER,Isabella,56,8
9448,2016,FEMALE,ASIAN AND PACIFIC ISLANDER,Grace,54,9
9449,2016,FEMALE,ASIAN AND PACIFIC ISLANDER,Angela,54,9
9450,2016,FEMALE,ASIAN AND PACIFIC ISLANDER,Ava,53,10
9451,2016,FEMALE,ASIAN AND PACIFIC ISLANDER,Joanna,49,11
9452,2016,FEMALE,ASIAN AND PACIFIC ISLANDER,Amelia,44,12
9453,2016,FEMALE,ASIAN AND PACIFIC ISLANDER,Arya,42,13
9454,2016,FEMALE,ASIAN AND PACIFIC ISLANDER,Evelyn,42,13
9455,2016,FEMALE,ASIAN AND PACIFIC ISLANDER,Ella,42,13
9456,2016,FEMALE,ASIAN AND PACIFIC ISLANDER,Ariana,40,14
9457,2016,FEMALE,ASIAN AND PACIFIC ISLANDER,Alina,39,15
9458,2016,FEMALE,ASIAN AND PACIFIC ISLANDER,Maya,39,15
9459,2016,FEMALE,ASIAN AND PACIFIC ISLANDER,Fiona,35,16
9460,2016,FEMALE,ASIAN AND PACIFIC ISLANDER,Fatima,34,17
9461,2016,FEMALE,ASIAN AND PACIFIC ISLANDER,Ashley,34,17
9462,2016,FEMALE,ASIAN AND PACIFIC ISLANDER,Anaya,34,17
9463,2016,FEMALE,ASIAN AND PACIFIC ISLANDER,Anna,34,17
9464,2016,FEMALE,ASIAN AND PACIFIC ISLANDER,Aria,33,18
9465,2016,FEMALE,ASIAN AND PACIFIC ISLANDER,Victoria,32,19
9466,2016,FEMALE,ASIAN AND PACIFIC ISLANDER,Abigail,32,19
9467,2016,FEMALE,ASIAN AND PACIFIC ISLANDER,Zoe,31,20
9468,2016,FEMALE,ASIAN AND PACIFIC ISLANDER,Abby,31,20
9469,2016,FEMALE,ASIAN AND PACIFIC ISLANDER,Vivian,30,21
9470,2016,FEMALE,ASIAN AND PACIFIC ISLANDER,Ayesha,30,21
9471,2016,FEMALE,ASIAN AND PACIFIC ISLANDER,Claire,30,21
9472,2016,FEMALE,ASIAN AND PACIFIC ISLANDER,Zoey,29,22
9473,2016,FEMALE,ASIAN AND PACIFIC ISLANDER,Jessica,29,22
9474,2016,FEMALE,ASIAN AND PACIFIC ISLANDER,Audrey,29,22
9475,2016,FEMALE,ASIAN AND PACIFIC ISLANDER,Rachel,28,23
9476,2016,FEMALE,ASIAN AND PACIFIC ISLANDER,Alice,28,23
9477,2016,FEMALE,ASIAN AND PACIFIC ISLANDER,Zainab,28,23
9478,2016,FEMALE,ASIAN AND PACIFIC ISLANDER,Sophie,28,23
9479,2016,FEMALE,ASIAN AND PACIFIC ISLANDER,Amy,27,24
9480,2016,FEMALE,ASIAN AND PACIFIC ISLANDER,Bella,27,24
9481,2016,FEMALE,ASIAN AND PACIFIC ISLANDER,Phoebe,27,24
9482,2016,FEMALE,ASIAN AND PACIFIC ISLANDER,Zara,26,25
9483,2016,FEMALE,ASIAN AND PACIFIC ISLANDER,Maryam,26,25
9484,2016,FEMALE,ASIAN AND PACIFIC ISLANDER,Annie,26,25
9485,2016,FEMALE,ASIAN AND PACIFIC ISLANDER,Eva,26,25
9486,2016,FEMALE,ASIAN AND PACIFIC ISLANDER,Kayla,26,25
9487,2016,FEMALE,ASIAN AND PACIFIC ISLANDER,Angelina,25,26
9488,2016,FEMALE,ASIAN AND PACIFIC ISLANDER,Tiffany,25,26
9489,2016,FEMALE,ASIAN AND PACIFIC ISLANDER,Ellie,25,26
9490,2016,FEMALE,ASIAN AND PACIFIC ISLANDER,Aisha,25,26
9491,2016,FEMALE,ASIAN AND PACIFIC ISLANDER,Natalie,24,27
9492,2016,FEMALE,ASIAN AND PACIFIC ISLANDER,Jasmine,24,27
9493,2016,FEMALE,ASIAN AND PACIFIC ISLANDER,Katherine,24,27
9494,2016,FEMALE,ASIAN AND PACIFIC ISLANDER,Riley,24,27
9495,2016,FEMALE,ASIAN AND PACIFIC ISLANDER,Avery,24,27
9496,2016,FEMALE,ASIAN AND PACIFIC ISLANDER,Hailey,23,28
9497,2016,FEMALE,ASIAN AND PACIFIC ISLANDER,Madison,23,28
9498,2016,FEMALE,ASIAN AND PACIFIC ISLANDER,Elena,23,28
9499,2016,FEMALE,ASIAN AND PACIFIC ISLANDER,Michelle,23,28
9500,2016,FEMALE,ASIAN AND PACIFIC ISLANDER,Alexandra,23,28
9501,2016,FEMALE,ASIAN AND PACIFIC ISLANDER,Cynthia,23,28
9502,2016,FEMALE,ASIAN AND PACIFIC ISLANDER,Aleena,23,28
9503,2016,FEMALE,ASIAN AND PACIFIC ISLANDER,Melody,22,29
9504,2016,FEMALE,ASIAN AND PACIFIC ISLANDER,Ivy,21,30
9505,2016,FEMALE,ASIAN AND PACIFIC ISLANDER,Chelsea,21,30
9506,2016,FEMALE,ASIAN AND PACIFIC ISLANDER,Kaylee,21,30
9507,2016,FEMALE,ASIAN AND PACIFIC ISLANDER,Elizabeth,21,30
9508,2016,FEMALE,ASIAN AND PACIFIC ISLANDER,Isabelle,20,31
9509,2016,FEMALE,ASIAN AND PACIFIC ISLANDER,Allison,20,31
9510,2016,FEMALE,ASIAN AND PACIFIC ISLANDER,Aizah,20,31
9511,2016,FEMALE,ASIAN AND PACIFIC ISLANDER,Leah,20,31
9512,2016,FEMALE,ASIAN AND PACIFIC ISLANDER,Tenzin,20,31
9513,2016,FEMALE,ASIAN AND PACIFIC ISLANDER,Sofia,20,31
9514,2016,FEMALE,ASIAN AND PACIFIC ISLANDER,Irene,20,31
9515,2016,FEMALE,ASIAN AND PACIFIC ISLANDER,Queenie,20,31
9516,2016,FEMALE,ASIAN AND PACIFIC ISLANDER,Ariel,19,32
9517,2016,FEMALE,ASIAN AND PACIFIC ISLANDER,Myra,19,32
9518,2016,FEMALE,ASIAN AND PACIFIC ISLANDER,Stephanie,19,32
9519,2016,FEMALE,ASIAN AND PACIFIC ISLANDER,Inaaya,19,32
9520,2016,FEMALE,ASIAN AND PACIFIC ISLANDER,Harper,19,32
9521,2016,FEMALE,ASIAN AND PACIFIC ISLANDER,Alyssa,19,32
9522,2016,FEMALE,ASIAN AND PACIFIC ISLANDER,Joyce,18,33
9523,2016,FEMALE,ASIAN AND PACIFIC ISLANDER,Lily,18,33
9524,2016,FEMALE,ASIAN AND PACIFIC ISLANDER,Iris,18,33
9525,2016,FEMALE,ASIAN AND PACIFIC ISLANDER,Nina,18,33
9526,2016,FEMALE,ASIAN AND PACIFIC ISLANDER,Christina,18,33
9527,2016,FEMALE,ASIAN AND PACIFIC ISLANDER,Katie,18,33
9528,2016,FEMALE,ASIAN AND PACIFIC ISLANDER,Kaitlyn,17,34
9529,2016,FEMALE,ASIAN AND PACIFIC ISLANDER,Alisha,17,34
9530,2016,FEMALE,ASIAN AND PACIFIC ISLANDER,Nicole,17,34
9531,2016,FEMALE,ASIAN AND PACIFIC ISLANDER,Crystal,17,34
9532,2016,FEMALE,ASIAN AND PACIFIC ISLANDER,Mila,17,34
9533,2016,FEMALE,ASIAN AND PACIFIC ISLANDER,Cindy,17,34
9534,2016,FEMALE,ASIAN AND PACIFIC ISLANDER,Arianna,16,35
9535,2016,FEMALE,ASIAN AND PACIFIC ISLANDER,Catherine,16,35
9536,2016,FEMALE,ASIAN AND PACIFIC ISLANDER,Kelly,16,35
9537,2016,FEMALE,ASIAN AND PACIFIC ISLANDER,Amanda,16,35
9538,2016,FEMALE,ASIAN AND PACIFIC ISLANDER,Amber,16,35
9539,2016,FEMALE,ASIAN AND PACIFIC ISLANDER,Manha,16,35
9540,2016,FEMALE,ASIAN AND PACIFIC ISLANDER,Queena,16,35
9541,2016,FEMALE,ASIAN AND PACIFIC ISLANDER,Hanna,16,35
9542,2016,FEMALE,ASIAN AND PACIFIC ISLANDER,Hoorain,16,35
9543,2016,FEMALE,ASIAN AND PACIFIC ISLANDER,Sara,16,35
9544,2016,FEMALE,ASIAN AND PACIFIC ISLANDER,Penelope,15,36
9545,2016,FEMALE,ASIAN AND PACIFIC ISLANDER,Jocelyn,15,36
9546,2016,FEMALE,ASIAN AND PACIFIC ISLANDER,Julia,15,36
9547,2016,FEMALE,ASIAN AND PACIFIC ISLANDER,Serena,15,36
9548,2016,FEMALE,ASIAN AND PACIFIC ISLANDER,Ayat,15,36
9549,2016,FEMALE,ASIAN AND PACIFIC ISLANDER,Athena,15,36
9550,2016,FEMALE,ASIAN AND PACIFIC ISLANDER,Hana,15,36
9551,2016,FEMALE,ASIAN AND PACIFIC ISLANDER,Jacqueline,14,37
9552,2016,FEMALE,ASIAN AND PACIFIC ISLANDER,Clara,14,37
9553,2016,FEMALE,ASIAN AND PACIFIC ISLANDER,Winnie,14,37
9554,2016,FEMALE,ASIAN AND PACIFIC ISLANDER,Inaya,14,37
9555,2016,FEMALE,ASIAN AND PACIFIC ISLANDER,Emilia,14,37
9556,2016,FEMALE,ASIAN AND PACIFIC ISLANDER,Elaine,14,37
9557,2016,FEMALE,ASIAN AND PACIFIC ISLANDER,Vicky,14,37
9558,2016,FEMALE,ASIAN AND PACIFIC ISLANDER,Samantha,14,37
9559,2016,FEMALE,ASIAN AND PACIFIC ISLANDER,Leanna,14,37
9560,2016,FEMALE,ASIAN AND PACIFIC ISLANDER,Mina,14,37
9561,2016,FEMALE,ASIAN AND PACIFIC ISLANDER,Lydia,14,37
9562,2016,FEMALE,ASIAN AND PACIFIC ISLANDER,Amaya,13,38
9563,2016,FEMALE,ASIAN AND PACIFIC ISLANDER,Sharon,13,38
9564,2016,FEMALE,ASIAN AND PACIFIC ISLANDER,Lucy,13,38
9565,2016,FEMALE,ASIAN AND PACIFIC ISLANDER,Elsa,13,38
9566,2016,FEMALE,ASIAN AND PACIFIC ISLANDER,Haniya,13,38
9567,2016,FEMALE,ASIAN AND PACIFIC ISLANDER,Angel,13,38
9568,2016,FEMALE,ASIAN AND PACIFIC ISLANDER,Savannah,12,39
9569,2016,FEMALE,ASIAN AND PACIFIC ISLANDER,Annabelle,12,39
9570,2016,FEMALE,ASIAN AND PACIFIC ISLANDER,Carina,12,39
9571,2016,FEMALE,ASIAN AND PACIFIC ISLANDER,Eleanor,12,39
9572,2016,FEMALE,ASIAN AND PACIFIC ISLANDER,Luna,12,39
9573,2016,FEMALE,ASIAN AND PACIFIC ISLANDER,Valerie,12,39
9574,2016,FEMALE,ASIAN AND PACIFIC ISLANDER,Esther,12,39
9575,2016,FEMALE,ASIAN AND PACIFIC ISLANDER,Jessie,12,39
9576,2016,FEMALE,ASIAN AND PACIFIC ISLANDER,Karen,12,39
9577,2016,FEMALE,ASIAN AND PACIFIC ISLANDER,Joy,12,39
9578,2016,FEMALE,ASIAN AND PACIFIC ISLANDER,Meera,12,39
9579,2016,FEMALE,ASIAN AND PACIFIC ISLANDER,Stella,12,39
9580,2016,FEMALE,ASIAN AND PACIFIC ISLANDER,Amara,12,39
9581,2016,FEMALE,ASIAN AND PACIFIC ISLANDER,Selina,12,39
9582,2016,FEMALE,ASIAN AND PACIFIC ISLANDER,Anne,12,39
9583,2016,FEMALE,ASIAN AND PACIFIC ISLANDER,Celine,12,39
9584,2016,FEMALE,ASIAN AND PACIFIC ISLANDER,Zahra,11,40
9585,2016,FEMALE,ASIAN AND PACIFIC ISLANDER,Amina,11,40
9586,2016,FEMALE,ASIAN AND PACIFIC ISLANDER,Lillian,11,40
9587,2016,FEMALE,ASIAN AND PACIFIC ISLANDER,Sylvia,11,40
9588,2016,FEMALE,ASIAN AND PACIFIC ISLANDER,Jenny,11,40
9589,2016,FEMALE,ASIAN AND PACIFIC ISLANDER,Miranda,11,40
9590,2016,FEMALE,ASIAN AND PACIFIC ISLANDER,Scarlett,11,40
9591,2016,FEMALE,ASIAN AND PACIFIC ISLANDER,Bonnie,11,40
9592,2016,FEMALE,ASIAN AND PACIFIC ISLANDER,Layla,11,40
9593,2016,FEMALE,ASIAN AND PACIFIC ISLANDER,Yuna,11,40
9594,2016,FEMALE,ASIAN AND PACIFIC ISLANDER,Noor,11,40
9595,2016,FEMALE,ASIAN AND PACIFIC ISLANDER,Kira,11,40
9596,2016,FEMALE,ASIAN AND PACIFIC ISLANDER,Taylor,11,40
9597,2016,FEMALE,ASIAN AND PACIFIC ISLANDER,Nora,11,40
9598,2016,FEMALE,ASIAN AND PACIFIC ISLANDER,Mahnoor,11,40
9599,2016,FEMALE,ASIAN AND PACIFIC ISLANDER,Hareem,11,40
9600,2016,FEMALE,ASIAN AND PACIFIC ISLANDER,Eunice,11,40
9601,2016,FEMALE,ASIAN AND PACIFIC ISLANDER,Anjali,10,41
9602,2016,FEMALE,ASIAN AND PACIFIC ISLANDER,Livia,10,41
9603,2016,FEMALE,ASIAN AND PACIFIC ISLANDER,Aileen,10,41
9604,2016,FEMALE,ASIAN AND PACIFIC ISLANDER,Arisha,10,41
9605,2016,FEMALE,ASIAN AND PACIFIC ISLANDER,Hazel,10,41
9606,2016,FEMALE,ASIAN AND PACIFIC ISLANDER,Summer,10,41
9607,2016,FEMALE,ASIAN AND PACIFIC ISLANDER,Mariam,10,41
9608,2016,FEMALE,ASIAN AND PACIFIC ISLANDER,Mira,10,41
9609,2016,FEMALE,ASIAN AND PACIFIC ISLANDER,Laura,10,41
9610,2016,FEMALE,ASIAN AND PACIFIC ISLANDER,Jannatul,10,41
9611,2016,FEMALE,ASIAN AND PACIFIC ISLANDER,Aliyah,10,41
9612,2016,FEMALE,ASIAN AND PACIFIC ISLANDER,Anabia,10,41
9613,2016,FEMALE,ASIAN AND PACIFIC ISLANDER,Amira,10,41
9614,2016,FEMALE,ASIAN AND PACIFIC ISLANDER,Lia,10,41
9615,2016,FEMALE,ASIAN AND PACIFIC ISLANDER,Brianna,10,41
9616,2016,FEMALE,ASIAN AND PACIFIC ISLANDER,Syeda,10,41
9617,2016,FEMALE,ASIAN AND PACIFIC ISLANDER,Leela,10,41
9618,2016,FEMALE,ASIAN AND PACIFIC ISLANDER,Keira,10,41
9619,2016,FEMALE,ASIAN AND PACIFIC ISLANDER,Caroline,10,41
9620,2016,FEMALE,BLACK NON HISPANIC,Ava,109,1
9621,2016,FEMALE,BLACK NON HISPANIC,Madison,104,2
9622,2016,FEMALE,BLACK NON HISPANIC,Skylar,68,3
9623,2016,FEMALE,BLACK NON HISPANIC,Riley,65,4
9624,2016,FEMALE,BLACK NON HISPANIC,Aaliyah,57,5
9625,2016,FEMALE,BLACK NON HISPANIC,Savannah,54,6
9626,2016,FEMALE,BLACK NON HISPANIC,Chloe,51,7
9627,2016,FEMALE,BLACK NON HISPANIC,Olivia,49,8
9628,2016,FEMALE,BLACK NON HISPANIC,Fatoumata,48,9
9629,2016,FEMALE,BLACK NON HISPANIC,Abigail,48,9
9630,2016,FEMALE,BLACK NON HISPANIC,Peyton,46,10
9631,2016,FEMALE,BLACK NON HISPANIC,Zoe,45,11
9632,2016,FEMALE,BLACK NON HISPANIC,Isabella,44,12
9633,2016,FEMALE,BLACK NON HISPANIC,Faith,43,13
9634,2016,FEMALE,BLACK NON HISPANIC,London,41,14
9635,2016,FEMALE,BLACK NON HISPANIC,Autumn,41,14
9636,2016,FEMALE,BLACK NON HISPANIC,Sophia,40,15
9637,2016,FEMALE,BLACK NON HISPANIC,Malia,38,16
9638,2016,FEMALE,BLACK NON HISPANIC,Brielle,38,16
9639,2016,FEMALE,BLACK NON HISPANIC,Mia,37,17
9640,2016,FEMALE,BLACK NON HISPANIC,Taylor,37,17
9641,2016,FEMALE,BLACK NON HISPANIC,Amelia,37,17
9642,2016,FEMALE,BLACK NON HISPANIC,Fatima,36,18
9643,2016,FEMALE,BLACK NON HISPANIC,Arianna,35,19
9644,2016,FEMALE,BLACK NON HISPANIC,Kayla,35,19
9645,2016,FEMALE,BLACK NON HISPANIC,Nevaeh,35,19
9646,2016,FEMALE,BLACK NON HISPANIC,Kylie,34,20
9647,2016,FEMALE,BLACK NON HISPANIC,Nia,34,20
9648,2016,FEMALE,BLACK NON HISPANIC,Zoey,34,20
9649,2016,FEMALE,BLACK NON HISPANIC,Serenity,33,21
9650,2016,FEMALE,BLACK NON HISPANIC,Gabrielle,33,21
9651,2016,FEMALE,BLACK NON HISPANIC,Aria,33,21
9652,2016,FEMALE,BLACK NON HISPANIC,Aisha,33,21
9653,2016,FEMALE,BLACK NON HISPANIC,Laila,32,22
9654,2016,FEMALE,BLACK NON HISPANIC,Naomi,32,22
9655,2016,FEMALE,BLACK NON HISPANIC,Khloe,32,22
9656,2016,FEMALE,BLACK NON HISPANIC,Makayla,32,22
9657,2016,FEMALE,BLACK NON HISPANIC,Leah,32,22
9658,2016,FEMALE,BLACK NON HISPANIC,Mariam,31,23
9659,2016,FEMALE,BLACK NON HISPANIC,Mariama,30,24
9660,2016,FEMALE,BLACK NON HISPANIC,Zuri,30,24
9661,2016,FEMALE,BLACK NON HISPANIC,Victoria,30,24
9662,2016,FEMALE,BLACK NON HISPANIC,Paige,30,24
9663,2016,FEMALE,BLACK NON HISPANIC,Grace,28,25
9664,2016,FEMALE,BLACK NON HISPANIC,Nyla,28,25
9665,2016,FEMALE,BLACK NON HISPANIC,Jasmine,28,25
9666,2016,FEMALE,BLACK NON HISPANIC,Morgan,28,25
9667,2016,FEMALE,BLACK NON HISPANIC,Aminata,27,26
9668,2016,FEMALE,BLACK NON HISPANIC,Lauren,26,27
9669,2016,FEMALE,BLACK NON HISPANIC,Emily,26,27
9670,2016,FEMALE,BLACK NON HISPANIC,Layla,25,28
9671,2016,FEMALE,BLACK NON HISPANIC,Miracle,25,28
9672,2016,FEMALE,BLACK NON HISPANIC,Hailey,25,28
9673,2016,FEMALE,BLACK NON HISPANIC,Sarah,25,28
9674,2016,FEMALE,BLACK NON HISPANIC,Ariah,25,28
9675,2016,FEMALE,BLACK NON HISPANIC,Amina,24,29
9676,2016,FEMALE,BLACK NON HISPANIC,Emma,24,29
9677,2016,FEMALE,BLACK NON HISPANIC,Nylah,24,29
9678,2016,FEMALE,BLACK NON HISPANIC,Amiyah,24,29
9679,2016,FEMALE,BLACK NON HISPANIC,Chelsea,23,30
9680,2016,FEMALE,BLACK NON HISPANIC,Elizabeth,23,30
9681,2016,FEMALE,BLACK NON HISPANIC,Heaven,23,30
9682,2016,FEMALE,BLACK NON HISPANIC,Ariana,23,30
9683,2016,FEMALE,BLACK NON HISPANIC,Bella,23,30
9684,2016,FEMALE,BLACK NON HISPANIC,Amaya,22,31
9685,2016,FEMALE,BLACK NON HISPANIC,Ariel,22,31
9686,2016,FEMALE,BLACK NON HISPANIC,Paris,22,31
9687,2016,FEMALE,BLACK NON HISPANIC,Genesis,22,31
9688,2016,FEMALE,BLACK NON HISPANIC,Jordyn,22,31
9689,2016,FEMALE,BLACK NON HISPANIC,Trinity,22,31
9690,2016,FEMALE,BLACK NON HISPANIC,Talia,21,32
9691,2016,FEMALE,BLACK NON HISPANIC,Gabriella,21,32
9692,2016,FEMALE,BLACK NON HISPANIC,Kennedy,21,32
9693,2016,FEMALE,BLACK NON HISPANIC,Mariah,21,32
9694,2016,FEMALE,BLACK NON HISPANIC,Imani,21,32
9695,2016,FEMALE,BLACK NON HISPANIC,Sydney,20,33
9696,2016,FEMALE,BLACK NON HISPANIC,Kimora,20,33
9697,2016,FEMALE,BLACK NON HISPANIC,Kaylee,20,33
9698,2016,FEMALE,BLACK NON HISPANIC,Maya,20,33
9699,2016,FEMALE,BLACK NON HISPANIC,Destiny,20,33
9700,2016,FEMALE,BLACK NON HISPANIC,Jayla,20,33
9701,2016,FEMALE,BLACK NON HISPANIC,Dakota,20,33
9702,2016,FEMALE,BLACK NON HISPANIC,Alyssa,20,33
9703,2016,FEMALE,BLACK NON HISPANIC,Leilani,19,34
9704,2016,FEMALE,BLACK NON HISPANIC,Charlotte,19,34
9705,2016,FEMALE,BLACK NON HISPANIC,Michelle,19,34
9706,2016,FEMALE,BLACK NON HISPANIC,Aniyah,18,35
9707,2016,FEMALE,BLACK NON HISPANIC,Tori,18,35
9708,2016,FEMALE,BLACK NON HISPANIC,Avery,18,35
9709,2016,FEMALE,BLACK NON HISPANIC,Aubrey,18,35
9710,2016,FEMALE,BLACK NON HISPANIC,Lyric,18,35
9711,2016,FEMALE,BLACK NON HISPANIC,Aliyah,18,35
9712,2016,FEMALE,BLACK NON HISPANIC,Arielle,17,36
9713,2016,FEMALE,BLACK NON HISPANIC,Egypt,17,36
9714,2016,FEMALE,BLACK NON HISPANIC,Mya,17,36
9715,2016,FEMALE,BLACK NON HISPANIC,Hannah,17,36
9716,2016,FEMALE,BLACK NON HISPANIC,Eliana,17,36
9717,2016,FEMALE,BLACK NON HISPANIC,Kiara,17,36
9718,2016,FEMALE,BLACK NON HISPANIC,Harmony,16,37
9719,2016,FEMALE,BLACK NON HISPANIC,Isabelle,16,37
9720,2016,FEMALE,BLACK NON HISPANIC,Skyla,16,37
9721,2016,FEMALE,BLACK NON HISPANIC,Anaya,16,37
9722,2016,FEMALE,BLACK NON HISPANIC,Janelle,16,37
9723,2016,FEMALE,BLACK NON HISPANIC,Journee,16,37
9724,2016,FEMALE,BLACK NON HISPANIC,Zariah,15,38
9725,2016,FEMALE,BLACK NON HISPANIC,Brianna,15,38
9726,2016,FEMALE,BLACK NON HISPANIC,Sage,15,38
9727,2016,FEMALE,BLACK NON HISPANIC,Maliyah,15,38
9728,2016,FEMALE,BLACK NON HISPANIC,Jade,15,38
9729,2016,FEMALE,BLACK NON HISPANIC,Alani,15,38
9730,2016,FEMALE,BLACK NON HISPANIC,Amira,15,38
9731,2016,FEMALE,BLACK NON HISPANIC,Nala,14,39
9732,2016,FEMALE,BLACK NON HISPANIC,Brooke,14,39
9733,2016,FEMALE,BLACK NON HISPANIC,Amirah,14,39
9734,2016,FEMALE,BLACK NON HISPANIC,McKenzie,14,39
9735,2016,FEMALE,BLACK NON HISPANIC,Londyn,14,39
9736,2016,FEMALE,BLACK NON HISPANIC,Nova,14,39
9737,2016,FEMALE,BLACK NON HISPANIC,Kali,14,39
9738,2016,FEMALE,BLACK NON HISPANIC,Zara,14,39
9739,2016,FEMALE,BLACK NON HISPANIC,Sarai,14,39
9740,2016,FEMALE,BLACK NON HISPANIC,Eva,13,40
9741,2016,FEMALE,BLACK NON HISPANIC,Addison,13,40
9742,2016,FEMALE,BLACK NON HISPANIC,Gianna,13,40
9743,2016,FEMALE,BLACK NON HISPANIC,Joy,13,40
9744,2016,FEMALE,BLACK NON HISPANIC,Danielle,13,40
9745,2016,FEMALE,BLACK NON HISPANIC,Christina,13,40
9746,2016,FEMALE,BLACK NON HISPANIC,Alexis,13,40
9747,2016,FEMALE,BLACK NON HISPANIC,Mackenzie,13,40
9748,2016,FEMALE,BLACK NON HISPANIC,Journey,12,41
9749,2016,FEMALE,BLACK NON HISPANIC,Ella,12,41
9750,2016,FEMALE,BLACK NON HISPANIC,Jada,12,41
9751,2016,FEMALE,BLACK NON HISPANIC,Milani,12,41
9752,2016,FEMALE,BLACK NON HISPANIC,Oumou,12,41
9753,2016,FEMALE,BLACK NON HISPANIC,Cali,12,41
9754,2016,FEMALE,BLACK NON HISPANIC,Janiyah,12,41
9755,2016,FEMALE,BLACK NON HISPANIC,Bintou,12,41
9756,2016,FEMALE,BLACK NON HISPANIC,Amara,12,41
9757,2016,FEMALE,BLACK NON HISPANIC,Marley,12,41
9758,2016,FEMALE,BLACK NON HISPANIC,Harper,12,41
9759,2016,FEMALE,BLACK NON HISPANIC,Tianna,12,41
9760,2016,FEMALE,BLACK NON HISPANIC,Eden,12,41
9761,2016,FEMALE,BLACK NON HISPANIC,Sasha,12,41
9762,2016,FEMALE,BLACK NON HISPANIC,Reign,11,42
9763,2016,FEMALE,BLACK NON HISPANIC,Princess,11,42
9764,2016,FEMALE,BLACK NON HISPANIC,Aicha,11,42
9765,2016,FEMALE,BLACK NON HISPANIC,Audrey,11,42
9766,2016,FEMALE,BLACK NON HISPANIC,Kaliyah,11,42
9767,2016,FEMALE,BLACK NON HISPANIC,Mckenzie,11,42
9768,2016,FEMALE,BLACK NON HISPANIC,Aissatou,11,42
9769,2016,FEMALE,BLACK NON HISPANIC,Tamia,11,42
9770,2016,FEMALE,BLACK NON HISPANIC,Malaysia,11,42
9771,2016,FEMALE,BLACK NON HISPANIC,Rylee,11,42
9772,2016,FEMALE,BLACK NON HISPANIC,Melanie,11,42
9773,2016,FEMALE,BLACK NON HISPANIC,Nalani,11,42
9774,2016,FEMALE,BLACK NON HISPANIC,Sanaa,10,43
9775,2016,FEMALE,BLACK NON HISPANIC,Leila,10,43
9776,2016,FEMALE,BLACK NON HISPANIC,Skye,10,43
9777,2016,FEMALE,BLACK NON HISPANIC,Ashley,10,43
9778,2016,FEMALE,BLACK NON HISPANIC,Blessing,10,43
9779,2016,FEMALE,BLACK NON HISPANIC,Zahra,10,43
9780,2016,FEMALE,BLACK NON HISPANIC,Saniyah,10,43
9781,2016,FEMALE,BLACK NON HISPANIC,Violet,10,43
9782,2016,FEMALE,BLACK NON HISPANIC,Hope,10,43
9783,2016,FEMALE,BLACK NON HISPANIC,Mila,10,43
9784,2016,FEMALE,BLACK NON HISPANIC,Fanta,10,43
9785,2016,FEMALE,BLACK NON HISPANIC,Annabelle,10,43
9786,2016,FEMALE,BLACK NON HISPANIC,Kori,10,43
9787,2016,FEMALE,BLACK NON HISPANIC,Milan,10,43
9788,2016,FEMALE,BLACK NON HISPANIC,Jaliyah,10,43
9789,2016,FEMALE,BLACK NON HISPANIC,Maimouna,10,43
9790,2016,FEMALE,BLACK NON HISPANIC,Khadija,10,43
9791,2016,FEMALE,BLACK NON HISPANIC,Sanai,10,43
9792,2016,FEMALE,BLACK NON HISPANIC,Mikayla,10,43
9793,2016,FEMALE,BLACK NON HISPANIC,Tiana,10,43
9794,2016,FEMALE,HISPANIC,Isabella,276,1
9795,2016,FEMALE,HISPANIC,Sophia,261,2
9796,2016,FEMALE,HISPANIC,Mia,228,3
9797,2016,FEMALE,HISPANIC,Emma,197,4
9798,2016,FEMALE,HISPANIC,Camila,180,5
9799,2016,FEMALE,HISPANIC,Sofia,179,6
9800,2016,FEMALE,HISPANIC,Emily,124,7
9801,2016,FEMALE,HISPANIC,Valentina,119,8
9802,2016,FEMALE,HISPANIC,Abigail,117,9
9803,2016,FEMALE,HISPANIC,Victoria,116,10
9804,2016,FEMALE,HISPANIC,Leah,116,10
9805,2016,FEMALE,HISPANIC,Madison,115,11
9806,2016,FEMALE,HISPANIC,Ava,110,12
9807,2016,FEMALE,HISPANIC,Olivia,108,13
9808,2016,FEMALE,HISPANIC,Ashley,100,14
9809,2016,FEMALE,HISPANIC,Allison,97,15
9810,2016,FEMALE,HISPANIC,Scarlett,94,16
9811,2016,FEMALE,HISPANIC,Genesis,93,17
9812,2016,FEMALE,HISPANIC,Melanie,87,18
9813,2016,FEMALE,HISPANIC,Brianna,86,19
9814,2016,FEMALE,HISPANIC,Alexa,85,20
9815,2016,FEMALE,HISPANIC,Zoe,83,21
9816,2016,FEMALE,HISPANIC,Hailey,81,22
9817,2016,FEMALE,HISPANIC,Kimberly,81,22
9818,2016,FEMALE,HISPANIC,Samantha,79,23
9819,2016,FEMALE,HISPANIC,Chloe,75,24
9820,2016,FEMALE,HISPANIC,Ariana,73,25
9821,2016,FEMALE,HISPANIC,Arianna,69,26
9822,2016,FEMALE,HISPANIC,Penelope,68,27
9823,2016,FEMALE,HISPANIC,Alaia,66,28
9824,2016,FEMALE,HISPANIC,Amelia,66,28
9825,2016,FEMALE,HISPANIC,Kaylee,64,29
9826,2016,FEMALE,HISPANIC,Valerie,61,30
9827,2016,FEMALE,HISPANIC,Maria,60,31
9828,2016,FEMALE,HISPANIC,Gabriella,58,32
9829,2016,FEMALE,HISPANIC,Luna,57,33
9830,2016,FEMALE,HISPANIC,Elizabeth,57,33
9831,2016,FEMALE,HISPANIC,Layla,57,33
9832,2016,FEMALE,HISPANIC,Aaliyah,56,34
9833,2016,FEMALE,HISPANIC,Gianna,55,35
9834,2016,FEMALE,HISPANIC,Zoey,55,35
9835,2016,FEMALE,HISPANIC,Amy,52,36
9836,2016,FEMALE,HISPANIC,Daniela,52,36
9837,2016,FEMALE,HISPANIC,Nicole,51,37
9838,2016,FEMALE,HISPANIC,Sarah,49,38
9839,2016,FEMALE,HISPANIC,Juliette,49,38
9840,2016,FEMALE,HISPANIC,Mila,48,39
9841,2016,FEMALE,HISPANIC,Charlotte,48,39
9842,2016,FEMALE,HISPANIC,Jade,48,39
9843,2016,FEMALE,HISPANIC,Kylie,46,40
9844,2016,FEMALE,HISPANIC,Katherine,46,40
9845,2016,FEMALE,HISPANIC,Bella,45,41
9846,2016,FEMALE,HISPANIC,Riley,44,42
9847,2016,FEMALE,HISPANIC,Grace,44,42
9848,2016,FEMALE,HISPANIC,Gabriela,43,43
9849,2016,FEMALE,HISPANIC,Kayla,42,44
9850,2016,FEMALE,HISPANIC,Ana,39,45
9851,2016,FEMALE,HISPANIC,Alyssa,39,45
9852,2016,FEMALE,HISPANIC,Andrea,39,45
9853,2016,FEMALE,HISPANIC,Aubrey,38,46
9854,2016,FEMALE,HISPANIC,Avery,38,46
9855,2016,FEMALE,HISPANIC,Adriana,37,47
9856,2016,FEMALE,HISPANIC,Maya,37,47
9857,2016,FEMALE,HISPANIC,Amaya,37,47
9858,2016,FEMALE,HISPANIC,Evelyn,36,48
9859,2016,FEMALE,HISPANIC,Kiara,36,48
9860,2016,FEMALE,HISPANIC,Natalia,36,48
9861,2016,FEMALE,HISPANIC,Aria,35,49
9862,2016,FEMALE,HISPANIC,Savannah,35,49
9863,2016,FEMALE,HISPANIC,Khloe,35,49
9864,2016,FEMALE,HISPANIC,Alice,34,50
9865,2016,FEMALE,HISPANIC,Valeria,34,50
9866,2016,FEMALE,HISPANIC,Emely,33,51
9867,2016,FEMALE,HISPANIC,Serenity,33,51
9868,2016,FEMALE,HISPANIC,Melissa,32,52
9869,2016,FEMALE,HISPANIC,Natalie,32,52
9870,2016,FEMALE,HISPANIC,Elena,32,52
9871,2016,FEMALE,HISPANIC,Amber,32,52
9872,2016,FEMALE,HISPANIC,Isabel,32,52
9873,2016,FEMALE,HISPANIC,Leslie,32,52
9874,2016,FEMALE,HISPANIC,Angelina,31,53
9875,2016,FEMALE,HISPANIC,Diana,31,53
9876,2016,FEMALE,HISPANIC,Stephanie,31,53
9877,2016,FEMALE,HISPANIC,Emilia,30,54
9878,2016,FEMALE,HISPANIC,Skylar,30,54
9879,2016,FEMALE,HISPANIC,Ximena,30,54
9880,2016,FEMALE,HISPANIC,Michelle,29,55
9881,2016,FEMALE,HISPANIC,Keyla,29,55
9882,2016,FEMALE,HISPANIC,Naomi,28,56
9883,2016,FEMALE,HISPANIC,Mya,28,56
9884,2016,FEMALE,HISPANIC,Eliana,28,56
9885,2016,FEMALE,HISPANIC,Kaitlyn,27,57
9886,2016,FEMALE,HISPANIC,Eva,27,57
9887,2016,FEMALE,HISPANIC,Mariana,27,57
9888,2016,FEMALE,HISPANIC,Chelsea,27,57
9889,2016,FEMALE,HISPANIC,Ella,27,57
9890,2016,FEMALE,HISPANIC,Jazlyn,27,57
9891,2016,FEMALE,HISPANIC,Aylin,27,57
9892,2016,FEMALE,HISPANIC,Alana,26,58
9893,2016,FEMALE,HISPANIC,Delilah,26,58
9894,2016,FEMALE,HISPANIC,Sarai,26,58
9895,2016,FEMALE,HISPANIC,Alina,25,59
9896,2016,FEMALE,HISPANIC,Lia,25,59
9897,2016,FEMALE,HISPANIC,Amanda,25,59
9898,2016,FEMALE,HISPANIC,Sara,25,59
9899,2016,FEMALE,HISPANIC,Aliyah,25,59
9900,2016,FEMALE,HISPANIC,Ruby,24,60
9901,2016,FEMALE,HISPANIC,Jasmine,24,60
9902,2016,FEMALE,HISPANIC,Jayleen,24,60
9903,2016,FEMALE,HISPANIC,Alison,24,60
9904,2016,FEMALE,HISPANIC,Vanessa,24,60
9905,2016,FEMALE,HISPANIC,Violet,23,61
9906,2016,FEMALE,HISPANIC,Antonella,23,61
9907,2016,FEMALE,HISPANIC,Alexandra,23,61
9908,2016,FEMALE,HISPANIC,Amaia,23,61
9909,2016,FEMALE,HISPANIC,Jocelyn,23,61
9910,2016,FEMALE,HISPANIC,Melany,22,62
9911,2016,FEMALE,HISPANIC,Brittany,22,62
9912,2016,FEMALE,HISPANIC,Sophie,22,62
9913,2016,FEMALE,HISPANIC,Leilani,22,62
9914,2016,FEMALE,HISPANIC,Liliana,22,62
9915,2016,FEMALE,HISPANIC,Juliana,22,62
9916,2016,FEMALE,HISPANIC,Angelica,22,62
9917,2016,FEMALE,HISPANIC,Juliet,22,62
9918,2016,FEMALE,HISPANIC,Athena,21,63
9919,2016,FEMALE,HISPANIC,Jayla,21,63
9920,2016,FEMALE,HISPANIC,London,21,63
9921,2016,FEMALE,HISPANIC,Briana,21,63
9922,2016,FEMALE,HISPANIC,Danna,21,63
9923,2016,FEMALE,HISPANIC,Audrey,21,63
9924,2016,FEMALE,HISPANIC,Maia,21,63
9925,2016,FEMALE,HISPANIC,Sherlyn,20,64
9926,2016,FEMALE,HISPANIC,Rose,20,64
9927,2016,FEMALE,HISPANIC,Aurora,20,64
9928,2016,FEMALE,HISPANIC,Amalia,20,64
9929,2016,FEMALE,HISPANIC,Nova,20,64
9930,2016,FEMALE,HISPANIC,Julianna,20,64
9931,2016,FEMALE,HISPANIC,Autumn,20,64
9932,2016,FEMALE,HISPANIC,Destiny,20,64
9933,2016,FEMALE,HISPANIC,Selena,20,64
9934,2016,FEMALE,HISPANIC,Jessica,20,64
9935,2016,FEMALE,HISPANIC,Lauren,20,64
9936,2016,FEMALE,HISPANIC,Stella,19,65
9937,2016,FEMALE,HISPANIC,Julia,19,65
9938,2016,FEMALE,HISPANIC,Jazmin,19,65
9939,2016,FEMALE,HISPANIC,Alondra,19,65
9940,2016,FEMALE,HISPANIC,Daniella,19,65
9941,2016,FEMALE,HISPANIC,Jennifer,19,65
9942,2016,FEMALE,HISPANIC,Helen,19,65
9943,2016,FEMALE,HISPANIC,Annabelle,18,66
9944,2016,FEMALE,HISPANIC,Mariah,18,66
9945,2016,FEMALE,HISPANIC,Bianca,18,66
9946,2016,FEMALE,HISPANIC,Angie,18,66
9947,2016,FEMALE,HISPANIC,Arya,18,66
9948,2016,FEMALE,HISPANIC,Lily,18,66
9949,2016,FEMALE,HISPANIC,Miranda,18,66
9950,2016,FEMALE,HISPANIC,Giselle,18,66
9951,2016,FEMALE,HISPANIC,April,18,66
9952,2016,FEMALE,HISPANIC,Lucia,17,67
9953,2016,FEMALE,HISPANIC,Samara,17,67
9954,2016,FEMALE,HISPANIC,Jaylene,17,67
9955,2016,FEMALE,HISPANIC,Catalina,17,67
9956,2016,FEMALE,HISPANIC,Alejandra,17,67
9957,2016,FEMALE,HISPANIC,Madelyn,17,67
9958,2016,FEMALE,HISPANIC,Laila,17,67
9959,2016,FEMALE,HISPANIC,Keily,17,67
9960,2016,FEMALE,HISPANIC,Sabrina,17,67
9961,2016,FEMALE,HISPANIC,Heaven,16,68
9962,2016,FEMALE,HISPANIC,Esther,16,68
9963,2016,FEMALE,HISPANIC,Yaretzi,16,68
9964,2016,FEMALE,HISPANIC,Alessandra,16,68
9965,2016,FEMALE,HISPANIC,Valery,16,68
9966,2016,FEMALE,HISPANIC,Karen,16,68
9967,2016,FEMALE,HISPANIC,Daisy,16,68
9968,2016,FEMALE,HISPANIC,Liana,16,68
9969,2016,FEMALE,HISPANIC,Sasha,16,68
9970,2016,FEMALE,HISPANIC,Guadalupe,16,68
9971,2016,FEMALE,HISPANIC,Isabelle,15,69
9972,2016,FEMALE,HISPANIC,Itzel,15,69
9973,2016,FEMALE,HISPANIC,Nathalia,15,69
9974,2016,FEMALE,HISPANIC,Jacqueline,15,69
9975,2016,FEMALE,HISPANIC,Analia,15,69
9976,2016,FEMALE,HISPANIC,Hannah,15,69
9977,2016,FEMALE,HISPANIC,Izabella,15,69
9978,2016,FEMALE,HISPANIC,Ariella,15,69
9979,2016,FEMALE,HISPANIC,Brielle,15,69
9980,2016,FEMALE,HISPANIC,Natasha,15,69
9981,2016,FEMALE,HISPANIC,Alicia,15,69
9982,2016,FEMALE,HISPANIC,Eileen,15,69
9983,2016,FEMALE,HISPANIC,Leila,15,69
9984,2016,FEMALE,HISPANIC,Sienna,15,69
9985,2016,FEMALE,HISPANIC,Kamila,15,69
9986,2016,FEMALE,HISPANIC,Esmeralda,15,69
9987,2016,FEMALE,HISPANIC,Kelly,15,69
9988,2016,FEMALE,HISPANIC,Cataleya,14,70
9989,2016,FEMALE,HISPANIC,Leia,14,70
9990,2016,FEMALE,HISPANIC,Mackenzie,14,70
9991,2016,FEMALE,HISPANIC,Jaylah,14,70
9992,2016,FEMALE,HISPANIC,Skyla,14,70
9993,2016,FEMALE,HISPANIC,Bryanna,14,70
9994,2016,FEMALE,HISPANIC,Annalise,14,70
9995,2016,FEMALE,HISPANIC,Angela,14,70
9996,2016,FEMALE,HISPANIC,Luciana,14,70
9997,2016,FEMALE,HISPANIC,Nathaly,14,70
9998,2016,FEMALE,HISPANIC,Aileen,14,70
9999,2016,FEMALE,HISPANIC,Allyson,14,70
10000,2016,FEMALE,HISPANIC,Nashla,14,70
10001,2016,FEMALE,HISPANIC,Aleah,14,70
10002,2016,FEMALE,HISPANIC,Carla,14,70
10003,2016,FEMALE,HISPANIC,Hazel,13,71
10004,2016,FEMALE,HISPANIC,Rachel,13,71
10005,2016,FEMALE,HISPANIC,Amirah,13,71
10006,2016,FEMALE,HISPANIC,Mikaela,13,71
10007,2016,FEMALE,HISPANIC,Elianna,13,71
10008,2016,FEMALE,HISPANIC,Lizbeth,13,71
10009,2016,FEMALE,HISPANIC,Miah,13,71
10010,2016,FEMALE,HISPANIC,Camilla,13,71
10011,2016,FEMALE,HISPANIC,Nyla,13,71
10012,2016,FEMALE,HISPANIC,Elisa,13,71
10013,2016,FEMALE,HISPANIC,Gia,13,71
10014,2016,FEMALE,HISPANIC,Megan,13,71
10015,2016,FEMALE,HISPANIC,Kendra,13,71
10016,2016,FEMALE,HISPANIC,Erika,13,71
10017,2016,FEMALE,HISPANIC,Celine,13,71
10018,2016,FEMALE,HISPANIC,Sadie,13,71
10019,2016,FEMALE,HISPANIC,Nylah,13,71
10020,2016,FEMALE,HISPANIC,Anastasia,13,71
10021,2016,FEMALE,HISPANIC,Laura,13,71
10022,2016,FEMALE,HISPANIC,Khaleesi,12,72
10023,2016,FEMALE,HISPANIC,Melody,12,72
10024,2016,FEMALE,HISPANIC,Faith,12,72
10025,2016,FEMALE,HISPANIC,Lesly,12,72
10026,2016,FEMALE,HISPANIC,Makayla,12,72
10027,2016,FEMALE,HISPANIC,Evangeline,12,72
10028,2016,FEMALE,HISPANIC,Fatima,12,72
10029,2016,FEMALE,HISPANIC,Roselyn,12,72
10030,2016,FEMALE,HISPANIC,Ayleen,12,72
10031,2016,FEMALE,HISPANIC,Eliza,12,72
10032,2016,FEMALE,HISPANIC,Jamie,12,72
10033,2016,FEMALE,HISPANIC,Skyler,12,72
10034,2016,FEMALE,HISPANIC,Aliah,12,72
10035,2016,FEMALE,HISPANIC,Ruth,12,72
10036,2016,FEMALE,HISPANIC,Kaylie,12,72
10037,2016,FEMALE,HISPANIC,Tiffany,12,72
10038,2016,FEMALE,HISPANIC,Angelique,12,72
10039,2016,FEMALE,HISPANIC,Alani,12,72
10040,2016,FEMALE,HISPANIC,Alia,12,72
10041,2016,FEMALE,HISPANIC,Arabella,12,72
10042,2016,FEMALE,HISPANIC,Josephine,12,72
10043,2016,FEMALE,HISPANIC,Britney,12,72
10044,2016,FEMALE,HISPANIC,Jaelyn,12,72
10045,2016,FEMALE,HISPANIC,Alanna,11,73
10046,2016,FEMALE,HISPANIC,Alaina,11,73
10047,2016,FEMALE,HISPANIC,Malia,11,73
10048,2016,FEMALE,HISPANIC,Montserrat,11,73
10049,2016,FEMALE,HISPANIC,Lillian,11,73
10050,2016,FEMALE,HISPANIC,Luz,11,73
10051,2016,FEMALE,HISPANIC,Nathalie,11,73
10052,2016,FEMALE,HISPANIC,Zara,11,73
10053,2016,FEMALE,HISPANIC,Leilany,11,73
10054,2016,FEMALE,HISPANIC,Arielle,11,73
10055,2016,FEMALE,HISPANIC,Alexis,11,73
10056,2016,FEMALE,HISPANIC,Anaya,11,73
10057,2016,FEMALE,HISPANIC,Dayana,11,73
10058,2016,FEMALE,HISPANIC,Yamileth,11,73
10059,2016,FEMALE,HISPANIC,Paige,11,73
10060,2016,FEMALE,HISPANIC,Arlette,11,73
10061,2016,FEMALE,HISPANIC,Arianny,11,73
10062,2016,FEMALE,HISPANIC,Anna,11,73
10063,2016,FEMALE,HISPANIC,Kelsey,11,73
10064,2016,FEMALE,HISPANIC,Adelyn,11,73
10065,2016,FEMALE,HISPANIC,Madeline,11,73
10066,2016,FEMALE,HISPANIC,Scarlet,11,73
10067,2016,FEMALE,HISPANIC,Harley,11,73
10068,2016,FEMALE,HISPANIC,Fernanda,11,73
10069,2016,FEMALE,HISPANIC,Rosemary,11,73
10070,2016,FEMALE,HISPANIC,Nia,11,73
10071,2016,FEMALE,HISPANIC,Jaylin,11,73
10072,2016,FEMALE,HISPANIC,Elianny,11,73
10073,2016,FEMALE,HISPANIC,Amayah,11,73
10074,2016,FEMALE,HISPANIC,Celeste,11,73
10075,2016,FEMALE,HISPANIC,Kate,10,74
10076,2016,FEMALE,HISPANIC,Isabela,10,74
10077,2016,FEMALE,HISPANIC,Kaylani,10,74
10078,2016,FEMALE,HISPANIC,Jolie,10,74
10079,2016,FEMALE,HISPANIC,Nayeli,10,74
10080,2016,FEMALE,HISPANIC,Karla,10,74
10081,2016,FEMALE,HISPANIC,Paris,10,74
10082,2016,FEMALE,HISPANIC,Noemi,10,74
10083,2016,FEMALE,HISPANIC,Caroline,10,74
10084,2016,FEMALE,HISPANIC,Adeline,10,74
10085,2016,FEMALE,HISPANIC,Belen,10,74
10086,2016,FEMALE,HISPANIC,Cassandra,10,74
10087,2016,FEMALE,HISPANIC,Janelle,10,74
10088,2016,FEMALE,HISPANIC,Jasmin,10,74
10089,2016,FEMALE,HISPANIC,Crystal,10,74
10090,2016,FEMALE,HISPANIC,Veronica,10,74
10091,2016,FEMALE,HISPANIC,Ivanna,10,74
10092,2016,FEMALE,HISPANIC,Peyton,10,74
10093,2016,FEMALE,HISPANIC,Shirley,10,74
10094,2016,FEMALE,HISPANIC,Trinity,10,74
10095,2016,FEMALE,HISPANIC,Wendy,10,74
10096,2016,FEMALE,HISPANIC,Jimena,10,74
10097,2016,FEMALE,HISPANIC,Alayna,10,74
10098,2016,FEMALE,HISPANIC,Amina,10,74
10099,2016,FEMALE,WHITE NON HISPANIC,Olivia,230,1
10100,2016,FEMALE,WHITE NON HISPANIC,Rachel,221,2
10101,2016,FEMALE,WHITE NON HISPANIC,Esther,209,3
10102,2016,FEMALE,WHITE NON HISPANIC,Sarah,202,4
10103,2016,FEMALE,WHITE NON HISPANIC,Emma,201,5
10104,2016,FEMALE,WHITE NON HISPANIC,Charlotte,190,6
10105,2016,FEMALE,WHITE NON HISPANIC,Chaya,182,7
10106,2016,FEMALE,WHITE NON HISPANIC,Leah,178,8
10107,2016,FEMALE,WHITE NON HISPANIC,Ava,168,9
10108,2016,FEMALE,WHITE NON HISPANIC,Chana,166,10
10109,2016,FEMALE,WHITE NON HISPANIC,Miriam,159,11
10110,2016,FEMALE,WHITE NON HISPANIC,Sara,148,12
10111,2016,FEMALE,WHITE NON HISPANIC,Sophia,144,13
10112,2016,FEMALE,WHITE NON HISPANIC,Maya,137,14
10113,2016,FEMALE,WHITE NON HISPANIC,Emily,136,15
10114,2016,FEMALE,WHITE NON HISPANIC,Rivka,127,16
10115,2016,FEMALE,WHITE NON HISPANIC,Mia,117,17
10116,2016,FEMALE,WHITE NON HISPANIC,Elizabeth,117,17
10117,2016,FEMALE,WHITE NON HISPANIC,Ella,114,18
10118,2016,FEMALE,WHITE NON HISPANIC,Sofia,110,19
10119,2016,FEMALE,WHITE NON HISPANIC,Alexandra,99,20
10120,2016,FEMALE,WHITE NON HISPANIC,Amelia,99,20
10121,2016,FEMALE,WHITE NON HISPANIC,Malka,95,21
10122,2016,FEMALE,WHITE NON HISPANIC,Faigy,91,22
10123,2016,FEMALE,WHITE NON HISPANIC,Malky,87,23
10124,2016,FEMALE,WHITE NON HISPANIC,Gitty,86,24
10125,2016,FEMALE,WHITE NON HISPANIC,Grace,84,25
10126,2016,FEMALE,WHITE NON HISPANIC,Abigail,82,26
10127,2016,FEMALE,WHITE NON HISPANIC,Zoe,81,27
10128,2016,FEMALE,WHITE NON HISPANIC,Isabella,81,27
10129,2016,FEMALE,WHITE NON HISPANIC,Anna,80,28
10130,2016,FEMALE,WHITE NON HISPANIC,Lily,79,29
10131,2016,FEMALE,WHITE NON HISPANIC,Madison,79,29
10132,2016,FEMALE,WHITE NON HISPANIC,Victoria,76,30
10133,2016,FEMALE,WHITE NON HISPANIC,Hannah,76,30
10134,2016,FEMALE,WHITE NON HISPANIC,Gabriella,75,31
10135,2016,FEMALE,WHITE NON HISPANIC,Julia,73,32
10136,2016,FEMALE,WHITE NON HISPANIC,Chloe,72,33
10137,2016,FEMALE,WHITE NON HISPANIC,Alice,71,34
10138,2016,FEMALE,WHITE NON HISPANIC,Eva,68,35
10139,2016,FEMALE,WHITE NON HISPANIC,Stella,67,36
10140,2016,FEMALE,WHITE NON HISPANIC,Harper,67,36
10141,2016,FEMALE,WHITE NON HISPANIC,Mila,66,37
10142,2016,FEMALE,WHITE NON HISPANIC,Emilia,66,37
10143,2016,FEMALE,WHITE NON HISPANIC,Sophie,62,38
10144,2016,FEMALE,WHITE NON HISPANIC,Penelope,62,38
10145,2016,FEMALE,WHITE NON HISPANIC,Sienna,61,39
10146,2016,FEMALE,WHITE NON HISPANIC,Rivky,61,39
10147,2016,FEMALE,WHITE NON HISPANIC,Layla,58,40
10148,2016,FEMALE,WHITE NON HISPANIC,Yitty,58,40
10149,2016,FEMALE,WHITE NON HISPANIC,Violet,57,41
10150,2016,FEMALE,WHITE NON HISPANIC,Avery,57,41
10151,2016,FEMALE,WHITE NON HISPANIC,Evelyn,57,41
10152,2016,FEMALE,WHITE NON HISPANIC,Raizy,55,42
10153,2016,FEMALE,WHITE NON HISPANIC,Baila,55,42
10154,2016,FEMALE,WHITE NON HISPANIC,Riley,55,42
10155,2016,FEMALE,WHITE NON HISPANIC,Toby,54,43
10156,2016,FEMALE,WHITE NON HISPANIC,Valentina,54,43
10157,2016,FEMALE,WHITE NON HISPANIC,Eleanor,53,44
10158,2016,FEMALE,WHITE NON HISPANIC,Naomi,53,44
10159,2016,FEMALE,WHITE NON HISPANIC,Rose,49,45
10160,2016,FEMALE,WHITE NON HISPANIC,Caroline,48,46
10161,2016,FEMALE,WHITE NON HISPANIC,Claire,48,46
10162,2016,FEMALE,WHITE NON HISPANIC,Madeline,48,46
10163,2016,FEMALE,WHITE NON HISPANIC,Shaindy,47,47
10164,2016,FEMALE,WHITE NON HISPANIC,Talia,47,47
10165,2016,FEMALE,WHITE NON HISPANIC,Maria,47,47
10166,2016,FEMALE,WHITE NON HISPANIC,Devorah,46,48
10167,2016,FEMALE,WHITE NON HISPANIC,Ruby,46,48
10168,2016,FEMALE,WHITE NON HISPANIC,Nora,46,48
10169,2016,FEMALE,WHITE NON HISPANIC,Lila,45,49
10170,2016,FEMALE,WHITE NON HISPANIC,Chany,45,49
10171,2016,FEMALE,WHITE NON HISPANIC,Josephine,44,50
10172,2016,FEMALE,WHITE NON HISPANIC,Lucy,44,50
10173,2016,FEMALE,WHITE NON HISPANIC,Fiona,44,50
10174,2016,FEMALE,WHITE NON HISPANIC,Rebecca,43,51
10175,2016,FEMALE,WHITE NON HISPANIC,Natalie,43,51
10176,2016,FEMALE,WHITE NON HISPANIC,Amina,42,52
10177,2016,FEMALE,WHITE NON HISPANIC,Scarlett,41,53
10178,2016,FEMALE,WHITE NON HISPANIC,Samantha,41,53
10179,2016,FEMALE,WHITE NON HISPANIC,Sadie,41,53
10180,2016,FEMALE,WHITE NON HISPANIC,Sloane,41,53
10181,2016,FEMALE,WHITE NON HISPANIC,Liliana,40,54
10182,2016,FEMALE,WHITE NON HISPANIC,Gianna,40,54
10183,2016,FEMALE,WHITE NON HISPANIC,Eliana,40,54
10184,2016,FEMALE,WHITE NON HISPANIC,Clara,40,54
10185,2016,FEMALE,WHITE NON HISPANIC,Isabelle,39,55
10186,2016,FEMALE,WHITE NON HISPANIC,Juliette,39,55
10187,2016,FEMALE,WHITE NON HISPANIC,Dina,39,55
10188,2016,FEMALE,WHITE NON HISPANIC,Chava,38,56
10189,2016,FEMALE,WHITE NON HISPANIC,Pearl,38,56
10190,2016,FEMALE,WHITE NON HISPANIC,Angelina,38,56
10191,2016,FEMALE,WHITE NON HISPANIC,Yocheved,38,56
10192,2016,FEMALE,WHITE NON HISPANIC,Nina,37,57
10193,2016,FEMALE,WHITE NON HISPANIC,Katherine,37,57
10194,2016,FEMALE,WHITE NON HISPANIC,Lillian,37,57
10195,2016,FEMALE,WHITE NON HISPANIC,Ariana,37,57
10196,2016,FEMALE,WHITE NON HISPANIC,Audrey,36,58
10197,2016,FEMALE,WHITE NON HISPANIC,Noa,36,58
10198,2016,FEMALE,WHITE NON HISPANIC,Alexa,36,58
10199,2016,FEMALE,WHITE NON HISPANIC,Hazel,35,59
10200,2016,FEMALE,WHITE NON HISPANIC,Aria,35,59
10201,2016,FEMALE,WHITE NON HISPANIC,Nicole,35,59
10202,2016,FEMALE,WHITE NON HISPANIC,Isla,34,60
10203,2016,FEMALE,WHITE NON HISPANIC,Vivienne,34,60
10204,2016,FEMALE,WHITE NON HISPANIC,Blima,34,60
10205,2016,FEMALE,WHITE NON HISPANIC,Isabel,33,61
10206,2016,FEMALE,WHITE NON HISPANIC,Juliet,33,61
10207,2016,FEMALE,WHITE NON HISPANIC,Libby,32,62
10208,2016,FEMALE,WHITE NON HISPANIC,Lucia,32,62
10209,2016,FEMALE,WHITE NON HISPANIC,Elle,32,62
10210,2016,FEMALE,WHITE NON HISPANIC,Esty,32,62
10211,2016,FEMALE,WHITE NON HISPANIC,Adele,32,62
10212,2016,FEMALE,WHITE NON HISPANIC,Adeline,31,63
10213,2016,FEMALE,WHITE NON HISPANIC,Hailey,31,63
10214,2016,FEMALE,WHITE NON HISPANIC,Nechama,31,63
10215,2016,FEMALE,WHITE NON HISPANIC,Molly,31,63
10216,2016,FEMALE,WHITE NON HISPANIC,Vivian,30,64
10217,2016,FEMALE,WHITE NON HISPANIC,Kayla,30,64
10218,2016,FEMALE,WHITE NON HISPANIC,Anastasia,29,65
10219,2016,FEMALE,WHITE NON HISPANIC,Frances,29,65
10220,2016,FEMALE,WHITE NON HISPANIC,Michelle,29,65
10221,2016,FEMALE,WHITE NON HISPANIC,Goldy,29,65
10222,2016,FEMALE,WHITE NON HISPANIC,Rochel,29,65
10223,2016,FEMALE,WHITE NON HISPANIC,Quinn,29,65
10224,2016,FEMALE,WHITE NON HISPANIC,Maeve,28,66
10225,2016,FEMALE,WHITE NON HISPANIC,Willa,28,66
10226,2016,FEMALE,WHITE NON HISPANIC,Juliana,28,66
10227,2016,FEMALE,WHITE NON HISPANIC,Francesca,28,66
10228,2016,FEMALE,WHITE NON HISPANIC,Shoshana,28,66
10229,2016,FEMALE,WHITE NON HISPANIC,Gemma,27,67
10230,2016,FEMALE,WHITE NON HISPANIC,Fraidy,27,67
10231,2016,FEMALE,WHITE NON HISPANIC,Margaret,27,67
10232,2016,FEMALE,WHITE NON HISPANIC,Addison,27,67
10233,2016,FEMALE,WHITE NON HISPANIC,Annabelle,27,67
10234,2016,FEMALE,WHITE NON HISPANIC,Sury,27,67
10235,2016,FEMALE,WHITE NON HISPANIC,Cora,26,68
10236,2016,FEMALE,WHITE NON HISPANIC,Lyla,26,68
10237,2016,FEMALE,WHITE NON HISPANIC,Madelyn,26,68
10238,2016,FEMALE,WHITE NON HISPANIC,Jane,25,69
10239,2016,FEMALE,WHITE NON HISPANIC,Hindy,25,69
10240,2016,FEMALE,WHITE NON HISPANIC,Natalia,25,69
10241,2016,FEMALE,WHITE NON HISPANIC,June,25,69
10242,2016,FEMALE,WHITE NON HISPANIC,Giuliana,25,69
10243,2016,FEMALE,WHITE NON HISPANIC,Sydney,25,69
10244,2016,FEMALE,WHITE NON HISPANIC,Yides,25,69
10245,2016,FEMALE,WHITE NON HISPANIC,Savannah,25,69
10246,2016,FEMALE,WHITE NON HISPANIC,Ariella,24,70
10247,2016,FEMALE,WHITE NON HISPANIC,Diana,24,70
10248,2016,FEMALE,WHITE NON HISPANIC,Eloise,24,70
10249,2016,FEMALE,WHITE NON HISPANIC,Leila,24,70
10250,2016,FEMALE,WHITE NON HISPANIC,Emerson,24,70
10251,2016,FEMALE,WHITE NON HISPANIC,Bracha,24,70
10252,2016,FEMALE,WHITE NON HISPANIC,Mackenzie,24,70
10253,2016,FEMALE,WHITE NON HISPANIC,Mira,24,70
10254,2016,FEMALE,WHITE NON HISPANIC,Bella,24,70
10255,2016,FEMALE,WHITE NON HISPANIC,Elena,23,71
10256,2016,FEMALE,WHITE NON HISPANIC,Eliza,23,71
10257,2016,FEMALE,WHITE NON HISPANIC,Mary,23,71
10258,2016,FEMALE,WHITE NON HISPANIC,Lara,23,71
10259,2016,FEMALE,WHITE NON HISPANIC,Ahuva,22,72
10260,2016,FEMALE,WHITE NON HISPANIC,Laila,22,72
10261,2016,FEMALE,WHITE NON HISPANIC,Faiga,22,72
10262,2016,FEMALE,WHITE NON HISPANIC,Alexis,22,72
10263,2016,FEMALE,WHITE NON HISPANIC,Ellie,22,72
10264,2016,FEMALE,WHITE NON HISPANIC,Mariam,22,72
10265,2016,FEMALE,WHITE NON HISPANIC,Daniella,22,72
10266,2016,FEMALE,WHITE NON HISPANIC,Pessy,22,72
10267,2016,FEMALE,WHITE NON HISPANIC,Mindy,21,73
10268,2016,FEMALE,WHITE NON HISPANIC,Samira,21,73
10269,2016,FEMALE,WHITE NON HISPANIC,Luna,21,73
10270,2016,FEMALE,WHITE NON HISPANIC,Blimy,21,73
10271,2016,FEMALE,WHITE NON HISPANIC,Alessia,21,73
10272,2016,FEMALE,WHITE NON HISPANIC,Kira,21,73
10273,2016,FEMALE,WHITE NON HISPANIC,Skylar,21,73
10274,2016,FEMALE,WHITE NON HISPANIC,Georgia,20,74
10275,2016,FEMALE,WHITE NON HISPANIC,Keira,20,74
10276,2016,FEMALE,WHITE NON HISPANIC,Phoebe,20,74
10277,2016,FEMALE,WHITE NON HISPANIC,Ada,20,74
10278,2016,FEMALE,WHITE NON HISPANIC,Yael,20,74
10279,2016,FEMALE,WHITE NON HISPANIC,Margot,20,74
10280,2016,FEMALE,WHITE NON HISPANIC,Noor,20,74
10281,2016,FEMALE,WHITE NON HISPANIC,Maryam,20,74
10282,2016,FEMALE,WHITE NON HISPANIC,Sasha,20,74
10283,2016,FEMALE,WHITE NON HISPANIC,Shira,19,75
10284,2016,FEMALE,WHITE NON HISPANIC,Amalia,19,75
10285,2016,FEMALE,WHITE NON HISPANIC,Summer,19,75
10286,2016,FEMALE,WHITE NON HISPANIC,Brooke,19,75
10287,2016,FEMALE,WHITE NON HISPANIC,Perl,19,75
10288,2016,FEMALE,WHITE NON HISPANIC,Ayla,19,75
10289,2016,FEMALE,WHITE NON HISPANIC,Madeleine,19,75
10290,2016,FEMALE,WHITE NON HISPANIC,Catherine,19,75
10291,2016,FEMALE,WHITE NON HISPANIC,Milana,19,75
10292,2016,FEMALE,WHITE NON HISPANIC,Arielle,19,75
10293,2016,FEMALE,WHITE NON HISPANIC,Alina,19,75
10294,2016,FEMALE,WHITE NON HISPANIC,Alessandra,19,75
10295,2016,FEMALE,WHITE NON HISPANIC,Lydia,19,75
10296,2016,FEMALE,WHITE NON HISPANIC,Sabrina,19,75
10297,2016,FEMALE,WHITE NON HISPANIC,Liana,19,75
10298,2016,FEMALE,WHITE NON HISPANIC,Adina,19,75
10299,2016,FEMALE,WHITE NON HISPANIC,Dylan,19,75
10300,2016,FEMALE,WHITE NON HISPANIC,Zoey,18,76
10301,2016,FEMALE,WHITE NON HISPANIC,Charlie,18,76
10302,2016,FEMALE,WHITE NON HISPANIC,Beatrice,18,76
10303,2016,FEMALE,WHITE NON HISPANIC,Taylor,18,76
10304,2016,FEMALE,WHITE NON HISPANIC,Alma,18,76
10305,2016,FEMALE,WHITE NON HISPANIC,Bianca,18,76
10306,2016,FEMALE,WHITE NON HISPANIC,Raizel,18,76
10307,2016,FEMALE,WHITE NON HISPANIC,Gabriela,18,76
10308,2016,FEMALE,WHITE NON HISPANIC,Gittel,18,76
10309,2016,FEMALE,WHITE NON HISPANIC,Avigail,18,76
10310,2016,FEMALE,WHITE NON HISPANIC,Cecilia,18,76
10311,2016,FEMALE,WHITE NON HISPANIC,Colette,18,76
10312,2016,FEMALE,WHITE NON HISPANIC,Salma,18,76
10313,2016,FEMALE,WHITE NON HISPANIC,Olive,17,77
10314,2016,FEMALE,WHITE NON HISPANIC,Camilla,17,77
10315,2016,FEMALE,WHITE NON HISPANIC,Julianna,17,77
10316,2016,FEMALE,WHITE NON HISPANIC,Alyssa,17,77
10317,2016,FEMALE,WHITE NON HISPANIC,Lea,17,77
10318,2016,FEMALE,WHITE NON HISPANIC,Ruchy,17,77
10319,2016,FEMALE,WHITE NON HISPANIC,Hana,17,77
10320,2016,FEMALE,WHITE NON HISPANIC,Helen,17,77
10321,2016,FEMALE,WHITE NON HISPANIC,Aurora,17,77
10322,2016,FEMALE,WHITE NON HISPANIC,Eve,17,77
10323,2016,FEMALE,WHITE NON HISPANIC,Lola,17,77
10324,2016,FEMALE,WHITE NON HISPANIC,Elise,17,77
10325,2016,FEMALE,WHITE NON HISPANIC,Ivy,17,77
10326,2016,FEMALE,WHITE NON HISPANIC,Ruth,17,77
10327,2016,FEMALE,WHITE NON HISPANIC,Adriana,17,77
10328,2016,FEMALE,WHITE NON HISPANIC,Iris,17,77
10329,2016,FEMALE,WHITE NON HISPANIC,Hanna,16,78
10330,2016,FEMALE,WHITE NON HISPANIC,Arianna,16,78
10331,2016,FEMALE,WHITE NON HISPANIC,Idy,16,78
10332,2016,FEMALE,WHITE NON HISPANIC,Celine,16,78
10333,2016,FEMALE,WHITE NON HISPANIC,Veronica,16,78
10334,2016,FEMALE,WHITE NON HISPANIC,Shaina,16,78
10335,2016,FEMALE,WHITE NON HISPANIC,Sylvie,16,78
10336,2016,FEMALE,WHITE NON HISPANIC,Tzipora,16,78
10337,2016,FEMALE,WHITE NON HISPANIC,Bruchy,16,78
10338,2016,FEMALE,WHITE NON HISPANIC,Yehudis,16,78
10339,2016,FEMALE,WHITE NON HISPANIC,Louise,16,78
10340,2016,FEMALE,WHITE NON HISPANIC,Chavy,16,78
10341,2016,FEMALE,WHITE NON HISPANIC,Lena,16,78
10342,2016,FEMALE,WHITE NON HISPANIC,Matilda,16,78
10343,2016,FEMALE,WHITE NON HISPANIC,Reese,16,78
10344,2016,FEMALE,WHITE NON HISPANIC,Hadassah,16,78
10345,2016,FEMALE,WHITE NON HISPANIC,Genevieve,16,78
10346,2016,FEMALE,WHITE NON HISPANIC,Lana,16,78
10347,2016,FEMALE,WHITE NON HISPANIC,Frady,16,78
10348,2016,FEMALE,WHITE NON HISPANIC,Layan,15,79
10349,2016,FEMALE,WHITE NON HISPANIC,Devora,15,79
10350,2016,FEMALE,WHITE NON HISPANIC,Henny,15,79
10351,2016,FEMALE,WHITE NON HISPANIC,Frimet,15,79
10352,2016,FEMALE,WHITE NON HISPANIC,Fradel,15,79
10353,2016,FEMALE,WHITE NON HISPANIC,Sabina,15,79
10354,2016,FEMALE,WHITE NON HISPANIC,Vera,15,79
10355,2016,FEMALE,WHITE NON HISPANIC,Serena,15,79
10356,2016,FEMALE,WHITE NON HISPANIC,Raquel,15,79
10357,2016,FEMALE,WHITE NON HISPANIC,Kate,15,79
10358,2016,FEMALE,WHITE NON HISPANIC,Shifra,15,79
10359,2016,FEMALE,WHITE NON HISPANIC,Siena,15,79
10360,2016,FEMALE,WHITE NON HISPANIC,Aliza,15,79
10361,2016,FEMALE,WHITE NON HISPANIC,Malika,15,79
10362,2016,FEMALE,WHITE NON HISPANIC,Morgan,15,79
10363,2016,FEMALE,WHITE NON HISPANIC,Annabel,15,79
10364,2016,FEMALE,WHITE NON HISPANIC,Willow,15,79
10365,2016,FEMALE,WHITE NON HISPANIC,Amelie,15,79
10366,2016,FEMALE,WHITE NON HISPANIC,Elisheva,15,79
10367,2016,FEMALE,WHITE NON HISPANIC,Zissy,15,79
10368,2016,FEMALE,WHITE NON HISPANIC,Blake,14,80
10369,2016,FEMALE,WHITE NON HISPANIC,Livia,14,80
10370,2016,FEMALE,WHITE NON HISPANIC,Brucha,14,80
10371,2016,FEMALE,WHITE NON HISPANIC,Brielle,14,80
10372,2016,FEMALE,WHITE NON HISPANIC,Rifka,14,80
10373,2016,FEMALE,WHITE NON HISPANIC,Brianna,14,80
10374,2016,FEMALE,WHITE NON HISPANIC,Judy,14,80
10375,2016,FEMALE,WHITE NON HISPANIC,Malak,14,80
10376,2016,FEMALE,WHITE NON HISPANIC,Tziporah,14,80
10377,2016,FEMALE,WHITE NON HISPANIC,Paige,14,80
10378,2016,FEMALE,WHITE NON HISPANIC,Eden,14,80
10379,2016,FEMALE,WHITE NON HISPANIC,Mirel,14,80
10380,2016,FEMALE,WHITE NON HISPANIC,Nadia,14,80
10381,2016,FEMALE,WHITE NON HISPANIC,Adelaide,14,80
10382,2016,FEMALE,WHITE NON HISPANIC,Reagan,14,80
10383,2016,FEMALE,WHITE NON HISPANIC,Rivkah,14,80
10384,2016,FEMALE,WHITE NON HISPANIC,Louisa,14,80
10385,2016,FEMALE,WHITE NON HISPANIC,Liv,14,80
10386,2016,FEMALE,WHITE NON HISPANIC,Esme,14,80
10387,2016,FEMALE,WHITE NON HISPANIC,Golda,14,80
10388,2016,FEMALE,WHITE NON HISPANIC,Perel,14,80
10389,2016,FEMALE,WHITE NON HISPANIC,Freida,13,81
10390,2016,FEMALE,WHITE NON HISPANIC,Dahlia,13,81
10391,2016,FEMALE,WHITE NON HISPANIC,Ryan,13,81
10392,2016,FEMALE,WHITE NON HISPANIC,Rifky,13,81
10393,2016,FEMALE,WHITE NON HISPANIC,Amy,13,81
10394,2016,FEMALE,WHITE NON HISPANIC,Shea,13,81
10395,2016,FEMALE,WHITE NON HISPANIC,Vienna,13,81
10396,2016,FEMALE,WHITE NON HISPANIC,Gia,13,81
10397,2016,FEMALE,WHITE NON HISPANIC,Lauren,13,81
10398,2016,FEMALE,WHITE NON HISPANIC,Teagan,13,81
10399,2016,FEMALE,WHITE NON HISPANIC,Simone,13,81
10400,2016,FEMALE,WHITE NON HISPANIC,Lia,13,81
10401,2016,FEMALE,WHITE NON HISPANIC,Tova,13,81
10402,2016,FEMALE,WHITE NON HISPANIC,Etty,13,81
10403,2016,FEMALE,WHITE NON HISPANIC,Juniper,13,81
10404,2016,FEMALE,WHITE NON HISPANIC,Frieda,13,81
10405,2016,FEMALE,WHITE NON HISPANIC,Gabrielle,13,81
10406,2016,FEMALE,WHITE NON HISPANIC,Miri,12,82
10407,2016,FEMALE,WHITE NON HISPANIC,Shevy,12,82
10408,2016,FEMALE,WHITE NON HISPANIC,Laura,12,82
10409,2016,FEMALE,WHITE NON HISPANIC,Lilah,12,82
10410,2016,FEMALE,WHITE NON HISPANIC,Batsheva,12,82
10411,2016,FEMALE,WHITE NON HISPANIC,Batya,12,82
10412,2016,FEMALE,WHITE NON HISPANIC,Julie,12,82
10413,2016,FEMALE,WHITE NON HISPANIC,Everly,12,82
10414,2016,FEMALE,WHITE NON HISPANIC,Edith,12,82
10415,2016,FEMALE,WHITE NON HISPANIC,Fatima,12,82
10416,2016,FEMALE,WHITE NON HISPANIC,Basya,12,82
10417,2016,FEMALE,WHITE NON HISPANIC,Amanda,12,82
10418,2016,FEMALE,WHITE NON HISPANIC,Aubrey,12,82
10419,2016,FEMALE,WHITE NON HISPANIC,Toba,12,82
10420,2016,FEMALE,WHITE NON HISPANIC,Trany,12,82
10421,2016,FEMALE,WHITE NON HISPANIC,Freya,12,82
10422,2016,FEMALE,WHITE NON HISPANIC,Antonia,12,82
10423,2016,FEMALE,WHITE NON HISPANIC,Tessa,12,82
10424,2016,FEMALE,WHITE NON HISPANIC,Hinda,12,82
10425,2016,FEMALE,WHITE NON HISPANIC,Camille,12,82
10426,2016,FEMALE,WHITE NON HISPANIC,Hadley,12,82
10427,2016,FEMALE,WHITE NON HISPANIC,Elisa,12,82
10428,2016,FEMALE,WHITE NON HISPANIC,Breindy,12,82
10429,2016,FEMALE,WHITE NON HISPANIC,Jacqueline,12,82
10430,2016,FEMALE,WHITE NON HISPANIC,Maia,12,82
10431,2016,FEMALE,WHITE NON HISPANIC,Liba,12,82
10432,2016,FEMALE,WHITE NON HISPANIC,Adrianna,12,82
10433,2016,FEMALE,WHITE NON HISPANIC,Liora,12,82
10434,2016,FEMALE,WHITE NON HISPANIC,Dalia,11,83
10435,2016,FEMALE,WHITE NON HISPANIC,Diyora,11,83
10436,2016,FEMALE,WHITE NON HISPANIC,Valerie,11,83
10437,2016,FEMALE,WHITE NON HISPANIC,Sima,11,83
10438,2016,FEMALE,WHITE NON HISPANIC,Anne,11,83
10439,2016,FEMALE,WHITE NON HISPANIC,Aviva,11,83
10440,2016,FEMALE,WHITE NON HISPANIC,Lilly,11,83
10441,2016,FEMALE,WHITE NON HISPANIC,Madina,11,83
10442,2016,FEMALE,WHITE NON HISPANIC,Zara,11,83
10443,2016,FEMALE,WHITE NON HISPANIC,Jenna,11,83
10444,2016,FEMALE,WHITE NON HISPANIC,Tamar,11,83
10445,2016,FEMALE,WHITE NON HISPANIC,Daria,11,83
10446,2016,FEMALE,WHITE NON HISPANIC,Farida,11,83
10447,2016,FEMALE,WHITE NON HISPANIC,Camila,11,83
10448,2016,FEMALE,WHITE NON HISPANIC,Harley,11,83
10449,2016,FEMALE,WHITE NON HISPANIC,Kaia,11,83
10450,2016,FEMALE,WHITE NON HISPANIC,Goldie,11,83
10451,2016,FEMALE,WHITE NON HISPANIC,Leyla,11,83
10452,2016,FEMALE,WHITE NON HISPANIC,Alisa,11,83
10453,2016,FEMALE,WHITE NON HISPANIC,Lina,10,84
10454,2016,FEMALE,WHITE NON HISPANIC,Brooklyn,10,84
10455,2016,FEMALE,WHITE NON HISPANIC,Tamara,10,84
10456,2016,FEMALE,WHITE NON HISPANIC,Sylvia,10,84
10457,2016,FEMALE,WHITE NON HISPANIC,Ashley,10,84
10458,2016,FEMALE,WHITE NON HISPANIC,Yasmin,10,84
10459,2016,FEMALE,WHITE NON HISPANIC,Margaux,10,84
10460,2016,FEMALE,WHITE NON HISPANIC,Sonia,10,84
10461,2016,FEMALE,WHITE NON HISPANIC,Michal,10,84
10462,2016,FEMALE,WHITE NON HISPANIC,Zelda,10,84
10463,2016,FEMALE,WHITE NON HISPANIC,Marlowe,10,84
10464,2016,FEMALE,WHITE NON HISPANIC,Christina,10,84
10465,2016,FEMALE,WHITE NON HISPANIC,Briella,10,84
10466,2016,FEMALE,WHITE NON HISPANIC,Lilliana,10,84
10467,2016,FEMALE,WHITE NON HISPANIC,Logan,10,84
10468,2016,FEMALE,WHITE NON HISPANIC,Vanessa,10,84
10469,2016,FEMALE,WHITE NON HISPANIC,Finley,10,84
10470,2016,FEMALE,WHITE NON HISPANIC,Nicolette,10,84
10471,2016,FEMALE,WHITE NON HISPANIC,Reem,10,84
10472,2016,FEMALE,WHITE NON HISPANIC,Ana,10,84
10473,2016,FEMALE,WHITE NON HISPANIC,Zainab,10,84
10474,2016,FEMALE,WHITE NON HISPANIC,Katerina,10,84
10475,2016,FEMALE,WHITE NON HISPANIC,Evangeline,10,84
10476,2016,FEMALE,WHITE NON HISPANIC,Brynn,10,84
10477,2016,FEMALE,WHITE NON HISPANIC,Danielle,10,84
10478,2016,FEMALE,WHITE NON HISPANIC,Autumn,10,84
10479,2016,FEMALE,WHITE NON HISPANIC,Cleo,10,84
10480,2016,FEMALE,WHITE NON HISPANIC,Poppy,10,84
10481,2016,FEMALE,WHITE NON HISPANIC,Delilah,10,84
10482,2016,FEMALE,WHITE NON HISPANIC,Suri,10,84
10483,2016,FEMALE,WHITE NON HISPANIC,Riva,10,84
10484,2016,FEMALE,WHITE NON HISPANIC,Maggie,10,84
11501,2015,FEMALE,ASIAN AND PACIFIC ISLANDER,Olivia,188,1
11502,2015,FEMALE,ASIAN AND PACIFIC ISLANDER,Chloe,119,2
11503,2015,FEMALE,ASIAN AND PACIFIC ISLANDER,Sophia,104,3
11504,2015,FEMALE,ASIAN AND PACIFIC ISLANDER,Emily,99,4
11505,2015,FEMALE,ASIAN AND PACIFIC ISLANDER,Emma,74,5
11506,2015,FEMALE,ASIAN AND PACIFIC ISLANDER,Grace,65,6
11507,2015,FEMALE,ASIAN AND PACIFIC ISLANDER,Isabella,63,7
11508,2015,FEMALE,ASIAN AND PACIFIC ISLANDER,Mia,59,8
11509,2015,FEMALE,ASIAN AND PACIFIC ISLANDER,Angela,57,9
11510,2015,FEMALE,ASIAN AND PACIFIC ISLANDER,Charlotte,50,10
11511,2015,FEMALE,ASIAN AND PACIFIC ISLANDER,Amelia,48,11
11512,2015,FEMALE,ASIAN AND PACIFIC ISLANDER,Ava,46,12
11513,2015,FEMALE,ASIAN AND PACIFIC ISLANDER,Anaya,44,13
11514,2015,FEMALE,ASIAN AND PACIFIC ISLANDER,Claire,40,14
11515,2015,FEMALE,ASIAN AND PACIFIC ISLANDER,Hannah,39,15
11516,2015,FEMALE,ASIAN AND PACIFIC ISLANDER,Sarah,37,16
11517,2015,FEMALE,ASIAN AND PACIFIC ISLANDER,Zoe,36,17
11518,2015,FEMALE,ASIAN AND PACIFIC ISLANDER,Bella,36,17
11519,2015,FEMALE,ASIAN AND PACIFIC ISLANDER,Evelyn,36,17
11520,2015,FEMALE,ASIAN AND PACIFIC ISLANDER,Jessica,36,17
11521,2015,FEMALE,ASIAN AND PACIFIC ISLANDER,Abigail,35,18
11522,2015,FEMALE,ASIAN AND PACIFIC ISLANDER,Fatima,35,18
11523,2015,FEMALE,ASIAN AND PACIFIC ISLANDER,Ella,35,18
11524,2015,FEMALE,ASIAN AND PACIFIC ISLANDER,Kayla,35,18
11525,2015,FEMALE,ASIAN AND PACIFIC ISLANDER,Rachel,34,19
11526,2015,FEMALE,ASIAN AND PACIFIC ISLANDER,Jasmine,34,19
11527,2015,FEMALE,ASIAN AND PACIFIC ISLANDER,Leah,34,19
11528,2015,FEMALE,ASIAN AND PACIFIC ISLANDER,Alice,33,20
11529,2015,FEMALE,ASIAN AND PACIFIC ISLANDER,Avery,32,21
11530,2015,FEMALE,ASIAN AND PACIFIC ISLANDER,Vivian,31,22
11531,2015,FEMALE,ASIAN AND PACIFIC ISLANDER,Angelina,30,23
11532,2015,FEMALE,ASIAN AND PACIFIC ISLANDER,Hailey,30,23
11533,2015,FEMALE,ASIAN AND PACIFIC ISLANDER,Maya,29,24
11534,2015,FEMALE,ASIAN AND PACIFIC ISLANDER,Joanna,29,24
11535,2015,FEMALE,ASIAN AND PACIFIC ISLANDER,Anna,28,25
11536,2015,FEMALE,ASIAN AND PACIFIC ISLANDER,Fiona,28,25
11537,2015,FEMALE,ASIAN AND PACIFIC ISLANDER,Victoria,28,25
11538,2015,FEMALE,ASIAN AND PACIFIC ISLANDER,Sophie,28,25
11539,2015,FEMALE,ASIAN AND PACIFIC ISLANDER,Ashley,27,26
11540,2015,FEMALE,ASIAN AND PACIFIC ISLANDER,Alina,27,26
11541,2015,FEMALE,ASIAN AND PACIFIC ISLANDER,Elena,27,26
11542,2015,FEMALE,ASIAN AND PACIFIC ISLANDER,Aria,27,26
11543,2015,FEMALE,ASIAN AND PACIFIC ISLANDER,Audrey,26,27
11544,2015,FEMALE,ASIAN AND PACIFIC ISLANDER,Kaylee,26,27
11545,2015,FEMALE,ASIAN AND PACIFIC ISLANDER,Arya,26,27
11546,2015,FEMALE,ASIAN AND PACIFIC ISLANDER,Stella,26,27
11547,2015,FEMALE,ASIAN AND PACIFIC ISLANDER,Ellie,25,28
11548,2015,FEMALE,ASIAN AND PACIFIC ISLANDER,Tenzin,25,28
11549,2015,FEMALE,ASIAN AND PACIFIC ISLANDER,Madison,25,28
11550,2015,FEMALE,ASIAN AND PACIFIC ISLANDER,Ariana,25,28
11551,2015,FEMALE,ASIAN AND PACIFIC ISLANDER,Sofia,25,28
11552,2015,FEMALE,ASIAN AND PACIFIC ISLANDER,Abby,24,29
11553,2015,FEMALE,ASIAN AND PACIFIC ISLANDER,Annie,24,29
11554,2015,FEMALE,ASIAN AND PACIFIC ISLANDER,Elizabeth,24,29
11555,2015,FEMALE,ASIAN AND PACIFIC ISLANDER,Catherine,24,29
11556,2015,FEMALE,ASIAN AND PACIFIC ISLANDER,Ayesha,23,30
11557,2015,FEMALE,ASIAN AND PACIFIC ISLANDER,Zainab,22,31
11558,2015,FEMALE,ASIAN AND PACIFIC ISLANDER,Tiffany,22,31
11559,2015,FEMALE,ASIAN AND PACIFIC ISLANDER,Zara,22,31
11560,2015,FEMALE,ASIAN AND PACIFIC ISLANDER,Serena,22,31
11561,2015,FEMALE,ASIAN AND PACIFIC ISLANDER,Lily,22,31
11562,2015,FEMALE,ASIAN AND PACIFIC ISLANDER,Stephanie,22,31
11563,2015,FEMALE,ASIAN AND PACIFIC ISLANDER,Iris,22,31
11564,2015,FEMALE,ASIAN AND PACIFIC ISLANDER,Melody,21,32
11565,2015,FEMALE,ASIAN AND PACIFIC ISLANDER,Michelle,21,32
11566,2015,FEMALE,ASIAN AND PACIFIC ISLANDER,Cindy,21,32
11567,2015,FEMALE,ASIAN AND PACIFIC ISLANDER,Amy,20,33
11568,2015,FEMALE,ASIAN AND PACIFIC ISLANDER,Naomi,20,33
11569,2015,FEMALE,ASIAN AND PACIFIC ISLANDER,Manha,20,33
11570,2015,FEMALE,ASIAN AND PACIFIC ISLANDER,Penelope,20,33
11571,2015,FEMALE,ASIAN AND PACIFIC ISLANDER,Kaitlyn,20,33
11572,2015,FEMALE,ASIAN AND PACIFIC ISLANDER,Phoebe,20,33
11573,2015,FEMALE,ASIAN AND PACIFIC ISLANDER,Vicky,20,33
11574,2015,FEMALE,ASIAN AND PACIFIC ISLANDER,Natalie,20,33
11575,2015,FEMALE,ASIAN AND PACIFIC ISLANDER,Sara,20,33
11576,2015,FEMALE,ASIAN AND PACIFIC ISLANDER,Zahra,20,33
11577,2015,FEMALE,ASIAN AND PACIFIC ISLANDER,Ivy,19,34
11578,2015,FEMALE,ASIAN AND PACIFIC ISLANDER,Allison,19,34
11579,2015,FEMALE,ASIAN AND PACIFIC ISLANDER,Aisha,19,34
11580,2015,FEMALE,ASIAN AND PACIFIC ISLANDER,Queenie,19,34
11581,2015,FEMALE,ASIAN AND PACIFIC ISLANDER,Nicole,19,34
11582,2015,FEMALE,ASIAN AND PACIFIC ISLANDER,Lillian,19,34
11583,2015,FEMALE,ASIAN AND PACIFIC ISLANDER,Christina,19,34
11584,2015,FEMALE,ASIAN AND PACIFIC ISLANDER,Maryam,19,34
11585,2015,FEMALE,ASIAN AND PACIFIC ISLANDER,Mila,18,35
11586,2015,FEMALE,ASIAN AND PACIFIC ISLANDER,Eva,18,35
11587,2015,FEMALE,ASIAN AND PACIFIC ISLANDER,Katherine,18,35
11588,2015,FEMALE,ASIAN AND PACIFIC ISLANDER,Selina,18,35
11589,2015,FEMALE,ASIAN AND PACIFIC ISLANDER,Jenny,18,35
11590,2015,FEMALE,ASIAN AND PACIFIC ISLANDER,Arianna,17,36
11591,2015,FEMALE,ASIAN AND PACIFIC ISLANDER,Kelly,17,36
11592,2015,FEMALE,ASIAN AND PACIFIC ISLANDER,Cynthia,17,36
11593,2015,FEMALE,ASIAN AND PACIFIC ISLANDER,Alisha,17,36
11594,2015,FEMALE,ASIAN AND PACIFIC ISLANDER,Rebecca,17,36
11595,2015,FEMALE,ASIAN AND PACIFIC ISLANDER,Hanna,17,36
11596,2015,FEMALE,ASIAN AND PACIFIC ISLANDER,Julia,17,36
11597,2015,FEMALE,ASIAN AND PACIFIC ISLANDER,Sabrina,16,37
11598,2015,FEMALE,ASIAN AND PACIFIC ISLANDER,Amber,16,37
11599,2015,FEMALE,ASIAN AND PACIFIC ISLANDER,Nina,16,37
11600,2015,FEMALE,ASIAN AND PACIFIC ISLANDER,Aleena,16,37
11601,2015,FEMALE,ASIAN AND PACIFIC ISLANDER,Irene,16,37
11602,2015,FEMALE,ASIAN AND PACIFIC ISLANDER,Shirley,16,37
11603,2015,FEMALE,ASIAN AND PACIFIC ISLANDER,Isabelle,15,38
11604,2015,FEMALE,ASIAN AND PACIFIC ISLANDER,Anika,15,38
11605,2015,FEMALE,ASIAN AND PACIFIC ISLANDER,Emilia,15,38
11606,2015,FEMALE,ASIAN AND PACIFIC ISLANDER,Elsa,15,38
11607,2015,FEMALE,ASIAN AND PACIFIC ISLANDER,Harper,15,38
11608,2015,FEMALE,ASIAN AND PACIFIC ISLANDER,Zoey,15,38
11609,2015,FEMALE,ASIAN AND PACIFIC ISLANDER,Elina,15,38
11610,2015,FEMALE,ASIAN AND PACIFIC ISLANDER,Jannat,14,39
11611,2015,FEMALE,ASIAN AND PACIFIC ISLANDER,Leela,14,39
11612,2015,FEMALE,ASIAN AND PACIFIC ISLANDER,Nabiha,14,39
11613,2015,FEMALE,ASIAN AND PACIFIC ISLANDER,Celine,14,39
11614,2015,FEMALE,ASIAN AND PACIFIC ISLANDER,Mariam,14,39
11615,2015,FEMALE,ASIAN AND PACIFIC ISLANDER,Alexandra,13,40
11616,2015,FEMALE,ASIAN AND PACIFIC ISLANDER,Ruby,13,40
11617,2015,FEMALE,ASIAN AND PACIFIC ISLANDER,Eileen,13,40
11618,2015,FEMALE,ASIAN AND PACIFIC ISLANDER,Arisha,13,40
11619,2015,FEMALE,ASIAN AND PACIFIC ISLANDER,Jocelyn,13,40
11620,2015,FEMALE,ASIAN AND PACIFIC ISLANDER,Aiza,13,40
11621,2015,FEMALE,ASIAN AND PACIFIC ISLANDER,Winnie,13,40
11622,2015,FEMALE,ASIAN AND PACIFIC ISLANDER,Samaira,13,40
11623,2015,FEMALE,ASIAN AND PACIFIC ISLANDER,Caroline,13,40
11624,2015,FEMALE,ASIAN AND PACIFIC ISLANDER,Janice,13,40
11625,2015,FEMALE,ASIAN AND PACIFIC ISLANDER,Queena,13,40
11626,2015,FEMALE,ASIAN AND PACIFIC ISLANDER,Angel,13,40
11627,2015,FEMALE,ASIAN AND PACIFIC ISLANDER,Amanda,13,40
11628,2015,FEMALE,ASIAN AND PACIFIC ISLANDER,Lucy,13,40
11629,2015,FEMALE,ASIAN AND PACIFIC ISLANDER,Jennifer,12,41
11630,2015,FEMALE,ASIAN AND PACIFIC ISLANDER,Lena,12,41
11631,2015,FEMALE,ASIAN AND PACIFIC ISLANDER,Lydia,12,41
11632,2015,FEMALE,ASIAN AND PACIFIC ISLANDER,Savannah,12,41
11633,2015,FEMALE,ASIAN AND PACIFIC ISLANDER,Joy,12,41
11634,2015,FEMALE,ASIAN AND PACIFIC ISLANDER,Inaaya,12,41
11635,2015,FEMALE,ASIAN AND PACIFIC ISLANDER,Madeline,12,41
11636,2015,FEMALE,ASIAN AND PACIFIC ISLANDER,Kira,12,41
11637,2015,FEMALE,ASIAN AND PACIFIC ISLANDER,Lauren,12,41
11638,2015,FEMALE,ASIAN AND PACIFIC ISLANDER,Sienna,12,41
11639,2015,FEMALE,ASIAN AND PACIFIC ISLANDER,Elaine,12,41
11640,2015,FEMALE,ASIAN AND PACIFIC ISLANDER,Annabelle,12,41
11641,2015,FEMALE,ASIAN AND PACIFIC ISLANDER,Joyce,12,41
11642,2015,FEMALE,ASIAN AND PACIFIC ISLANDER,Katie,12,41
11643,2015,FEMALE,ASIAN AND PACIFIC ISLANDER,Jessie,12,41
11644,2015,FEMALE,ASIAN AND PACIFIC ISLANDER,Alexis,12,41
11645,2015,FEMALE,ASIAN AND PACIFIC ISLANDER,Eliana,12,41
11646,2015,FEMALE,ASIAN AND PACIFIC ISLANDER,Luna,12,41
11647,2015,FEMALE,ASIAN AND PACIFIC ISLANDER,Tanisha,12,41
11648,2015,FEMALE,ASIAN AND PACIFIC ISLANDER,Hafsa,11,42
11649,2015,FEMALE,ASIAN AND PACIFIC ISLANDER,Jannatul,11,42
11650,2015,FEMALE,ASIAN AND PACIFIC ISLANDER,Elise,11,42
11651,2015,FEMALE,ASIAN AND PACIFIC ISLANDER,Diana,11,42
11652,2015,FEMALE,ASIAN AND PACIFIC ISLANDER,Karina,11,42
11653,2015,FEMALE,ASIAN AND PACIFIC ISLANDER,Raina,11,42
11654,2015,FEMALE,ASIAN AND PACIFIC ISLANDER,Eleanor,11,42
11655,2015,FEMALE,ASIAN AND PACIFIC ISLANDER,Giselle,11,42
11656,2015,FEMALE,ASIAN AND PACIFIC ISLANDER,Aizah,11,42
11657,2015,FEMALE,ASIAN AND PACIFIC ISLANDER,Mira,11,42
11658,2015,FEMALE,ASIAN AND PACIFIC ISLANDER,Maliha,11,42
11659,2015,FEMALE,ASIAN AND PACIFIC ISLANDER,Aarya,11,42
11660,2015,FEMALE,ASIAN AND PACIFIC ISLANDER,Cecilia,11,42
11661,2015,FEMALE,ASIAN AND PACIFIC ISLANDER,Haniya,11,42
11662,2015,FEMALE,ASIAN AND PACIFIC ISLANDER,Emaan,11,42
11663,2015,FEMALE,ASIAN AND PACIFIC ISLANDER,Erica,11,42
11664,2015,FEMALE,ASIAN AND PACIFIC ISLANDER,Sylvia,11,42
11665,2015,FEMALE,ASIAN AND PACIFIC ISLANDER,Alyssa,11,42
11666,2015,FEMALE,ASIAN AND PACIFIC ISLANDER,Skylar,10,43
11667,2015,FEMALE,ASIAN AND PACIFIC ISLANDER,Mahnoor,10,43
11668,2015,FEMALE,ASIAN AND PACIFIC ISLANDER,Anabia,10,43
11669,2015,FEMALE,ASIAN AND PACIFIC ISLANDER,Priscilla,10,43
11670,2015,FEMALE,ASIAN AND PACIFIC ISLANDER,Anisa,10,43
11671,2015,FEMALE,ASIAN AND PACIFIC ISLANDER,Karen,10,43
11672,2015,FEMALE,ASIAN AND PACIFIC ISLANDER,Isabel,10,43
11673,2015,FEMALE,ASIAN AND PACIFIC ISLANDER,Samantha,10,43
11674,2015,FEMALE,ASIAN AND PACIFIC ISLANDER,Tina,10,43
11675,2015,FEMALE,ASIAN AND PACIFIC ISLANDER,Riley,10,43
11676,2015,FEMALE,ASIAN AND PACIFIC ISLANDER,Christine,10,43
11677,2015,FEMALE,ASIAN AND PACIFIC ISLANDER,Layla,10,43
11678,2015,FEMALE,ASIAN AND PACIFIC ISLANDER,Lisa,10,43
11679,2015,FEMALE,ASIAN AND PACIFIC ISLANDER,Jacqueline,10,43
11680,2015,FEMALE,ASIAN AND PACIFIC ISLANDER,Khloe,10,43
11681,2015,FEMALE,ASIAN AND PACIFIC ISLANDER,Scarlett,10,43
11682,2015,FEMALE,ASIAN AND PACIFIC ISLANDER,Noor,10,43
11683,2015,FEMALE,ASIAN AND PACIFIC ISLANDER,Ariel,10,43
11684,2015,FEMALE,ASIAN AND PACIFIC ISLANDER,Clara,10,43
11685,2015,FEMALE,ASIAN AND PACIFIC ISLANDER,Isla,10,43
11686,2015,FEMALE,ASIAN AND PACIFIC ISLANDER,Megan,10,43
11687,2015,FEMALE,ASIAN AND PACIFIC ISLANDER,Josephine,10,43
11688,2015,FEMALE,BLACK NON HISPANIC,Madison,128,1
11689,2015,FEMALE,BLACK NON HISPANIC,Skylar,91,2
11690,2015,FEMALE,BLACK NON HISPANIC,Ava,87,3
11691,2015,FEMALE,BLACK NON HISPANIC,Olivia,82,4
11692,2015,FEMALE,BLACK NON HISPANIC,Mia,61,5
11693,2015,FEMALE,BLACK NON HISPANIC,Taylor,56,6
11694,2015,FEMALE,BLACK NON HISPANIC,Chloe,56,6
11695,2015,FEMALE,BLACK NON HISPANIC,Aaliyah,56,6
11696,2015,FEMALE,BLACK NON HISPANIC,Savannah,53,7
11697,2015,FEMALE,BLACK NON HISPANIC,Kylie,52,8
11698,2015,FEMALE,BLACK NON HISPANIC,London,51,9
11699,2015,FEMALE,BLACK NON HISPANIC,Riley,50,10
11700,2015,FEMALE,BLACK NON HISPANIC,Serenity,47,11
11701,2015,FEMALE,BLACK NON HISPANIC,Leah,47,11
11702,2015,FEMALE,BLACK NON HISPANIC,Peyton,44,12
11703,2015,FEMALE,BLACK NON HISPANIC,Kayla,44,12
11704,2015,FEMALE,BLACK NON HISPANIC,Zoe,38,13
11705,2015,FEMALE,BLACK NON HISPANIC,Nyla,38,13
11706,2015,FEMALE,BLACK NON HISPANIC,Brielle,37,14
11707,2015,FEMALE,BLACK NON HISPANIC,Autumn,37,14
11708,2015,FEMALE,BLACK NON HISPANIC,Faith,36,15
11709,2015,FEMALE,BLACK NON HISPANIC,Gabriella,36,15
11710,2015,FEMALE,BLACK NON HISPANIC,Abigail,34,16
11711,2015,FEMALE,BLACK NON HISPANIC,Zoey,34,16
11712,2015,FEMALE,BLACK NON HISPANIC,Arianna,34,16
11713,2015,FEMALE,BLACK NON HISPANIC,Layla,34,16
11714,2015,FEMALE,BLACK NON HISPANIC,Makayla,34,16
11715,2015,FEMALE,BLACK NON HISPANIC,Aria,33,17
11716,2015,FEMALE,BLACK NON HISPANIC,Zuri,32,18
11717,2015,FEMALE,BLACK NON HISPANIC,Khloe,32,18
11718,2015,FEMALE,BLACK NON HISPANIC,Emily,31,19
11719,2015,FEMALE,BLACK NON HISPANIC,Sarah,30,20
11720,2015,FEMALE,BLACK NON HISPANIC,Gabrielle,30,20
11721,2015,FEMALE,BLACK NON HISPANIC,Amelia,30,20
11722,2015,FEMALE,BLACK NON HISPANIC,Aisha,29,21
11723,2015,FEMALE,BLACK NON HISPANIC,Victoria,29,21
11724,2015,FEMALE,BLACK NON HISPANIC,Nia,29,21
11725,2015,FEMALE,BLACK NON HISPANIC,Fatima,29,21
11726,2015,FEMALE,BLACK NON HISPANIC,Mariam,29,21
11727,2015,FEMALE,BLACK NON HISPANIC,Aminata,29,21
11728,2015,FEMALE,BLACK NON HISPANIC,Morgan,29,21
11729,2015,FEMALE,BLACK NON HISPANIC,Nevaeh,29,21
11730,2015,FEMALE,BLACK NON HISPANIC,Fatoumata,28,22
11731,2015,FEMALE,BLACK NON HISPANIC,Ariel,28,22
11732,2015,FEMALE,BLACK NON HISPANIC,Kennedy,28,22
11733,2015,FEMALE,BLACK NON HISPANIC,Naomi,27,23
11734,2015,FEMALE,BLACK NON HISPANIC,Isabelle,27,23
11735,2015,FEMALE,BLACK NON HISPANIC,Aubrey,27,23
11736,2015,FEMALE,BLACK NON HISPANIC,Alyssa,27,23
11737,2015,FEMALE,BLACK NON HISPANIC,Sophia,27,23
11738,2015,FEMALE,BLACK NON HISPANIC,Sarai,26,24
11739,2015,FEMALE,BLACK NON HISPANIC,Hailey,26,24
11740,2015,FEMALE,BLACK NON HISPANIC,Elizabeth,26,24
11741,2015,FEMALE,BLACK NON HISPANIC,Amiyah,26,24
11742,2015,FEMALE,BLACK NON HISPANIC,Leilani,25,25
11743,2015,FEMALE,BLACK NON HISPANIC,Amina,25,25
11744,2015,FEMALE,BLACK NON HISPANIC,Laila,25,25
11745,2015,FEMALE,BLACK NON HISPANIC,Nylah,25,25
11746,2015,FEMALE,BLACK NON HISPANIC,Paige,24,26
11747,2015,FEMALE,BLACK NON HISPANIC,Lauren,24,26
11748,2015,FEMALE,BLACK NON HISPANIC,Kali,23,27
11749,2015,FEMALE,BLACK NON HISPANIC,Isabella,23,27
11750,2015,FEMALE,BLACK NON HISPANIC,Jada,23,27
11751,2015,FEMALE,BLACK NON HISPANIC,Maya,23,27
11752,2015,FEMALE,BLACK NON HISPANIC,Malia,22,28
11753,2015,FEMALE,BLACK NON HISPANIC,Ariana,22,28
11754,2015,FEMALE,BLACK NON HISPANIC,Arielle,22,28
11755,2015,FEMALE,BLACK NON HISPANIC,Grace,22,28
11756,2015,FEMALE,BLACK NON HISPANIC,Kaylee,22,28
11757,2015,FEMALE,BLACK NON HISPANIC,McKenzie,22,28
11758,2015,FEMALE,BLACK NON HISPANIC,Sydney,21,29
11759,2015,FEMALE,BLACK NON HISPANIC,Brianna,21,29
11760,2015,FEMALE,BLACK NON HISPANIC,Trinity,21,29
11761,2015,FEMALE,BLACK NON HISPANIC,Harmony,20,30
11762,2015,FEMALE,BLACK NON HISPANIC,Avery,20,30
11763,2015,FEMALE,BLACK NON HISPANIC,Londyn,20,30
11764,2015,FEMALE,BLACK NON HISPANIC,Zara,20,30
11765,2015,FEMALE,BLACK NON HISPANIC,Jade,20,30
11766,2015,FEMALE,BLACK NON HISPANIC,Jordyn,19,31
11767,2015,FEMALE,BLACK NON HISPANIC,Amirah,19,31
11768,2015,FEMALE,BLACK NON HISPANIC,Michelle,19,31
11769,2015,FEMALE,BLACK NON HISPANIC,Milan,19,31
11770,2015,FEMALE,BLACK NON HISPANIC,Heaven,19,31
11771,2015,FEMALE,BLACK NON HISPANIC,Mariama,18,32
11772,2015,FEMALE,BLACK NON HISPANIC,Mya,18,32
11773,2015,FEMALE,BLACK NON HISPANIC,Skyla,18,32
11774,2015,FEMALE,BLACK NON HISPANIC,Lyric,18,32
11775,2015,FEMALE,BLACK NON HISPANIC,Mariah,18,32
11776,2015,FEMALE,BLACK NON HISPANIC,Chelsea,18,32
11777,2015,FEMALE,BLACK NON HISPANIC,Kyla,18,32
11778,2015,FEMALE,BLACK NON HISPANIC,Maliyah,18,32
11779,2015,FEMALE,BLACK NON HISPANIC,Amaya,18,32
11780,2015,FEMALE,BLACK NON HISPANIC,Jasmine,18,32
11781,2015,FEMALE,BLACK NON HISPANIC,Esther,18,32
11782,2015,FEMALE,BLACK NON HISPANIC,Destiny,18,32
11783,2015,FEMALE,BLACK NON HISPANIC,Jayla,18,32
11784,2015,FEMALE,BLACK NON HISPANIC,Bintou,17,33
11785,2015,FEMALE,BLACK NON HISPANIC,Janiyah,17,33
11786,2015,FEMALE,BLACK NON HISPANIC,Eva,17,33
11787,2015,FEMALE,BLACK NON HISPANIC,Malaysia,17,33
11788,2015,FEMALE,BLACK NON HISPANIC,Journey,17,33
11789,2015,FEMALE,BLACK NON HISPANIC,Amira,17,33
11790,2015,FEMALE,BLACK NON HISPANIC,Emma,17,33
11791,2015,FEMALE,BLACK NON HISPANIC,Tori,17,33
11792,2015,FEMALE,BLACK NON HISPANIC,Genesis,16,34
11793,2015,FEMALE,BLACK NON HISPANIC,Aniyah,16,34
11794,2015,FEMALE,BLACK NON HISPANIC,Aliyah,16,34
11795,2015,FEMALE,BLACK NON HISPANIC,Imani,16,34
11796,2015,FEMALE,BLACK NON HISPANIC,Bella,16,34
11797,2015,FEMALE,BLACK NON HISPANIC,Paris,16,34
11798,2015,FEMALE,BLACK NON HISPANIC,Alana,16,34
11799,2015,FEMALE,BLACK NON HISPANIC,Kimora,16,34
11800,2015,FEMALE,BLACK NON HISPANIC,Skyler,15,35
11801,2015,FEMALE,BLACK NON HISPANIC,Mikayla,15,35
11802,2015,FEMALE,BLACK NON HISPANIC,Gianna,15,35
11803,2015,FEMALE,BLACK NON HISPANIC,Samara,15,35
11804,2015,FEMALE,BLACK NON HISPANIC,Skye,15,35
11805,2015,FEMALE,BLACK NON HISPANIC,Hawa,15,35
11806,2015,FEMALE,BLACK NON HISPANIC,Nova,15,35
11807,2015,FEMALE,BLACK NON HISPANIC,Summer,15,35
11808,2015,FEMALE,BLACK NON HISPANIC,Miracle,15,35
11809,2015,FEMALE,BLACK NON HISPANIC,Egypt,15,35
11810,2015,FEMALE,BLACK NON HISPANIC,Dakota,14,36
11811,2015,FEMALE,BLACK NON HISPANIC,Sanai,14,36
11812,2015,FEMALE,BLACK NON HISPANIC,Hannah,14,36
11813,2015,FEMALE,BLACK NON HISPANIC,Melanie,14,36
11814,2015,FEMALE,BLACK NON HISPANIC,Charlotte,14,36
11815,2015,FEMALE,BLACK NON HISPANIC,Leila,13,37
11816,2015,FEMALE,BLACK NON HISPANIC,Aissatou,13,37
11817,2015,FEMALE,BLACK NON HISPANIC,Ariah,13,37
11818,2015,FEMALE,BLACK NON HISPANIC,Christina,13,37
11819,2015,FEMALE,BLACK NON HISPANIC,Zendaya,13,37
11820,2015,FEMALE,BLACK NON HISPANIC,Amara,12,38
11821,2015,FEMALE,BLACK NON HISPANIC,Wynter,12,38
11822,2015,FEMALE,BLACK NON HISPANIC,Marley,12,38
11823,2015,FEMALE,BLACK NON HISPANIC,Aicha,12,38
11824,2015,FEMALE,BLACK NON HISPANIC,Kadiatou,12,38
11825,2015,FEMALE,BLACK NON HISPANIC,Zahra,12,38
11826,2015,FEMALE,BLACK NON HISPANIC,Kelsey,12,38
11827,2015,FEMALE,BLACK NON HISPANIC,Amia,12,38
11828,2015,FEMALE,BLACK NON HISPANIC,Milani,12,38
11829,2015,FEMALE,BLACK NON HISPANIC,Cali,12,38
11830,2015,FEMALE,BLACK NON HISPANIC,Kaliyah,12,38
11831,2015,FEMALE,BLACK NON HISPANIC,Nala,12,38
11832,2015,FEMALE,BLACK NON HISPANIC,Ashley,12,38
11833,2015,FEMALE,BLACK NON HISPANIC,Sanaa,12,38
11834,2015,FEMALE,BLACK NON HISPANIC,Mackenzie,12,38
11835,2015,FEMALE,BLACK NON HISPANIC,Samantha,11,39
11836,2015,FEMALE,BLACK NON HISPANIC,Alani,11,39
11837,2015,FEMALE,BLACK NON HISPANIC,Samiyah,11,39
11838,2015,FEMALE,BLACK NON HISPANIC,Brooke,11,39
11839,2015,FEMALE,BLACK NON HISPANIC,Taliyah,11,39
11840,2015,FEMALE,BLACK NON HISPANIC,Kailee,11,39
11841,2015,FEMALE,BLACK NON HISPANIC,Lauryn,11,39
11842,2015,FEMALE,BLACK NON HISPANIC,Fatou,11,39
11843,2015,FEMALE,BLACK NON HISPANIC,Ariella,11,39
11844,2015,FEMALE,BLACK NON HISPANIC,Zahara,11,39
11845,2015,FEMALE,BLACK NON HISPANIC,Erin,11,39
11846,2015,FEMALE,BLACK NON HISPANIC,Kaitlyn,11,39
11847,2015,FEMALE,BLACK NON HISPANIC,Oumou,11,39
11848,2015,FEMALE,BLACK NON HISPANIC,Danielle,11,39
11849,2015,FEMALE,BLACK NON HISPANIC,Sariah,11,39
11850,2015,FEMALE,BLACK NON HISPANIC,Zariah,11,39
11851,2015,FEMALE,BLACK NON HISPANIC,Janiya,10,40
11852,2015,FEMALE,BLACK NON HISPANIC,Royal,10,40
11853,2015,FEMALE,BLACK NON HISPANIC,Jayda,10,40
11854,2015,FEMALE,BLACK NON HISPANIC,Julia,10,40
11855,2015,FEMALE,BLACK NON HISPANIC,Tiana,10,40
11856,2015,FEMALE,BLACK NON HISPANIC,Alexandria,10,40
11857,2015,FEMALE,BLACK NON HISPANIC,Sariyah,10,40
11858,2015,FEMALE,BLACK NON HISPANIC,Athena,10,40
11859,2015,FEMALE,BLACK NON HISPANIC,Amber,10,40
11860,2015,FEMALE,BLACK NON HISPANIC,Jordan,10,40
11861,2015,FEMALE,BLACK NON HISPANIC,Anaya,10,40
11862,2015,FEMALE,BLACK NON HISPANIC,Mila,10,40
11863,2015,FEMALE,BLACK NON HISPANIC,Brooklyn,10,40
11864,2015,FEMALE,BLACK NON HISPANIC,Saige,10,40
11865,2015,FEMALE,BLACK NON HISPANIC,Eden,10,40
11866,2015,FEMALE,BLACK NON HISPANIC,Angel,10,40
11867,2015,FEMALE,BLACK NON HISPANIC,Shiloh,10,40
11868,2015,FEMALE,BLACK NON HISPANIC,Lily,10,40
11869,2015,FEMALE,BLACK NON HISPANIC,Joy,10,40
11870,2015,FEMALE,BLACK NON HISPANIC,Sky,10,40
11871,2015,FEMALE,HISPANIC,Isabella,307,1
11872,2015,FEMALE,HISPANIC,Sophia,269,2
11873,2015,FEMALE,HISPANIC,Mia,257,3
11874,2015,FEMALE,HISPANIC,Emma,196,4
11875,2015,FEMALE,HISPANIC,Camila,180,5
11876,2015,FEMALE,HISPANIC,Sofia,178,6
11877,2015,FEMALE,HISPANIC,Abigail,143,7
11878,2015,FEMALE,HISPANIC,Ashley,138,8
11879,2015,FEMALE,HISPANIC,Emily,137,9
11880,2015,FEMALE,HISPANIC,Madison,120,10
11881,2015,FEMALE,HISPANIC,Victoria,118,11
11882,2015,FEMALE,HISPANIC,Alexa,105,12
11883,2015,FEMALE,HISPANIC,Leah,102,13
11884,2015,FEMALE,HISPANIC,Valentina,99,14
11885,2015,FEMALE,HISPANIC,Scarlett,95,15
11886,2015,FEMALE,HISPANIC,Olivia,94,16
11887,2015,FEMALE,HISPANIC,Brianna,93,17
11888,2015,FEMALE,HISPANIC,Ariana,93,17
11889,2015,FEMALE,HISPANIC,Samantha,90,18
11890,2015,FEMALE,HISPANIC,Kimberly,88,19
11891,2015,FEMALE,HISPANIC,Allison,88,19
11892,2015,FEMALE,HISPANIC,Genesis,85,20
11893,2015,FEMALE,HISPANIC,Melanie,84,21
11894,2015,FEMALE,HISPANIC,Hailey,84,21
11895,2015,FEMALE,HISPANIC,Zoe,80,22
11896,2015,FEMALE,HISPANIC,Amy,78,23
11897,2015,FEMALE,HISPANIC,Ava,76,24
11898,2015,FEMALE,HISPANIC,Elizabeth,74,25
11899,2015,FEMALE,HISPANIC,Chloe,72,26
11900,2015,FEMALE,HISPANIC,Arianna,70,27
11901,2015,FEMALE,HISPANIC,Kaylee,69,28
11902,2015,FEMALE,HISPANIC,Alaia,67,29
11903,2015,FEMALE,HISPANIC,Kylie,66,30
11904,2015,FEMALE,HISPANIC,Amelia,65,31
11905,2015,FEMALE,HISPANIC,Sarah,64,32
11906,2015,FEMALE,HISPANIC,Aaliyah,62,33
11907,2015,FEMALE,HISPANIC,Gabriella,61,34
11908,2015,FEMALE,HISPANIC,Daniela,60,35
11909,2015,FEMALE,HISPANIC,Emely,56,36
11910,2015,FEMALE,HISPANIC,Delilah,56,36
11911,2015,FEMALE,HISPANIC,Savannah,55,37
11912,2015,FEMALE,HISPANIC,Gabriela,54,38
11913,2015,FEMALE,HISPANIC,Bella,53,39
11914,2015,FEMALE,HISPANIC,Nicole,52,40
11915,2015,FEMALE,HISPANIC,Penelope,52,40
11916,2015,FEMALE,HISPANIC,Valerie,52,40
11917,2015,FEMALE,HISPANIC,Adriana,51,41
11918,2015,FEMALE,HISPANIC,Layla,50,42
11919,2015,FEMALE,HISPANIC,Zoey,49,43
11920,2015,FEMALE,HISPANIC,Katherine,48,44
11921,2015,FEMALE,HISPANIC,Jade,48,44
11922,2015,FEMALE,HISPANIC,Andrea,48,44
11923,2015,FEMALE,HISPANIC,Mila,47,45
11924,2015,FEMALE,HISPANIC,Luna,47,45
11925,2015,FEMALE,HISPANIC,Maya,46,46
11926,2015,FEMALE,HISPANIC,Isabel,45,47
11927,2015,FEMALE,HISPANIC,Maria,44,48
11928,2015,FEMALE,HISPANIC,Aubrey,44,48
11929,2015,FEMALE,HISPANIC,Eva,43,49
11930,2015,FEMALE,HISPANIC,Juliette,43,49
11931,2015,FEMALE,HISPANIC,Grace,42,50
11932,2015,FEMALE,HISPANIC,Michelle,42,50
11933,2015,FEMALE,HISPANIC,Charlotte,42,50
11934,2015,FEMALE,HISPANIC,Amaya,41,51
11935,2015,FEMALE,HISPANIC,Avery,40,52
11936,2015,FEMALE,HISPANIC,Alina,39,53
11937,2015,FEMALE,HISPANIC,Eliana,39,53
11938,2015,FEMALE,HISPANIC,Diana,38,54
11939,2015,FEMALE,HISPANIC,Evelyn,38,54
11940,2015,FEMALE,HISPANIC,Skylar,38,54
11941,2015,FEMALE,HISPANIC,Khloe,37,55
11942,2015,FEMALE,HISPANIC,Kayla,37,55
11943,2015,FEMALE,HISPANIC,Angelina,37,55
11944,2015,FEMALE,HISPANIC,Valeria,36,56
11945,2015,FEMALE,HISPANIC,Ana,36,56
11946,2015,FEMALE,HISPANIC,Aylin,36,56
11947,2015,FEMALE,HISPANIC,Riley,36,56
11948,2015,FEMALE,HISPANIC,Melany,34,57
11949,2015,FEMALE,HISPANIC,Jayleen,34,57
11950,2015,FEMALE,HISPANIC,Stephanie,33,58
11951,2015,FEMALE,HISPANIC,Chelsea,33,58
11952,2015,FEMALE,HISPANIC,Serenity,32,59
11953,2015,FEMALE,HISPANIC,Leslie,32,59
11954,2015,FEMALE,HISPANIC,Kiara,32,59
11955,2015,FEMALE,HISPANIC,Amanda,32,59
11956,2015,FEMALE,HISPANIC,Vanessa,31,60
11957,2015,FEMALE,HISPANIC,Jazmin,31,60
11958,2015,FEMALE,HISPANIC,Leilani,31,60
11959,2015,FEMALE,HISPANIC,Gianna,30,61
11960,2015,FEMALE,HISPANIC,Alyssa,30,61
11961,2015,FEMALE,HISPANIC,Naomi,30,61
11962,2015,FEMALE,HISPANIC,Lucia,30,61
11963,2015,FEMALE,HISPANIC,Natalie,30,61
11964,2015,FEMALE,HISPANIC,Mya,29,62
11965,2015,FEMALE,HISPANIC,Amber,29,62
11966,2015,FEMALE,HISPANIC,Sarai,29,62
11967,2015,FEMALE,HISPANIC,Athena,29,62
11968,2015,FEMALE,HISPANIC,Kaitlyn,29,62
11969,2015,FEMALE,HISPANIC,Lia,28,63
11970,2015,FEMALE,HISPANIC,Juliet,28,63
11971,2015,FEMALE,HISPANIC,Jasmine,28,63
11972,2015,FEMALE,HISPANIC,Elena,27,64
11973,2015,FEMALE,HISPANIC,Danna,27,64
11974,2015,FEMALE,HISPANIC,Hannah,26,65
11975,2015,FEMALE,HISPANIC,Madelyn,26,65
11976,2015,FEMALE,HISPANIC,Aurora,26,65
11977,2015,FEMALE,HISPANIC,Ella,26,65
11978,2015,FEMALE,HISPANIC,Violet,26,65
11979,2015,FEMALE,HISPANIC,Briana,25,66
11980,2015,FEMALE,HISPANIC,Yaretzi,25,66
11981,2015,FEMALE,HISPANIC,Maia,25,66
11982,2015,FEMALE,HISPANIC,Brittany,25,66
11983,2015,FEMALE,HISPANIC,Alana,24,67
11984,2015,FEMALE,HISPANIC,Melissa,24,67
11985,2015,FEMALE,HISPANIC,Sophie,24,67
11986,2015,FEMALE,HISPANIC,Alexandra,24,67
11987,2015,FEMALE,HISPANIC,Jennifer,24,67
11988,2015,FEMALE,HISPANIC,Karen,23,68
11989,2015,FEMALE,HISPANIC,Natalia,23,68
11990,2015,FEMALE,HISPANIC,Ximena,23,68
11991,2015,FEMALE,HISPANIC,Sara,23,68
11992,2015,FEMALE,HISPANIC,Lizbeth,23,68
11993,2015,FEMALE,HISPANIC,Alison,23,68
11994,2015,FEMALE,HISPANIC,Juliana,22,69
11995,2015,FEMALE,HISPANIC,Liliana,22,69
11996,2015,FEMALE,HISPANIC,Jaylene,22,69
11997,2015,FEMALE,HISPANIC,Kamila,22,69
11998,2015,FEMALE,HISPANIC,Nylah,22,69
11999,2015,FEMALE,HISPANIC,Aria,22,69
12000,2015,FEMALE,HISPANIC,Angelica,22,69
12001,2015,FEMALE,HISPANIC,Jayla,21,70
12002,2015,FEMALE,HISPANIC,Julianna,20,71
12003,2015,FEMALE,HISPANIC,Ariel,20,71
12004,2015,FEMALE,HISPANIC,London,20,71
12005,2015,FEMALE,HISPANIC,Analia,20,71
12006,2015,FEMALE,HISPANIC,Autumn,20,71
12007,2015,FEMALE,HISPANIC,Esther,20,71
12008,2015,FEMALE,HISPANIC,Melody,20,71
12009,2015,FEMALE,HISPANIC,Giselle,19,72
12010,2015,FEMALE,HISPANIC,Dayana,19,72
12011,2015,FEMALE,HISPANIC,Nathaly,19,72
12012,2015,FEMALE,HISPANIC,Leila,19,72
12013,2015,FEMALE,HISPANIC,Alondra,19,72
12014,2015,FEMALE,HISPANIC,Julia,19,72
12015,2015,FEMALE,HISPANIC,Jessica,19,72
12016,2015,FEMALE,HISPANIC,Miranda,19,72
12017,2015,FEMALE,HISPANIC,Luciana,19,72
12018,2015,FEMALE,HISPANIC,Lily,19,72
12019,2015,FEMALE,HISPANIC,Selena,19,72
12020,2015,FEMALE,HISPANIC,Mariah,18,73
12021,2015,FEMALE,HISPANIC,Jocelyn,18,73
12022,2015,FEMALE,HISPANIC,Aliyah,18,73
12023,2015,FEMALE,HISPANIC,April,18,73
12024,2015,FEMALE,HISPANIC,Alice,18,73
12025,2015,FEMALE,HISPANIC,Eileen,18,73
12026,2015,FEMALE,HISPANIC,Audrey,18,73
12027,2015,FEMALE,HISPANIC,Isabelle,18,73
12028,2015,FEMALE,HISPANIC,Guadalupe,18,73
12029,2015,FEMALE,HISPANIC,Karla,17,74
12030,2015,FEMALE,HISPANIC,Laila,17,74
12031,2015,FEMALE,HISPANIC,Kelly,17,74
12032,2015,FEMALE,HISPANIC,Alejandra,17,74
12033,2015,FEMALE,HISPANIC,Daniella,17,74
12034,2015,FEMALE,HISPANIC,Faith,17,74
12035,2015,FEMALE,HISPANIC,Emilia,17,74
12036,2015,FEMALE,HISPANIC,Jacqueline,17,74
12037,2015,FEMALE,HISPANIC,Aileen,17,74
12038,2015,FEMALE,HISPANIC,Sarahi,16,75
12039,2015,FEMALE,HISPANIC,Lauren,16,75
12040,2015,FEMALE,HISPANIC,Angelique,16,75
12041,2015,FEMALE,HISPANIC,Aubree,16,75
12042,2015,FEMALE,HISPANIC,Sherlyn,16,75
12043,2015,FEMALE,HISPANIC,Mackenzie,16,75
12044,2015,FEMALE,HISPANIC,Jazlyn,16,75
12045,2015,FEMALE,HISPANIC,Julissa,16,75
12046,2015,FEMALE,HISPANIC,Antonella,16,75
12047,2015,FEMALE,HISPANIC,Stacy,15,76
12048,2015,FEMALE,HISPANIC,Catalina,15,76
12049,2015,FEMALE,HISPANIC,Shirley,15,76
12050,2015,FEMALE,HISPANIC,Adrianna,15,76
12051,2015,FEMALE,HISPANIC,Mariana,15,76
12052,2015,FEMALE,HISPANIC,Nathalie,15,76
12053,2015,FEMALE,HISPANIC,Keyla,15,76
12054,2015,FEMALE,HISPANIC,Skyla,15,76
12055,2015,FEMALE,HISPANIC,Alicia,15,76
12056,2015,FEMALE,HISPANIC,Rosa,15,76
12057,2015,FEMALE,HISPANIC,Helen,15,76
12058,2015,FEMALE,HISPANIC,Perla,15,76
12059,2015,FEMALE,HISPANIC,Mikaela,15,76
12060,2015,FEMALE,HISPANIC,Alisson,15,76
12061,2015,FEMALE,HISPANIC,Jaylin,15,76
12062,2015,FEMALE,HISPANIC,Destiny,15,76
12063,2015,FEMALE,HISPANIC,Daisy,15,76
12064,2015,FEMALE,HISPANIC,Jaylee,15,76
12065,2015,FEMALE,HISPANIC,Rose,15,76
12066,2015,FEMALE,HISPANIC,Scarlet,15,76
12067,2015,FEMALE,HISPANIC,Angela,14,77
12068,2015,FEMALE,HISPANIC,Anaya,14,77
12069,2015,FEMALE,HISPANIC,Allyson,14,77
12070,2015,FEMALE,HISPANIC,Bianca,14,77
12071,2015,FEMALE,HISPANIC,Nashla,14,77
12072,2015,FEMALE,HISPANIC,Annalise,14,77
12073,2015,FEMALE,HISPANIC,Keily,14,77
12074,2015,FEMALE,HISPANIC,Anna,14,77
12075,2015,FEMALE,HISPANIC,Katelyn,13,78
12076,2015,FEMALE,HISPANIC,Alanis,13,78
12077,2015,FEMALE,HISPANIC,Stella,13,78
12078,2015,FEMALE,HISPANIC,Nathalia,13,78
12079,2015,FEMALE,HISPANIC,Elisa,13,78
12080,2015,FEMALE,HISPANIC,Caroline,13,78
12081,2015,FEMALE,HISPANIC,Valery,13,78
12082,2015,FEMALE,HISPANIC,Christina,13,78
12083,2015,FEMALE,HISPANIC,Itzel,13,78
12084,2015,FEMALE,HISPANIC,Hazel,13,78
12085,2015,FEMALE,HISPANIC,Catherine,13,78
12086,2015,FEMALE,HISPANIC,Erika,13,78
12087,2015,FEMALE,HISPANIC,Bryanna,13,78
12088,2015,FEMALE,HISPANIC,Rebecca,13,78
12089,2015,FEMALE,HISPANIC,Angie,13,78
12090,2015,FEMALE,HISPANIC,Jimena,13,78
12091,2015,FEMALE,HISPANIC,Madeline,13,78
12092,2015,FEMALE,HISPANIC,Annabelle,13,78
12093,2015,FEMALE,HISPANIC,Kaylie,13,78
12094,2015,FEMALE,HISPANIC,Anahi,12,79
12095,2015,FEMALE,HISPANIC,Peyton,12,79
12096,2015,FEMALE,HISPANIC,Kate,12,79
12097,2015,FEMALE,HISPANIC,Esmeralda,12,79
12098,2015,FEMALE,HISPANIC,Melina,12,79
12099,2015,FEMALE,HISPANIC,Alexia,12,79
12100,2015,FEMALE,HISPANIC,Zara,12,79
12101,2015,FEMALE,HISPANIC,Mikayla,12,79
12102,2015,FEMALE,HISPANIC,Noemi,12,79
12103,2015,FEMALE,HISPANIC,Ambar,12,79
12104,2015,FEMALE,HISPANIC,Brenda,12,79
12105,2015,FEMALE,HISPANIC,Montserrat,12,79
12106,2015,FEMALE,HISPANIC,Amalia,12,79
12107,2015,FEMALE,HISPANIC,Ellie,12,79
12108,2015,FEMALE,HISPANIC,Sienna,12,79
12109,2015,FEMALE,HISPANIC,Summer,12,79
12110,2015,FEMALE,HISPANIC,Joselyn,12,79
12111,2015,FEMALE,HISPANIC,Ruby,12,79
12112,2015,FEMALE,HISPANIC,Amaia,12,79
12113,2015,FEMALE,HISPANIC,Yaritza,12,79
12114,2015,FEMALE,HISPANIC,Makayla,12,79
12115,2015,FEMALE,HISPANIC,Josephine,11,80
12116,2015,FEMALE,HISPANIC,Denisse,11,80
12117,2015,FEMALE,HISPANIC,Annie,11,80
12118,2015,FEMALE,HISPANIC,Jaelyn,11,80
12119,2015,FEMALE,HISPANIC,Alayna,11,80
12120,2015,FEMALE,HISPANIC,Chanel,11,80
12121,2015,FEMALE,HISPANIC,Aleena,11,80
12122,2015,FEMALE,HISPANIC,Milani,11,80
12123,2015,FEMALE,HISPANIC,Ashly,11,80
12124,2015,FEMALE,HISPANIC,Marjorie,11,80
12125,2015,FEMALE,HISPANIC,Wendy,11,80
12126,2015,FEMALE,HISPANIC,Heidy,11,80
12127,2015,FEMALE,HISPANIC,Izabella,11,80
12128,2015,FEMALE,HISPANIC,Aleah,11,80
12129,2015,FEMALE,HISPANIC,Tiffany,11,80
12130,2015,FEMALE,HISPANIC,Ariella,11,80
12131,2015,FEMALE,HISPANIC,Kailey,11,80
12132,2015,FEMALE,HISPANIC,Kayleen,11,80
12133,2015,FEMALE,HISPANIC,Elianny,11,80
12134,2015,FEMALE,HISPANIC,Alanna,11,80
12135,2015,FEMALE,HISPANIC,Sabrina,11,80
12136,2015,FEMALE,HISPANIC,Alessandra,10,81
12137,2015,FEMALE,HISPANIC,Lola,10,81
12138,2015,FEMALE,HISPANIC,Rachel,10,81
12139,2015,FEMALE,HISPANIC,Carmen,10,81
12140,2015,FEMALE,HISPANIC,Isabela,10,81
12141,2015,FEMALE,HISPANIC,Arielle,10,81
12142,2015,FEMALE,HISPANIC,Priscilla,10,81
12143,2015,FEMALE,HISPANIC,Daphne,10,81
12144,2015,FEMALE,HISPANIC,Bethany,10,81
12145,2015,FEMALE,HISPANIC,Megan,10,81
12146,2015,FEMALE,HISPANIC,Anastasia,10,81
12147,2015,FEMALE,HISPANIC,Alani,10,81
12148,2015,FEMALE,HISPANIC,Lizeth,10,81
12149,2015,FEMALE,HISPANIC,Violeta,10,81
12150,2015,FEMALE,HISPANIC,Janelle,10,81
12151,2015,FEMALE,HISPANIC,Leia,10,81
12152,2015,FEMALE,HISPANIC,Sasha,10,81
12153,2015,FEMALE,HISPANIC,Londyn,10,81
12154,2015,FEMALE,HISPANIC,Heaven,10,81
12155,2015,FEMALE,HISPANIC,Lindsay,10,81
12156,2015,FEMALE,HISPANIC,Liana,10,81
12157,2015,FEMALE,HISPANIC,Jazmine,10,81
12158,2015,FEMALE,HISPANIC,Crystal,10,81
12159,2015,FEMALE,WHITE NON HISPANIC,Olivia,225,1
12160,2015,FEMALE,WHITE NON HISPANIC,Emma,225,1
12161,2015,FEMALE,WHITE NON HISPANIC,Leah,220,2
12162,2015,FEMALE,WHITE NON HISPANIC,Sarah,208,3
12163,2015,FEMALE,WHITE NON HISPANIC,Esther,206,4
12164,2015,FEMALE,WHITE NON HISPANIC,Rachel,179,5
12165,2015,FEMALE,WHITE NON HISPANIC,Miriam,177,6
12166,2015,FEMALE,WHITE NON HISPANIC,Charlotte,174,7
12167,2015,FEMALE,WHITE NON HISPANIC,Chaya,158,8
12168,2015,FEMALE,WHITE NON HISPANIC,Ava,137,9
12169,2015,FEMALE,WHITE NON HISPANIC,Chana,136,10
12170,2015,FEMALE,WHITE NON HISPANIC,Mia,129,11
12171,2015,FEMALE,WHITE NON HISPANIC,Emily,128,12
12172,2015,FEMALE,WHITE NON HISPANIC,Rivka,127,13
12173,2015,FEMALE,WHITE NON HISPANIC,Sara,127,13
12174,2015,FEMALE,WHITE NON HISPANIC,Ella,126,14
12175,2015,FEMALE,WHITE NON HISPANIC,Sophia,125,15
12176,2015,FEMALE,WHITE NON HISPANIC,Sofia,119,16
12177,2015,FEMALE,WHITE NON HISPANIC,Abigail,113,17
12178,2015,FEMALE,WHITE NON HISPANIC,Zoe,111,18
12179,2015,FEMALE,WHITE NON HISPANIC,Maya,108,19
12180,2015,FEMALE,WHITE NON HISPANIC,Isabella,103,20
12181,2015,FEMALE,WHITE NON HISPANIC,Alexandra,99,21
12182,2015,FEMALE,WHITE NON HISPANIC,Elizabeth,96,22
12183,2015,FEMALE,WHITE NON HISPANIC,Anna,96,22
12184,2015,FEMALE,WHITE NON HISPANIC,Chloe,94,23
12185,2015,FEMALE,WHITE NON HISPANIC,Amelia,92,24
12186,2015,FEMALE,WHITE NON HISPANIC,Eleanor,91,25
12187,2015,FEMALE,WHITE NON HISPANIC,Grace,91,25
12188,2015,FEMALE,WHITE NON HISPANIC,Lily,84,26
12189,2015,FEMALE,WHITE NON HISPANIC,Gitty,75,27
12190,2015,FEMALE,WHITE NON HISPANIC,Victoria,74,28
12191,2015,FEMALE,WHITE NON HISPANIC,Malka,74,28
12192,2015,FEMALE,WHITE NON HISPANIC,Julia,70,29
12193,2015,FEMALE,WHITE NON HISPANIC,Faigy,68,30
12194,2015,FEMALE,WHITE NON HISPANIC,Madison,67,31
12195,2015,FEMALE,WHITE NON HISPANIC,Hannah,67,31
12196,2015,FEMALE,WHITE NON HISPANIC,Eva,66,32
12197,2015,FEMALE,WHITE NON HISPANIC,Penelope,66,32
12198,2015,FEMALE,WHITE NON HISPANIC,Stella,66,32
12199,2015,FEMALE,WHITE NON HISPANIC,Malky,65,33
12200,2015,FEMALE,WHITE NON HISPANIC,Alice,64,34
12201,2015,FEMALE,WHITE NON HISPANIC,Gabriella,64,34
12202,2015,FEMALE,WHITE NON HISPANIC,Caroline,62,35
12203,2015,FEMALE,WHITE NON HISPANIC,Baila,59,36
12204,2015,FEMALE,WHITE NON HISPANIC,Sienna,59,36
12205,2015,FEMALE,WHITE NON HISPANIC,Madeline,58,37
12206,2015,FEMALE,WHITE NON HISPANIC,Ruby,58,37
12207,2015,FEMALE,WHITE NON HISPANIC,Sophie,58,37
12208,2015,FEMALE,WHITE NON HISPANIC,Raizy,57,38
12209,2015,FEMALE,WHITE NON HISPANIC,Harper,56,39
12210,2015,FEMALE,WHITE NON HISPANIC,Rivky,55,40
12211,2015,FEMALE,WHITE NON HISPANIC,Evelyn,55,40
12212,2015,FEMALE,WHITE NON HISPANIC,Talia,54,41
12213,2015,FEMALE,WHITE NON HISPANIC,Rose,54,41
12214,2015,FEMALE,WHITE NON HISPANIC,Maria,54,41
12215,2015,FEMALE,WHITE NON HISPANIC,Scarlett,53,42
12216,2015,FEMALE,WHITE NON HISPANIC,Nora,53,42
12217,2015,FEMALE,WHITE NON HISPANIC,Avery,52,43
12218,2015,FEMALE,WHITE NON HISPANIC,Mila,51,44
12219,2015,FEMALE,WHITE NON HISPANIC,Layla,51,44
12220,2015,FEMALE,WHITE NON HISPANIC,Violet,50,45
12221,2015,FEMALE,WHITE NON HISPANIC,Katherine,50,45
12222,2015,FEMALE,WHITE NON HISPANIC,Toby,50,45
12223,2015,FEMALE,WHITE NON HISPANIC,Samantha,50,45
12224,2015,FEMALE,WHITE NON HISPANIC,Vivian,49,46
12225,2015,FEMALE,WHITE NON HISPANIC,Emilia,48,47
12226,2015,FEMALE,WHITE NON HISPANIC,Josephine,48,47
12227,2015,FEMALE,WHITE NON HISPANIC,Molly,47,48
12228,2015,FEMALE,WHITE NON HISPANIC,Riley,46,49
12229,2015,FEMALE,WHITE NON HISPANIC,Lucy,46,49
12230,2015,FEMALE,WHITE NON HISPANIC,Gianna,45,50
12231,2015,FEMALE,WHITE NON HISPANIC,Clara,45,50
12232,2015,FEMALE,WHITE NON HISPANIC,Rebecca,44,51
12233,2015,FEMALE,WHITE NON HISPANIC,Isla,44,51
12234,2015,FEMALE,WHITE NON HISPANIC,Natalie,42,52
12235,2015,FEMALE,WHITE NON HISPANIC,Hazel,41,53
12236,2015,FEMALE,WHITE NON HISPANIC,Margaret,41,53
12237,2015,FEMALE,WHITE NON HISPANIC,Isabel,41,53
12238,2015,FEMALE,WHITE NON HISPANIC,Yitty,40,54
12239,2015,FEMALE,WHITE NON HISPANIC,Ariana,40,54
12240,2015,FEMALE,WHITE NON HISPANIC,Eliana,40,54
12241,2015,FEMALE,WHITE NON HISPANIC,Alexa,40,54
12242,2015,FEMALE,WHITE NON HISPANIC,Dina,40,54
12243,2015,FEMALE,WHITE NON HISPANIC,Valentina,39,55
12244,2015,FEMALE,WHITE NON HISPANIC,Naomi,37,56
12245,2015,FEMALE,WHITE NON HISPANIC,Claire,37,56
12246,2015,FEMALE,WHITE NON HISPANIC,Amina,37,56
12247,2015,FEMALE,WHITE NON HISPANIC,Lila,37,56
12248,2015,FEMALE,WHITE NON HISPANIC,Juliette,36,57
12249,2015,FEMALE,WHITE NON HISPANIC,Noa,36,57
12250,2015,FEMALE,WHITE NON HISPANIC,Nicole,36,57
12251,2015,FEMALE,WHITE NON HISPANIC,Sury,36,57
12252,2015,FEMALE,WHITE NON HISPANIC,Audrey,36,57
12253,2015,FEMALE,WHITE NON HISPANIC,Nechama,36,57
12254,2015,FEMALE,WHITE NON HISPANIC,Kayla,35,58
12255,2015,FEMALE,WHITE NON HISPANIC,Nina,35,58
12256,2015,FEMALE,WHITE NON HISPANIC,Juliet,35,58
12257,2015,FEMALE,WHITE NON HISPANIC,Shaindy,35,58
12258,2015,FEMALE,WHITE NON HISPANIC,Esty,35,58
12259,2015,FEMALE,WHITE NON HISPANIC,Chany,35,58
12260,2015,FEMALE,WHITE NON HISPANIC,Aria,34,59
12261,2015,FEMALE,WHITE NON HISPANIC,Yides,34,59
12262,2015,FEMALE,WHITE NON HISPANIC,Lucia,34,59
12263,2015,FEMALE,WHITE NON HISPANIC,Sydney,33,60
12264,2015,FEMALE,WHITE NON HISPANIC,Devorah,33,60
12265,2015,FEMALE,WHITE NON HISPANIC,Chava,33,60
12266,2015,FEMALE,WHITE NON HISPANIC,Arianna,33,60
12267,2015,FEMALE,WHITE NON HISPANIC,Pessy,33,60
12268,2015,FEMALE,WHITE NON HISPANIC,Ariella,32,61
12269,2015,FEMALE,WHITE NON HISPANIC,Sloane,32,61
12270,2015,FEMALE,WHITE NON HISPANIC,Anastasia,32,61
12271,2015,FEMALE,WHITE NON HISPANIC,Sadie,32,61
12272,2015,FEMALE,WHITE NON HISPANIC,Goldy,32,61
12273,2015,FEMALE,WHITE NON HISPANIC,Isabelle,32,61
12274,2015,FEMALE,WHITE NON HISPANIC,Hailey,31,62
12275,2015,FEMALE,WHITE NON HISPANIC,Fiona,31,62
12276,2015,FEMALE,WHITE NON HISPANIC,Vivienne,31,62
12277,2015,FEMALE,WHITE NON HISPANIC,Francesca,31,62
12278,2015,FEMALE,WHITE NON HISPANIC,Bella,31,62
12279,2015,FEMALE,WHITE NON HISPANIC,Zissy,30,63
12280,2015,FEMALE,WHITE NON HISPANIC,Lillian,30,63
12281,2015,FEMALE,WHITE NON HISPANIC,Annabelle,30,63
12282,2015,FEMALE,WHITE NON HISPANIC,Liba,30,63
12283,2015,FEMALE,WHITE NON HISPANIC,Willa,30,63
12284,2015,FEMALE,WHITE NON HISPANIC,Adriana,30,63
12285,2015,FEMALE,WHITE NON HISPANIC,Catherine,30,63
12286,2015,FEMALE,WHITE NON HISPANIC,Quinn,30,63
12287,2015,FEMALE,WHITE NON HISPANIC,Henny,30,63
12288,2015,FEMALE,WHITE NON HISPANIC,Beatrice,29,64
12289,2015,FEMALE,WHITE NON HISPANIC,Cecilia,29,64
12290,2015,FEMALE,WHITE NON HISPANIC,Bracha,29,64
12291,2015,FEMALE,WHITE NON HISPANIC,Dylan,28,65
12292,2015,FEMALE,WHITE NON HISPANIC,Liliana,28,65
12293,2015,FEMALE,WHITE NON HISPANIC,Vera,28,65
12294,2015,FEMALE,WHITE NON HISPANIC,Frances,28,65
12295,2015,FEMALE,WHITE NON HISPANIC,Luna,28,65
12296,2015,FEMALE,WHITE NON HISPANIC,Yocheved,28,65
12297,2015,FEMALE,WHITE NON HISPANIC,Giuliana,27,66
12298,2015,FEMALE,WHITE NON HISPANIC,Rochel,27,66
12299,2015,FEMALE,WHITE NON HISPANIC,Angelina,27,66
12300,2015,FEMALE,WHITE NON HISPANIC,Chavy,27,66
12301,2015,FEMALE,WHITE NON HISPANIC,Cora,27,66
12302,2015,FEMALE,WHITE NON HISPANIC,Madeleine,27,66
12303,2015,FEMALE,WHITE NON HISPANIC,Eliza,26,67
12304,2015,FEMALE,WHITE NON HISPANIC,Lia,26,67
12305,2015,FEMALE,WHITE NON HISPANIC,Ellie,26,67
12306,2015,FEMALE,WHITE NON HISPANIC,Elle,26,67
12307,2015,FEMALE,WHITE NON HISPANIC,Juliana,26,67
12308,2015,FEMALE,WHITE NON HISPANIC,Pearl,26,67
12309,2015,FEMALE,WHITE NON HISPANIC,Alyssa,26,67
12310,2015,FEMALE,WHITE NON HISPANIC,Elise,25,68
12311,2015,FEMALE,WHITE NON HISPANIC,Mackenzie,25,68
12312,2015,FEMALE,WHITE NON HISPANIC,Hindy,25,68
12313,2015,FEMALE,WHITE NON HISPANIC,Julianna,25,68
12314,2015,FEMALE,WHITE NON HISPANIC,Michelle,25,68
12315,2015,FEMALE,WHITE NON HISPANIC,Raizel,25,68
12316,2015,FEMALE,WHITE NON HISPANIC,Adele,25,68
12317,2015,FEMALE,WHITE NON HISPANIC,Milana,25,68
12318,2015,FEMALE,WHITE NON HISPANIC,Genevieve,24,69
12319,2015,FEMALE,WHITE NON HISPANIC,Fraidy,24,69
12320,2015,FEMALE,WHITE NON HISPANIC,Eloise,24,69
12321,2015,FEMALE,WHITE NON HISPANIC,Hinda,24,69
12322,2015,FEMALE,WHITE NON HISPANIC,Libby,24,69
12323,2015,FEMALE,WHITE NON HISPANIC,Blimy,24,69
12324,2015,FEMALE,WHITE NON HISPANIC,Yehudis,24,69
12325,2015,FEMALE,WHITE NON HISPANIC,Lyla,24,69
12326,2015,FEMALE,WHITE NON HISPANIC,Sabrina,24,69
12327,2015,FEMALE,WHITE NON HISPANIC,Aubrey,23,70
12328,2015,FEMALE,WHITE NON HISPANIC,Mary,23,70
12329,2015,FEMALE,WHITE NON HISPANIC,Lola,23,70
12330,2015,FEMALE,WHITE NON HISPANIC,Adina,23,70
12331,2015,FEMALE,WHITE NON HISPANIC,Leila,23,70
12332,2015,FEMALE,WHITE NON HISPANIC,Reese,22,71
12333,2015,FEMALE,WHITE NON HISPANIC,Georgia,22,71
12334,2015,FEMALE,WHITE NON HISPANIC,Aurora,22,71
12335,2015,FEMALE,WHITE NON HISPANIC,Daniella,22,71
12336,2015,FEMALE,WHITE NON HISPANIC,Adeline,22,71
12337,2015,FEMALE,WHITE NON HISPANIC,Amira,21,72
12338,2015,FEMALE,WHITE NON HISPANIC,Blima,21,72
12339,2015,FEMALE,WHITE NON HISPANIC,Matilda,21,72
12340,2015,FEMALE,WHITE NON HISPANIC,Devora,21,72
12341,2015,FEMALE,WHITE NON HISPANIC,Zoey,21,72
12342,2015,FEMALE,WHITE NON HISPANIC,Margot,21,72
12343,2015,FEMALE,WHITE NON HISPANIC,Ayla,21,72
12344,2015,FEMALE,WHITE NON HISPANIC,Paige,21,72
12345,2015,FEMALE,WHITE NON HISPANIC,Brianna,20,73
12346,2015,FEMALE,WHITE NON HISPANIC,Addison,20,73
12347,2015,FEMALE,WHITE NON HISPANIC,Ruchy,20,73
12348,2015,FEMALE,WHITE NON HISPANIC,Batsheva,20,73
12349,2015,FEMALE,WHITE NON HISPANIC,Lea,20,73
12350,2015,FEMALE,WHITE NON HISPANIC,Keira,20,73
12351,2015,FEMALE,WHITE NON HISPANIC,Phoebe,20,73
12352,2015,FEMALE,WHITE NON HISPANIC,Gemma,20,73
12353,2015,FEMALE,WHITE NON HISPANIC,Mariam,20,73
12354,2015,FEMALE,WHITE NON HISPANIC,Hana,20,73
12355,2015,FEMALE,WHITE NON HISPANIC,Siena,20,73
12356,2015,FEMALE,WHITE NON HISPANIC,Kate,20,73
12357,2015,FEMALE,WHITE NON HISPANIC,Sima,20,73
12358,2015,FEMALE,WHITE NON HISPANIC,Brooke,19,74
12359,2015,FEMALE,WHITE NON HISPANIC,Lena,19,74
12360,2015,FEMALE,WHITE NON HISPANIC,Ivy,19,74
12361,2015,FEMALE,WHITE NON HISPANIC,Shira,19,74
12362,2015,FEMALE,WHITE NON HISPANIC,Lauren,19,74
12363,2015,FEMALE,WHITE NON HISPANIC,Sylvia,19,74
12364,2015,FEMALE,WHITE NON HISPANIC,Etty,19,74
12365,2015,FEMALE,WHITE NON HISPANIC,Yael,19,74
12366,2015,FEMALE,WHITE NON HISPANIC,June,19,74
12367,2015,FEMALE,WHITE NON HISPANIC,Milena,19,74
12368,2015,FEMALE,WHITE NON HISPANIC,Tessa,19,74
12369,2015,FEMALE,WHITE NON HISPANIC,Savannah,18,75
12370,2015,FEMALE,WHITE NON HISPANIC,Jenna,18,75
12371,2015,FEMALE,WHITE NON HISPANIC,Emerson,18,75
12372,2015,FEMALE,WHITE NON HISPANIC,Bruchy,18,75
12373,2015,FEMALE,WHITE NON HISPANIC,Skylar,18,75
12374,2015,FEMALE,WHITE NON HISPANIC,Leyla,18,75
12375,2015,FEMALE,WHITE NON HISPANIC,Edith,18,75
12376,2015,FEMALE,WHITE NON HISPANIC,Lara,18,75
12377,2015,FEMALE,WHITE NON HISPANIC,Taylor,18,75
12378,2015,FEMALE,WHITE NON HISPANIC,Natalia,18,75
12379,2015,FEMALE,WHITE NON HISPANIC,Jane,18,75
12380,2015,FEMALE,WHITE NON HISPANIC,Liv,18,75
12381,2015,FEMALE,WHITE NON HISPANIC,Aisha,17,76
12382,2015,FEMALE,WHITE NON HISPANIC,Samira,17,76
12383,2015,FEMALE,WHITE NON HISPANIC,Miri,17,76
12384,2015,FEMALE,WHITE NON HISPANIC,Faiga,17,76
12385,2015,FEMALE,WHITE NON HISPANIC,Eve,17,76
12386,2015,FEMALE,WHITE NON HISPANIC,Elena,17,76
12387,2015,FEMALE,WHITE NON HISPANIC,Simone,17,76
12388,2015,FEMALE,WHITE NON HISPANIC,Colette,17,76
12389,2015,FEMALE,WHITE NON HISPANIC,Eden,17,76
12390,2015,FEMALE,WHITE NON HISPANIC,Gabriela,16,77
12391,2015,FEMALE,WHITE NON HISPANIC,Arya,16,77
12392,2015,FEMALE,WHITE NON HISPANIC,Blake,16,77
12393,2015,FEMALE,WHITE NON HISPANIC,Hanna,16,77
12394,2015,FEMALE,WHITE NON HISPANIC,Louisa,16,77
12395,2015,FEMALE,WHITE NON HISPANIC,Sasha,16,77
12396,2015,FEMALE,WHITE NON HISPANIC,Allison,16,77
12397,2015,FEMALE,WHITE NON HISPANIC,Bianca,16,77
12398,2015,FEMALE,WHITE NON HISPANIC,Laila,16,77
12399,2015,FEMALE,WHITE NON HISPANIC,Laura,16,77
12400,2015,FEMALE,WHITE NON HISPANIC,Evangeline,16,77
12401,2015,FEMALE,WHITE NON HISPANIC,Diana,16,77
12402,2015,FEMALE,WHITE NON HISPANIC,Fradel,16,77
12403,2015,FEMALE,WHITE NON HISPANIC,Norah,16,77
12404,2015,FEMALE,WHITE NON HISPANIC,Maryam,16,77
12405,2015,FEMALE,WHITE NON HISPANIC,Olive,15,78
12406,2015,FEMALE,WHITE NON HISPANIC,Thea,15,78
12407,2015,FEMALE,WHITE NON HISPANIC,Sylvie,15,78
12408,2015,FEMALE,WHITE NON HISPANIC,Dahlia,15,78
12409,2015,FEMALE,WHITE NON HISPANIC,Raquel,15,78
12410,2015,FEMALE,WHITE NON HISPANIC,Maia,15,78
12411,2015,FEMALE,WHITE NON HISPANIC,Mae,15,78
12412,2015,FEMALE,WHITE NON HISPANIC,Ada,15,78
12413,2015,FEMALE,WHITE NON HISPANIC,Morgan,15,78
12414,2015,FEMALE,WHITE NON HISPANIC,Adelaide,15,78
12415,2015,FEMALE,WHITE NON HISPANIC,Juniper,15,78
12416,2015,FEMALE,WHITE NON HISPANIC,Malak,15,78
12417,2015,FEMALE,WHITE NON HISPANIC,Elisheva,15,78
12418,2015,FEMALE,WHITE NON HISPANIC,Aviva,15,78
12419,2015,FEMALE,WHITE NON HISPANIC,Maeve,15,78
12420,2015,FEMALE,WHITE NON HISPANIC,Everly,14,79
12421,2015,FEMALE,WHITE NON HISPANIC,Zara,14,79
12422,2015,FEMALE,WHITE NON HISPANIC,Mindy,14,79
12423,2015,FEMALE,WHITE NON HISPANIC,Margaux,14,79
12424,2015,FEMALE,WHITE NON HISPANIC,Rifky,14,79
12425,2015,FEMALE,WHITE NON HISPANIC,Alma,14,79
12426,2015,FEMALE,WHITE NON HISPANIC,Gabrielle,14,79
12427,2015,FEMALE,WHITE NON HISPANIC,Freya,14,79
12428,2015,FEMALE,WHITE NON HISPANIC,Aliza,14,79
12429,2015,FEMALE,WHITE NON HISPANIC,Nadia,14,79
12430,2015,FEMALE,WHITE NON HISPANIC,Louise,14,79
12431,2015,FEMALE,WHITE NON HISPANIC,Barbara,14,79
12432,2015,FEMALE,WHITE NON HISPANIC,Gittel,14,79
12433,2015,FEMALE,WHITE NON HISPANIC,Shaina,14,79
12434,2015,FEMALE,WHITE NON HISPANIC,Gia,14,79
12435,2015,FEMALE,WHITE NON HISPANIC,Kira,14,79
12436,2015,FEMALE,WHITE NON HISPANIC,Amalia,14,79
12437,2015,FEMALE,WHITE NON HISPANIC,Frady,14,79
12438,2015,FEMALE,WHITE NON HISPANIC,Christina,13,80
12439,2015,FEMALE,WHITE NON HISPANIC,Golda,13,80
12440,2015,FEMALE,WHITE NON HISPANIC,Jacqueline,13,80
12441,2015,FEMALE,WHITE NON HISPANIC,Ariel,13,80
12442,2015,FEMALE,WHITE NON HISPANIC,Athena,13,80
12443,2015,FEMALE,WHITE NON HISPANIC,Rivkah,13,80
12444,2015,FEMALE,WHITE NON HISPANIC,Noor,13,80
12445,2015,FEMALE,WHITE NON HISPANIC,Brielle,13,80
12446,2015,FEMALE,WHITE NON HISPANIC,Shifra,13,80
12447,2015,FEMALE,WHITE NON HISPANIC,Ryan,13,80
12448,2015,FEMALE,WHITE NON HISPANIC,Katerina,13,80
12449,2015,FEMALE,WHITE NON HISPANIC,Lina,13,80
12450,2015,FEMALE,WHITE NON HISPANIC,Frimet,13,80
12451,2015,FEMALE,WHITE NON HISPANIC,Liana,13,80
12452,2015,FEMALE,WHITE NON HISPANIC,Melissa,13,80
12453,2015,FEMALE,WHITE NON HISPANIC,Dalia,13,80
12454,2015,FEMALE,WHITE NON HISPANIC,Arden,13,80
12455,2015,FEMALE,WHITE NON HISPANIC,Beatrix,13,80
12456,2015,FEMALE,WHITE NON HISPANIC,Livia,13,80
12457,2015,FEMALE,WHITE NON HISPANIC,Daphne,13,80
12458,2015,FEMALE,WHITE NON HISPANIC,Kiera,13,80
12459,2015,FEMALE,WHITE NON HISPANIC,Noelle,13,80
12460,2015,FEMALE,WHITE NON HISPANIC,Vanessa,13,80
12461,2015,FEMALE,WHITE NON HISPANIC,Perry,13,80
12462,2015,FEMALE,WHITE NON HISPANIC,Shoshana,13,80
12463,2015,FEMALE,WHITE NON HISPANIC,Charlie,13,80
12464,2015,FEMALE,WHITE NON HISPANIC,Peyton,13,80
12465,2015,FEMALE,WHITE NON HISPANIC,Madelyn,13,80
12466,2015,FEMALE,WHITE NON HISPANIC,Goldie,13,80
12467,2015,FEMALE,WHITE NON HISPANIC,Nicolette,12,81
12468,2015,FEMALE,WHITE NON HISPANIC,Judy,12,81
12469,2015,FEMALE,WHITE NON HISPANIC,Bailey,12,81
12470,2015,FEMALE,WHITE NON HISPANIC,Sabina,12,81
12471,2015,FEMALE,WHITE NON HISPANIC,Rina,12,81
12472,2015,FEMALE,WHITE NON HISPANIC,Alessandra,12,81
12473,2015,FEMALE,WHITE NON HISPANIC,Ayelet,12,81
12474,2015,FEMALE,WHITE NON HISPANIC,Lilly,12,81
12475,2015,FEMALE,WHITE NON HISPANIC,Idy,12,81
12476,2015,FEMALE,WHITE NON HISPANIC,Kaia,12,81
12477,2015,FEMALE,WHITE NON HISPANIC,Ruth,12,81
12478,2015,FEMALE,WHITE NON HISPANIC,Valerie,12,81
12479,2015,FEMALE,WHITE NON HISPANIC,Perl,12,81
12480,2015,FEMALE,WHITE NON HISPANIC,Mirel,12,81
12481,2015,FEMALE,WHITE NON HISPANIC,Lana,12,81
12482,2015,FEMALE,WHITE NON HISPANIC,Alessia,12,81
12483,2015,FEMALE,WHITE NON HISPANIC,Veronica,12,81
12484,2015,FEMALE,WHITE NON HISPANIC,Suri,12,81
12485,2015,FEMALE,WHITE NON HISPANIC,Yachet,12,81
12486,2015,FEMALE,WHITE NON HISPANIC,Arielle,12,81
12488,2015,FEMALE,WHITE NON HISPANIC,Avigail,12,81
12489,2015,FEMALE,WHITE NON HISPANIC,Antonia,11,82
12490,2015,FEMALE,WHITE NON HISPANIC,Alisa,11,82
12491,2015,FEMALE,WHITE NON HISPANIC,Logan,11,82
12492,2015,FEMALE,WHITE NON HISPANIC,Fatima,11,82
12493,2015,FEMALE,WHITE NON HISPANIC,Ana,11,82
12494,2015,FEMALE,WHITE NON HISPANIC,Ayala,11,82
12495,2015,FEMALE,WHITE NON HISPANIC,Jessica,11,82
12496,2015,FEMALE,WHITE NON HISPANIC,Aya,11,82
12497,2015,FEMALE,WHITE NON HISPANIC,Atara,11,82
12498,2015,FEMALE,WHITE NON HISPANIC,Giselle,11,82
12499,2015,FEMALE,WHITE NON HISPANIC,Autumn,11,82
12500,2015,FEMALE,WHITE NON HISPANIC,Ahuva,11,82
12501,2015,FEMALE,WHITE NON HISPANIC,Michaela,11,82
12502,2015,FEMALE,WHITE NON HISPANIC,Lilah,11,82
12503,2015,FEMALE,WHITE NON HISPANIC,Mika,11,82
12504,2015,FEMALE,WHITE NON HISPANIC,Clementine,11,82
12505,2015,FEMALE,WHITE NON HISPANIC,Lilia,11,82
12506,2015,FEMALE,WHITE NON HISPANIC,Tehila,11,82
12507,2015,FEMALE,WHITE NON HISPANIC,Giulia,11,82
12508,2015,FEMALE,WHITE NON HISPANIC,Hadley,11,82
12509,2015,FEMALE,WHITE NON HISPANIC,Summer,11,82
12510,2015,FEMALE,WHITE NON HISPANIC,Perel,11,82
12511,2015,FEMALE,WHITE NON HISPANIC,Greta,11,82
12512,2015,FEMALE,WHITE NON HISPANIC,Willow,11,82
12513,2015,FEMALE,WHITE NON HISPANIC,Tziporah,11,82
12514,2015,FEMALE,WHITE NON HISPANIC,Yasmina,11,82
12515,2015,FEMALE,WHITE NON HISPANIC,Kristina,10,83
12516,2015,FEMALE,WHITE NON HISPANIC,Alexis,10,83
12517,2015,FEMALE,WHITE NON HISPANIC,Celine,10,83
12518,2015,FEMALE,WHITE NON HISPANIC,Elodie,10,83
12519,2015,FEMALE,WHITE NON HISPANIC,London,10,83
12520,2015,FEMALE,WHITE NON HISPANIC,Helen,10,83
12521,2015,FEMALE,WHITE NON HISPANIC,Poppy,10,83
12522,2015,FEMALE,WHITE NON HISPANIC,Adelina,10,83
12523,2015,FEMALE,WHITE NON HISPANIC,Cassidy,10,83
12524,2015,FEMALE,WHITE NON HISPANIC,Breindy,10,83
12525,2015,FEMALE,WHITE NON HISPANIC,Maisie,10,83
12526,2015,FEMALE,WHITE NON HISPANIC,Joyce,10,83
12527,2015,FEMALE,WHITE NON HISPANIC,Anisa,10,83
12528,2015,FEMALE,WHITE NON HISPANIC,Angela,10,83
12529,2015,FEMALE,WHITE NON HISPANIC,Tova,10,83
12530,2015,FEMALE,WHITE NON HISPANIC,Esme,10,83
12531,2015,FEMALE,WHITE NON HISPANIC,Anne,10,83
12532,2015,FEMALE,WHITE NON HISPANIC,Julie,10,83
12533,2015,FEMALE,WHITE NON HISPANIC,Evelina,10,83
12534,2015,FEMALE,WHITE NON HISPANIC,Marlowe,10,83
12535,2015,FEMALE,WHITE NON HISPANIC,Helena,10,83
12536,2015,FEMALE,WHITE NON HISPANIC,Salma,10,83
12537,2015,FEMALE,WHITE NON HISPANIC,Malika,10,83
12538,2015,FEMALE,WHITE NON HISPANIC,Shaindel,10,83
12539,2015,FEMALE,WHITE NON HISPANIC,Kennedy,10,83
12540,2015,FEMALE,WHITE NON HISPANIC,Evie,10,83
12541,2015,FEMALE,WHITE NON HISPANIC,Frieda,10,83
12542,2015,FEMALE,WHITE NON HISPANIC,Sari,10,83
12543,2015,FEMALE,WHITE NON HISPANIC,Daniela,10,83
12544,2015,FEMALE,WHITE NON HISPANIC,Mira,10,83
12545,2015,FEMALE,WHITE NON HISPANIC,Alina,10,83
13245,2013,FEMALE,HISPANIC,Karen,25,63
13548,2014,FEMALE,ASIAN AND PACIFIC ISLANDER,Olivia,141,1
13549,2014,FEMALE,ASIAN AND PACIFIC ISLANDER,Chloe,111,2
13550,2014,FEMALE,ASIAN AND PACIFIC ISLANDER,Sophia,111,2
13551,2014,FEMALE,ASIAN AND PACIFIC ISLANDER,Emma,96,3
13552,2014,FEMALE,ASIAN AND PACIFIC ISLANDER,Emily,92,4
13553,2014,FEMALE,ASIAN AND PACIFIC ISLANDER,Angela,77,5
13554,2014,FEMALE,ASIAN AND PACIFIC ISLANDER,Mia,67,6
13555,2014,FEMALE,ASIAN AND PACIFIC ISLANDER,Grace,64,7
13556,2014,FEMALE,ASIAN AND PACIFIC ISLANDER,Isabella,58,8
13557,2014,FEMALE,ASIAN AND PACIFIC ISLANDER,Claire,49,9
13558,2014,FEMALE,ASIAN AND PACIFIC ISLANDER,Alina,41,10
13559,2014,FEMALE,ASIAN AND PACIFIC ISLANDER,Anna,41,10
13560,2014,FEMALE,ASIAN AND PACIFIC ISLANDER,Ella,40,11
13561,2014,FEMALE,ASIAN AND PACIFIC ISLANDER,Angelina,38,12
13562,2014,FEMALE,ASIAN AND PACIFIC ISLANDER,Katherine,37,13
13563,2014,FEMALE,ASIAN AND PACIFIC ISLANDER,Zara,37,13
13564,2014,FEMALE,ASIAN AND PACIFIC ISLANDER,Fiona,37,13
13565,2014,FEMALE,ASIAN AND PACIFIC ISLANDER,Jasmine,36,14
13566,2014,FEMALE,ASIAN AND PACIFIC ISLANDER,Jessica,35,15
13567,2014,FEMALE,ASIAN AND PACIFIC ISLANDER,Sarah,35,15
13568,2014,FEMALE,ASIAN AND PACIFIC ISLANDER,Ava,35,15
13569,2014,FEMALE,ASIAN AND PACIFIC ISLANDER,Zoe,34,16
13570,2014,FEMALE,ASIAN AND PACIFIC ISLANDER,Ashley,33,17
13571,2014,FEMALE,ASIAN AND PACIFIC ISLANDER,Tenzin,33,17
13572,2014,FEMALE,ASIAN AND PACIFIC ISLANDER,Anaya,32,18
13573,2014,FEMALE,ASIAN AND PACIFIC ISLANDER,Hannah,32,18
13574,2014,FEMALE,ASIAN AND PACIFIC ISLANDER,Joanna,32,18
13575,2014,FEMALE,ASIAN AND PACIFIC ISLANDER,Amy,31,19
13576,2014,FEMALE,ASIAN AND PACIFIC ISLANDER,Vivian,31,19
13577,2014,FEMALE,ASIAN AND PACIFIC ISLANDER,Audrey,31,19
13578,2014,FEMALE,ASIAN AND PACIFIC ISLANDER,Charlotte,31,19
13579,2014,FEMALE,ASIAN AND PACIFIC ISLANDER,Abigail,31,19
13580,2014,FEMALE,ASIAN AND PACIFIC ISLANDER,Ivy,30,20
13581,2014,FEMALE,ASIAN AND PACIFIC ISLANDER,Ariana,30,20
13582,2014,FEMALE,ASIAN AND PACIFIC ISLANDER,Annie,30,20
13583,2014,FEMALE,ASIAN AND PACIFIC ISLANDER,Tiffany,29,21
13584,2014,FEMALE,ASIAN AND PACIFIC ISLANDER,Sophie,29,21
13585,2014,FEMALE,ASIAN AND PACIFIC ISLANDER,Bella,29,21
13586,2014,FEMALE,ASIAN AND PACIFIC ISLANDER,Nicole,28,22
13587,2014,FEMALE,ASIAN AND PACIFIC ISLANDER,Melody,28,22
13588,2014,FEMALE,ASIAN AND PACIFIC ISLANDER,Madison,28,22
13589,2014,FEMALE,ASIAN AND PACIFIC ISLANDER,Ayesha,28,22
13590,2014,FEMALE,ASIAN AND PACIFIC ISLANDER,Arya,28,22
13591,2014,FEMALE,ASIAN AND PACIFIC ISLANDER,Eva,28,22
13592,2014,FEMALE,ASIAN AND PACIFIC ISLANDER,Amelia,27,23
13593,2014,FEMALE,ASIAN AND PACIFIC ISLANDER,Abby,27,23
13594,2014,FEMALE,ASIAN AND PACIFIC ISLANDER,Evelyn,26,24
13595,2014,FEMALE,ASIAN AND PACIFIC ISLANDER,Ellie,26,24
13596,2014,FEMALE,ASIAN AND PACIFIC ISLANDER,Julia,26,24
13597,2014,FEMALE,ASIAN AND PACIFIC ISLANDER,Aria,26,24
13598,2014,FEMALE,ASIAN AND PACIFIC ISLANDER,Leah,25,25
13599,2014,FEMALE,ASIAN AND PACIFIC ISLANDER,Mila,25,25
13600,2014,FEMALE,ASIAN AND PACIFIC ISLANDER,Maya,25,25
13601,2014,FEMALE,ASIAN AND PACIFIC ISLANDER,Cindy,25,25
13602,2014,FEMALE,ASIAN AND PACIFIC ISLANDER,Victoria,25,25
13603,2014,FEMALE,ASIAN AND PACIFIC ISLANDER,Alice,24,26
13604,2014,FEMALE,ASIAN AND PACIFIC ISLANDER,Serena,24,26
13605,2014,FEMALE,ASIAN AND PACIFIC ISLANDER,Zainab,24,26
13606,2014,FEMALE,ASIAN AND PACIFIC ISLANDER,Zoey,24,26
13607,2014,FEMALE,ASIAN AND PACIFIC ISLANDER,Rachel,24,26
13608,2014,FEMALE,ASIAN AND PACIFIC ISLANDER,Elsa,23,27
13609,2014,FEMALE,ASIAN AND PACIFIC ISLANDER,Kayla,23,27
13610,2014,FEMALE,ASIAN AND PACIFIC ISLANDER,Isabelle,23,27
13611,2014,FEMALE,ASIAN AND PACIFIC ISLANDER,Hailey,23,27
13612,2014,FEMALE,ASIAN AND PACIFIC ISLANDER,Fatima,23,27
13613,2014,FEMALE,ASIAN AND PACIFIC ISLANDER,Cynthia,22,28
13614,2014,FEMALE,ASIAN AND PACIFIC ISLANDER,Alyssa,22,28
13615,2014,FEMALE,ASIAN AND PACIFIC ISLANDER,Iris,21,29
13616,2014,FEMALE,ASIAN AND PACIFIC ISLANDER,Nina,21,29
13617,2014,FEMALE,ASIAN AND PACIFIC ISLANDER,Stephanie,21,29
13618,2014,FEMALE,ASIAN AND PACIFIC ISLANDER,Kaitlyn,20,30
13619,2014,FEMALE,ASIAN AND PACIFIC ISLANDER,Jenny,20,30
13620,2014,FEMALE,ASIAN AND PACIFIC ISLANDER,Maryam,20,30
13621,2014,FEMALE,ASIAN AND PACIFIC ISLANDER,Elizabeth,20,30
13622,2014,FEMALE,ASIAN AND PACIFIC ISLANDER,Scarlett,19,31
13623,2014,FEMALE,ASIAN AND PACIFIC ISLANDER,Selina,19,31
13624,2014,FEMALE,ASIAN AND PACIFIC ISLANDER,Catherine,19,31
13625,2014,FEMALE,ASIAN AND PACIFIC ISLANDER,Elena,19,31
13626,2014,FEMALE,ASIAN AND PACIFIC ISLANDER,Stella,19,31
13627,2014,FEMALE,ASIAN AND PACIFIC ISLANDER,Sabrina,19,31
13628,2014,FEMALE,ASIAN AND PACIFIC ISLANDER,Sofia,19,31
13629,2014,FEMALE,ASIAN AND PACIFIC ISLANDER,Aiza,19,31
13630,2014,FEMALE,ASIAN AND PACIFIC ISLANDER,Eileen,18,32
13631,2014,FEMALE,ASIAN AND PACIFIC ISLANDER,Jessie,18,32
13632,2014,FEMALE,ASIAN AND PACIFIC ISLANDER,Carina,18,32
13633,2014,FEMALE,ASIAN AND PACIFIC ISLANDER,Samantha,18,32
13634,2014,FEMALE,ASIAN AND PACIFIC ISLANDER,Kaylee,18,32
13635,2014,FEMALE,ASIAN AND PACIFIC ISLANDER,Aisha,18,32
13636,2014,FEMALE,ASIAN AND PACIFIC ISLANDER,Gabriella,18,32
13637,2014,FEMALE,ASIAN AND PACIFIC ISLANDER,Avery,17,33
13638,2014,FEMALE,ASIAN AND PACIFIC ISLANDER,Christina,17,33
13639,2014,FEMALE,ASIAN AND PACIFIC ISLANDER,Crystal,17,33
13640,2014,FEMALE,ASIAN AND PACIFIC ISLANDER,Shirley,17,33
13641,2014,FEMALE,ASIAN AND PACIFIC ISLANDER,Jennifer,17,33
13642,2014,FEMALE,ASIAN AND PACIFIC ISLANDER,Michelle,17,33
13643,2014,FEMALE,ASIAN AND PACIFIC ISLANDER,Amber,17,33
13644,2014,FEMALE,ASIAN AND PACIFIC ISLANDER,Queenie,17,33
13645,2014,FEMALE,ASIAN AND PACIFIC ISLANDER,Elaine,17,33
13646,2014,FEMALE,ASIAN AND PACIFIC ISLANDER,Aleena,17,33
13647,2014,FEMALE,ASIAN AND PACIFIC ISLANDER,Angel,16,34
13648,2014,FEMALE,ASIAN AND PACIFIC ISLANDER,Elina,16,34
13649,2014,FEMALE,ASIAN AND PACIFIC ISLANDER,Jocelyn,16,34
13650,2014,FEMALE,ASIAN AND PACIFIC ISLANDER,Irene,16,34
13651,2014,FEMALE,ASIAN AND PACIFIC ISLANDER,Syeda,16,34
13652,2014,FEMALE,ASIAN AND PACIFIC ISLANDER,Sharon,16,34
13653,2014,FEMALE,ASIAN AND PACIFIC ISLANDER,Natalie,16,34
13654,2014,FEMALE,ASIAN AND PACIFIC ISLANDER,Naomi,15,35
13655,2014,FEMALE,ASIAN AND PACIFIC ISLANDER,Allison,15,35
13656,2014,FEMALE,ASIAN AND PACIFIC ISLANDER,Vicky,15,35
13657,2014,FEMALE,ASIAN AND PACIFIC ISLANDER,Katie,15,35
13658,2014,FEMALE,ASIAN AND PACIFIC ISLANDER,Joyce,15,35
13659,2014,FEMALE,ASIAN AND PACIFIC ISLANDER,Penelope,15,35
13660,2014,FEMALE,ASIAN AND PACIFIC ISLANDER,Caroline,15,35
13661,2014,FEMALE,ASIAN AND PACIFIC ISLANDER,Hanna,15,35
13662,2014,FEMALE,ASIAN AND PACIFIC ISLANDER,Amanda,15,35
13663,2014,FEMALE,ASIAN AND PACIFIC ISLANDER,Ariel,14,36
13664,2014,FEMALE,ASIAN AND PACIFIC ISLANDER,Lillian,14,36
13665,2014,FEMALE,ASIAN AND PACIFIC ISLANDER,Kelly,14,36
13666,2014,FEMALE,ASIAN AND PACIFIC ISLANDER,Anne,14,36
13667,2014,FEMALE,ASIAN AND PACIFIC ISLANDER,Lily,14,36
13668,2014,FEMALE,ASIAN AND PACIFIC ISLANDER,Miranda,14,36
13669,2014,FEMALE,ASIAN AND PACIFIC ISLANDER,Maggie,14,36
13670,2014,FEMALE,ASIAN AND PACIFIC ISLANDER,Selena,14,36
13671,2014,FEMALE,ASIAN AND PACIFIC ISLANDER,Kylie,14,36
13672,2014,FEMALE,ASIAN AND PACIFIC ISLANDER,Sara,14,36
13673,2014,FEMALE,ASIAN AND PACIFIC ISLANDER,Megan,13,37
13674,2014,FEMALE,ASIAN AND PACIFIC ISLANDER,Annabelle,13,37
13675,2014,FEMALE,ASIAN AND PACIFIC ISLANDER,Chelsea,13,37
13676,2014,FEMALE,ASIAN AND PACIFIC ISLANDER,Jannat,13,37
13677,2014,FEMALE,ASIAN AND PACIFIC ISLANDER,Lydia,13,37
13678,2014,FEMALE,ASIAN AND PACIFIC ISLANDER,Noor,13,37
13679,2014,FEMALE,ASIAN AND PACIFIC ISLANDER,Phoebe,13,37
13680,2014,FEMALE,ASIAN AND PACIFIC ISLANDER,Karina,13,37
13681,2014,FEMALE,ASIAN AND PACIFIC ISLANDER,Arianna,13,37
13682,2014,FEMALE,ASIAN AND PACIFIC ISLANDER,Layla,13,37
13683,2014,FEMALE,ASIAN AND PACIFIC ISLANDER,Samara,13,37
13684,2014,FEMALE,ASIAN AND PACIFIC ISLANDER,Isabel,13,37
13685,2014,FEMALE,ASIAN AND PACIFIC ISLANDER,Hana,12,38
13686,2014,FEMALE,ASIAN AND PACIFIC ISLANDER,Hafsa,12,38
13687,2014,FEMALE,ASIAN AND PACIFIC ISLANDER,Janice,12,38
13688,2014,FEMALE,ASIAN AND PACIFIC ISLANDER,Esther,12,38
13689,2014,FEMALE,ASIAN AND PACIFIC ISLANDER,Eshaal,12,38
13690,2014,FEMALE,ASIAN AND PACIFIC ISLANDER,Erica,12,38
13691,2014,FEMALE,ASIAN AND PACIFIC ISLANDER,Katelyn,12,38
13692,2014,FEMALE,ASIAN AND PACIFIC ISLANDER,Sylvia,12,38
13693,2014,FEMALE,ASIAN AND PACIFIC ISLANDER,Alicia,12,38
13694,2014,FEMALE,ASIAN AND PACIFIC ISLANDER,Lina,12,38
13695,2014,FEMALE,ASIAN AND PACIFIC ISLANDER,Eleanor,12,38
13696,2014,FEMALE,ASIAN AND PACIFIC ISLANDER,Celine,12,38
13697,2014,FEMALE,ASIAN AND PACIFIC ISLANDER,Athena,12,38
13698,2014,FEMALE,ASIAN AND PACIFIC ISLANDER,Summer,12,38
13699,2014,FEMALE,ASIAN AND PACIFIC ISLANDER,Vanessa,12,38
13700,2014,FEMALE,ASIAN AND PACIFIC ISLANDER,Erin,11,39
13701,2014,FEMALE,ASIAN AND PACIFIC ISLANDER,Alisha,11,39
13702,2014,FEMALE,ASIAN AND PACIFIC ISLANDER,Madelyn,11,39
13703,2014,FEMALE,ASIAN AND PACIFIC ISLANDER,Winnie,11,39
13704,2014,FEMALE,ASIAN AND PACIFIC ISLANDER,Safa,11,39
13705,2014,FEMALE,ASIAN AND PACIFIC ISLANDER,Rebecca,11,39
13706,2014,FEMALE,ASIAN AND PACIFIC ISLANDER,Queena,11,39
13707,2014,FEMALE,ASIAN AND PACIFIC ISLANDER,Mandy,11,39
13708,2014,FEMALE,ASIAN AND PACIFIC ISLANDER,Inaaya,11,39
13709,2014,FEMALE,ASIAN AND PACIFIC ISLANDER,Livia,11,39
13710,2014,FEMALE,ASIAN AND PACIFIC ISLANDER,Lisa,11,39
13711,2014,FEMALE,ASIAN AND PACIFIC ISLANDER,Lila,11,39
13712,2014,FEMALE,ASIAN AND PACIFIC ISLANDER,Joy,11,39
13713,2014,FEMALE,ASIAN AND PACIFIC ISLANDER,Inaya,11,39
13714,2014,FEMALE,ASIAN AND PACIFIC ISLANDER,Gia,11,39
13715,2014,FEMALE,ASIAN AND PACIFIC ISLANDER,Eliana,11,39
13716,2014,FEMALE,ASIAN AND PACIFIC ISLANDER,Alexandra,11,39
13717,2014,FEMALE,ASIAN AND PACIFIC ISLANDER,Alisa,11,39
13718,2014,FEMALE,ASIAN AND PACIFIC ISLANDER,Riley,10,40
13719,2014,FEMALE,ASIAN AND PACIFIC ISLANDER,Raina,10,40
13720,2014,FEMALE,ASIAN AND PACIFIC ISLANDER,Amina,10,40
13721,2014,FEMALE,ASIAN AND PACIFIC ISLANDER,Anya,10,40
13722,2014,FEMALE,ASIAN AND PACIFIC ISLANDER,Doris,10,40
13723,2014,FEMALE,ASIAN AND PACIFIC ISLANDER,Arisha,10,40
13724,2014,FEMALE,ASIAN AND PACIFIC ISLANDER,Cecilia,10,40
13725,2014,FEMALE,ASIAN AND PACIFIC ISLANDER,Madeline,10,40
13726,2014,FEMALE,ASIAN AND PACIFIC ISLANDER,Anayah,10,40
13727,2014,FEMALE,ASIAN AND PACIFIC ISLANDER,Kate,10,40
13728,2014,FEMALE,ASIAN AND PACIFIC ISLANDER,Priscilla,10,40
13729,2014,FEMALE,ASIAN AND PACIFIC ISLANDER,Shreya,10,40
13730,2014,FEMALE,ASIAN AND PACIFIC ISLANDER,Aarya,10,40
13731,2014,FEMALE,ASIAN AND PACIFIC ISLANDER,Luna,10,40
13732,2014,FEMALE,ASIAN AND PACIFIC ISLANDER,Khadija,10,40
13733,2014,FEMALE,BLACK NON HISPANIC,Madison,130,1
13734,2014,FEMALE,BLACK NON HISPANIC,Ava,78,2
13735,2014,FEMALE,BLACK NON HISPANIC,Chloe,68,3
13736,2014,FEMALE,BLACK NON HISPANIC,Aaliyah,67,4
13737,2014,FEMALE,BLACK NON HISPANIC,Skylar,63,5
13738,2014,FEMALE,BLACK NON HISPANIC,London,61,6
13739,2014,FEMALE,BLACK NON HISPANIC,Mia,61,6
13740,2014,FEMALE,BLACK NON HISPANIC,Savannah,53,7
13741,2014,FEMALE,BLACK NON HISPANIC,Olivia,52,8
13742,2014,FEMALE,BLACK NON HISPANIC,Fatoumata,47,9
13743,2014,FEMALE,BLACK NON HISPANIC,Mariam,47,9
13744,2014,FEMALE,BLACK NON HISPANIC,Isabella,47,9
13745,2014,FEMALE,BLACK NON HISPANIC,Serenity,46,10
13746,2014,FEMALE,BLACK NON HISPANIC,Ariel,45,11
13747,2014,FEMALE,BLACK NON HISPANIC,Taylor,45,11
13748,2014,FEMALE,BLACK NON HISPANIC,Autumn,41,12
13749,2014,FEMALE,BLACK NON HISPANIC,Abigail,41,12
13750,2014,FEMALE,BLACK NON HISPANIC,Makayla,40,13
13751,2014,FEMALE,BLACK NON HISPANIC,Faith,40,13
13752,2014,FEMALE,BLACK NON HISPANIC,Khloe,39,14
13753,2014,FEMALE,BLACK NON HISPANIC,Emily,37,15
13754,2014,FEMALE,BLACK NON HISPANIC,Lauren,37,15
13755,2014,FEMALE,BLACK NON HISPANIC,Arianna,37,15
13756,2014,FEMALE,BLACK NON HISPANIC,Gabrielle,37,15
13757,2014,FEMALE,BLACK NON HISPANIC,Sophia,36,16
13758,2014,FEMALE,BLACK NON HISPANIC,Kayla,36,16
13759,2014,FEMALE,BLACK NON HISPANIC,Morgan,36,16
13760,2014,FEMALE,BLACK NON HISPANIC,Leah,36,16
13761,2014,FEMALE,BLACK NON HISPANIC,Maya,36,16
13762,2014,FEMALE,BLACK NON HISPANIC,Nyla,36,16
13763,2014,FEMALE,BLACK NON HISPANIC,Nylah,34,17
13764,2014,FEMALE,BLACK NON HISPANIC,Peyton,34,17
13765,2014,FEMALE,BLACK NON HISPANIC,Amaya,33,18
13766,2014,FEMALE,BLACK NON HISPANIC,Fatima,32,19
13767,2014,FEMALE,BLACK NON HISPANIC,Zoey,32,19
13768,2014,FEMALE,BLACK NON HISPANIC,Naomi,32,19
13769,2014,FEMALE,BLACK NON HISPANIC,Nia,31,20
13770,2014,FEMALE,BLACK NON HISPANIC,Nevaeh,31,20
13771,2014,FEMALE,BLACK NON HISPANIC,Brielle,30,21
13772,2014,FEMALE,BLACK NON HISPANIC,McKenzie,30,21
13773,2014,FEMALE,BLACK NON HISPANIC,Victoria,30,21
13774,2014,FEMALE,BLACK NON HISPANIC,Chelsea,30,21
13775,2014,FEMALE,BLACK NON HISPANIC,Kylie,30,21
13776,2014,FEMALE,BLACK NON HISPANIC,Aminata,29,22
13777,2014,FEMALE,BLACK NON HISPANIC,Paris,29,22
13778,2014,FEMALE,BLACK NON HISPANIC,Gabriella,28,23
13779,2014,FEMALE,BLACK NON HISPANIC,Paige,28,23
13780,2014,FEMALE,BLACK NON HISPANIC,Amelia,28,23
13781,2014,FEMALE,BLACK NON HISPANIC,Destiny,28,23
13782,2014,FEMALE,BLACK NON HISPANIC,Skyla,28,23
13783,2014,FEMALE,BLACK NON HISPANIC,Laila,27,24
13784,2014,FEMALE,BLACK NON HISPANIC,Amina,27,24
13785,2014,FEMALE,BLACK NON HISPANIC,Mya,26,25
13786,2014,FEMALE,BLACK NON HISPANIC,Londyn,26,25
13787,2014,FEMALE,BLACK NON HISPANIC,Milan,26,25
13788,2014,FEMALE,BLACK NON HISPANIC,Layla,26,25
13789,2014,FEMALE,BLACK NON HISPANIC,Jasmine,25,26
13790,2014,FEMALE,BLACK NON HISPANIC,Jayla,25,26
13791,2014,FEMALE,BLACK NON HISPANIC,Elizabeth,25,26
13792,2014,FEMALE,BLACK NON HISPANIC,Heaven,25,26
13793,2014,FEMALE,BLACK NON HISPANIC,Avery,25,26
13794,2014,FEMALE,BLACK NON HISPANIC,Kennedy,25,26
13795,2014,FEMALE,BLACK NON HISPANIC,Ariana,24,27
13796,2014,FEMALE,BLACK NON HISPANIC,Skylah,24,27
13797,2014,FEMALE,BLACK NON HISPANIC,Alyssa,24,27
13798,2014,FEMALE,BLACK NON HISPANIC,Brianna,24,27
13799,2014,FEMALE,BLACK NON HISPANIC,Kaylee,24,27
13800,2014,FEMALE,BLACK NON HISPANIC,Kaitlyn,24,27
13801,2014,FEMALE,BLACK NON HISPANIC,Imani,24,27
13802,2014,FEMALE,BLACK NON HISPANIC,Zoe,23,28
13803,2014,FEMALE,BLACK NON HISPANIC,Aliyah,23,28
13804,2014,FEMALE,BLACK NON HISPANIC,Aicha,23,28
13805,2014,FEMALE,BLACK NON HISPANIC,Emma,23,28
13806,2014,FEMALE,BLACK NON HISPANIC,Eliana,23,28
13807,2014,FEMALE,BLACK NON HISPANIC,Mariah,22,29
13808,2014,FEMALE,BLACK NON HISPANIC,Jade,22,29
13809,2014,FEMALE,BLACK NON HISPANIC,Michelle,22,29
13810,2014,FEMALE,BLACK NON HISPANIC,Sarah,22,29
13811,2014,FEMALE,BLACK NON HISPANIC,Zuri,21,30
13812,2014,FEMALE,BLACK NON HISPANIC,Aubrey,21,30
13813,2014,FEMALE,BLACK NON HISPANIC,Sydney,21,30
13814,2014,FEMALE,BLACK NON HISPANIC,Jordyn,21,30
13815,2014,FEMALE,BLACK NON HISPANIC,Hailey,21,30
13816,2014,FEMALE,BLACK NON HISPANIC,Maliyah,20,31
13817,2014,FEMALE,BLACK NON HISPANIC,Grace,20,31
13818,2014,FEMALE,BLACK NON HISPANIC,Isabelle,20,31
13819,2014,FEMALE,BLACK NON HISPANIC,Genesis,20,31
13820,2014,FEMALE,BLACK NON HISPANIC,Riley,20,31
13821,2014,FEMALE,BLACK NON HISPANIC,Aria,19,32
13822,2014,FEMALE,BLACK NON HISPANIC,Trinity,19,32
13823,2014,FEMALE,BLACK NON HISPANIC,Tori,18,33
13824,2014,FEMALE,BLACK NON HISPANIC,Amiyah,18,33
13825,2014,FEMALE,BLACK NON HISPANIC,Jada,18,33
13826,2014,FEMALE,BLACK NON HISPANIC,Malia,18,33
13827,2014,FEMALE,BLACK NON HISPANIC,Harmony,17,34
13828,2014,FEMALE,BLACK NON HISPANIC,Mikayla,17,34
13829,2014,FEMALE,BLACK NON HISPANIC,Aniyah,17,34
13830,2014,FEMALE,BLACK NON HISPANIC,Hannah,17,34
13831,2014,FEMALE,BLACK NON HISPANIC,Skye,17,34
13832,2014,FEMALE,BLACK NON HISPANIC,Ashley,17,34
13833,2014,FEMALE,BLACK NON HISPANIC,Cali,17,34
13834,2014,FEMALE,BLACK NON HISPANIC,Mariama,16,35
13835,2014,FEMALE,BLACK NON HISPANIC,Eva,16,35
13836,2014,FEMALE,BLACK NON HISPANIC,Winter,16,35
13837,2014,FEMALE,BLACK NON HISPANIC,Alana,16,35
13838,2014,FEMALE,BLACK NON HISPANIC,Amira,15,36
13839,2014,FEMALE,BLACK NON HISPANIC,Aisha,15,36
13840,2014,FEMALE,BLACK NON HISPANIC,Mackenzie,15,36
13841,2014,FEMALE,BLACK NON HISPANIC,Sanai,15,36
13842,2014,FEMALE,BLACK NON HISPANIC,Bella,15,36
13843,2014,FEMALE,BLACK NON HISPANIC,Arielle,15,36
13844,2014,FEMALE,BLACK NON HISPANIC,Kiara,15,36
13845,2014,FEMALE,BLACK NON HISPANIC,Sarai,15,36
13846,2014,FEMALE,BLACK NON HISPANIC,Lyric,15,36
13847,2014,FEMALE,BLACK NON HISPANIC,Gianna,14,37
13848,2014,FEMALE,BLACK NON HISPANIC,Madisyn,14,37
13849,2014,FEMALE,BLACK NON HISPANIC,Malaysia,14,37
13850,2014,FEMALE,BLACK NON HISPANIC,Logan,14,37
13851,2014,FEMALE,BLACK NON HISPANIC,Samantha,14,37
13852,2014,FEMALE,BLACK NON HISPANIC,Sanaa,14,37
13853,2014,FEMALE,BLACK NON HISPANIC,Angelina,14,37
13854,2014,FEMALE,BLACK NON HISPANIC,Zara,14,37
13855,2014,FEMALE,BLACK NON HISPANIC,Violet,14,37
13856,2014,FEMALE,BLACK NON HISPANIC,Kelsey,14,37
13857,2014,FEMALE,BLACK NON HISPANIC,Brooklyn,14,37
13858,2014,FEMALE,BLACK NON HISPANIC,Hawa,14,37
13859,2014,FEMALE,BLACK NON HISPANIC,Annabelle,14,37
13860,2014,FEMALE,BLACK NON HISPANIC,Jayda,13,38
13861,2014,FEMALE,BLACK NON HISPANIC,Oumou,13,38
13862,2014,FEMALE,BLACK NON HISPANIC,Zendaya,13,38
13863,2014,FEMALE,BLACK NON HISPANIC,Dakota,13,38
13864,2014,FEMALE,BLACK NON HISPANIC,Kimora,13,38
13865,2014,FEMALE,BLACK NON HISPANIC,Leilani,13,38
13866,2014,FEMALE,BLACK NON HISPANIC,Jordan,13,38
13867,2014,FEMALE,BLACK NON HISPANIC,Nahla,13,38
13868,2014,FEMALE,BLACK NON HISPANIC,Khadijah,13,38
13869,2014,FEMALE,BLACK NON HISPANIC,Aissatou,13,38
13870,2014,FEMALE,BLACK NON HISPANIC,Alexis,13,38
13871,2014,FEMALE,BLACK NON HISPANIC,Tianna,13,38
13872,2014,FEMALE,BLACK NON HISPANIC,Tiana,13,38
13873,2014,FEMALE,BLACK NON HISPANIC,Miracle,13,38
13874,2014,FEMALE,BLACK NON HISPANIC,Journey,13,38
13875,2014,FEMALE,BLACK NON HISPANIC,Amara,12,39
13876,2014,FEMALE,BLACK NON HISPANIC,Danielle,12,39
13877,2014,FEMALE,BLACK NON HISPANIC,Aubree,12,39
13878,2014,FEMALE,BLACK NON HISPANIC,Sariah,12,39
13879,2014,FEMALE,BLACK NON HISPANIC,Janelle,12,39
13880,2014,FEMALE,BLACK NON HISPANIC,Wynter,12,39
13881,2014,FEMALE,BLACK NON HISPANIC,Sofia,12,39
13882,2014,FEMALE,BLACK NON HISPANIC,Kali,12,39
13883,2014,FEMALE,BLACK NON HISPANIC,Fanta,12,39
13884,2014,FEMALE,BLACK NON HISPANIC,Melanie,11,40
13885,2014,FEMALE,BLACK NON HISPANIC,Aniya,11,40
13886,2014,FEMALE,BLACK NON HISPANIC,Ella,11,40
13887,2014,FEMALE,BLACK NON HISPANIC,Chanel,11,40
13888,2014,FEMALE,BLACK NON HISPANIC,Joy,11,40
13889,2014,FEMALE,BLACK NON HISPANIC,Kyla,11,40
13890,2014,FEMALE,BLACK NON HISPANIC,Journee,11,40
13891,2014,FEMALE,BLACK NON HISPANIC,Blessing,11,40
13892,2014,FEMALE,BLACK NON HISPANIC,Nova,11,40
13893,2014,FEMALE,BLACK NON HISPANIC,Mila,11,40
13894,2014,FEMALE,BLACK NON HISPANIC,Egypt,11,40
13895,2014,FEMALE,BLACK NON HISPANIC,Hope,11,40
13896,2014,FEMALE,BLACK NON HISPANIC,Lillian,11,40
13897,2014,FEMALE,BLACK NON HISPANIC,Brooke,11,40
13898,2014,FEMALE,BLACK NON HISPANIC,Charlotte,11,40
13899,2014,FEMALE,BLACK NON HISPANIC,Adrianna,11,40
13900,2014,FEMALE,BLACK NON HISPANIC,Maryam,10,41
13901,2014,FEMALE,BLACK NON HISPANIC,Lailah,10,41
13902,2014,FEMALE,BLACK NON HISPANIC,Skyler,10,41
13903,2014,FEMALE,BLACK NON HISPANIC,Amiya,10,41
13904,2014,FEMALE,BLACK NON HISPANIC,Amirah,10,41
13905,2014,FEMALE,BLACK NON HISPANIC,Kadiatou,10,41
13906,2014,FEMALE,BLACK NON HISPANIC,Fatou,10,41
13907,2014,FEMALE,BLACK NON HISPANIC,Penelope,10,41
13908,2014,FEMALE,BLACK NON HISPANIC,Alexandria,10,41
13909,2014,FEMALE,BLACK NON HISPANIC,Christina,10,41
13910,2014,FEMALE,BLACK NON HISPANIC,Kylee,10,41
13911,2014,FEMALE,BLACK NON HISPANIC,Lauryn,10,41
13912,2014,FEMALE,BLACK NON HISPANIC,Kristen,10,41
13913,2014,FEMALE,BLACK NON HISPANIC,Phoenix,10,41
13914,2014,FEMALE,BLACK NON HISPANIC,Saniyah,10,41
13915,2014,FEMALE,BLACK NON HISPANIC,Shiloh,10,41
13916,2014,FEMALE,BLACK NON HISPANIC,Amia,10,41
13917,2014,FEMALE,BLACK NON HISPANIC,Summer,10,41
13918,2014,FEMALE,BLACK NON HISPANIC,Zaniyah,10,41
13919,2014,FEMALE,BLACK NON HISPANIC,Zariah,10,41
13920,2014,FEMALE,HISPANIC,Isabella,331,1
13921,2014,FEMALE,HISPANIC,Sophia,259,2
13922,2014,FEMALE,HISPANIC,Mia,255,3
13923,2014,FEMALE,HISPANIC,Sofia,199,4
13924,2014,FEMALE,HISPANIC,Camila,193,5
13925,2014,FEMALE,HISPANIC,Emily,170,6
13926,2014,FEMALE,HISPANIC,Emma,167,7
13927,2014,FEMALE,HISPANIC,Victoria,148,8
13928,2014,FEMALE,HISPANIC,Ashley,139,9
13929,2014,FEMALE,HISPANIC,Valentina,135,10
13930,2014,FEMALE,HISPANIC,Melanie,106,11
13931,2014,FEMALE,HISPANIC,Abigail,104,12
13932,2014,FEMALE,HISPANIC,Allison,103,13
13933,2014,FEMALE,HISPANIC,Genesis,102,14
13934,2014,FEMALE,HISPANIC,Leah,100,15
13935,2014,FEMALE,HISPANIC,Olivia,96,16
13936,2014,FEMALE,HISPANIC,Ariana,94,17
13937,2014,FEMALE,HISPANIC,Hailey,92,18
13938,2014,FEMALE,HISPANIC,Samantha,91,19
13939,2014,FEMALE,HISPANIC,Madison,90,20
13940,2014,FEMALE,HISPANIC,Zoe,87,21
13941,2014,FEMALE,HISPANIC,Brianna,86,22
13942,2014,FEMALE,HISPANIC,Arianna,85,23
13943,2014,FEMALE,HISPANIC,Scarlett,80,24
13944,2014,FEMALE,HISPANIC,Ava,79,25
13945,2014,FEMALE,HISPANIC,Gabriella,78,26
13946,2014,FEMALE,HISPANIC,Kaylee,76,27
13947,2014,FEMALE,HISPANIC,Amy,73,28
13948,2014,FEMALE,HISPANIC,Kimberly,72,29
13949,2014,FEMALE,HISPANIC,Alexa,71,30
13950,2014,FEMALE,HISPANIC,Khloe,68,31
13951,2014,FEMALE,HISPANIC,Chloe,68,31
13952,2014,FEMALE,HISPANIC,Bella,62,32
13953,2014,FEMALE,HISPANIC,Amelia,60,33
13954,2014,FEMALE,HISPANIC,Emely,60,33
13955,2014,FEMALE,HISPANIC,Penelope,58,34
13956,2014,FEMALE,HISPANIC,Maria,57,35
13957,2014,FEMALE,HISPANIC,Valerie,57,35
13958,2014,FEMALE,HISPANIC,Aaliyah,55,36
13959,2014,FEMALE,HISPANIC,Kylie,52,37
13960,2014,FEMALE,HISPANIC,Layla,50,38
13961,2014,FEMALE,HISPANIC,Daniela,50,38
13962,2014,FEMALE,HISPANIC,Nicole,48,39
13963,2014,FEMALE,HISPANIC,Mila,46,40
13964,2014,FEMALE,HISPANIC,Andrea,46,40
13965,2014,FEMALE,HISPANIC,Maya,45,41
13966,2014,FEMALE,HISPANIC,Aylin,45,41
13967,2014,FEMALE,HISPANIC,Gabriela,45,41
13968,2014,FEMALE,HISPANIC,Aubrey,45,41
13969,2014,FEMALE,HISPANIC,Natalia,45,41
13970,2014,FEMALE,HISPANIC,Michelle,44,42
13971,2014,FEMALE,HISPANIC,Kayla,44,42
13972,2014,FEMALE,HISPANIC,Savannah,43,43
13973,2014,FEMALE,HISPANIC,Gianna,43,43
13974,2014,FEMALE,HISPANIC,Luna,42,44
13975,2014,FEMALE,HISPANIC,Isabel,42,44
13976,2014,FEMALE,HISPANIC,Adriana,42,44
13977,2014,FEMALE,HISPANIC,Grace,41,45
13978,2014,FEMALE,HISPANIC,Jade,41,45
13979,2014,FEMALE,HISPANIC,Delilah,41,45
13980,2014,FEMALE,HISPANIC,Elizabeth,40,46
13981,2014,FEMALE,HISPANIC,Stephanie,39,47
13982,2014,FEMALE,HISPANIC,Melany,39,47
13983,2014,FEMALE,HISPANIC,Sarah,39,47
13984,2014,FEMALE,HISPANIC,Serenity,35,48
13985,2014,FEMALE,HISPANIC,Angelina,34,49
13986,2014,FEMALE,HISPANIC,Valeria,34,49
13987,2014,FEMALE,HISPANIC,Brittany,34,49
13988,2014,FEMALE,HISPANIC,Jasmine,34,49
13989,2014,FEMALE,HISPANIC,Chelsea,34,49
13990,2014,FEMALE,HISPANIC,Leslie,34,49
13991,2014,FEMALE,HISPANIC,Jennifer,34,49
13992,2014,FEMALE,HISPANIC,Kiara,34,49
13993,2014,FEMALE,HISPANIC,Zoey,34,49
13994,2014,FEMALE,HISPANIC,Diana,33,50
13995,2014,FEMALE,HISPANIC,Eva,33,50
13996,2014,FEMALE,HISPANIC,Katherine,33,50
13997,2014,FEMALE,HISPANIC,Jazmin,33,50
13998,2014,FEMALE,HISPANIC,Ana,33,50
13999,2014,FEMALE,HISPANIC,Faith,32,51
14000,2014,FEMALE,HISPANIC,Evelyn,32,51
14001,2014,FEMALE,HISPANIC,Rose,32,51
14002,2014,FEMALE,HISPANIC,Daniella,32,51
14003,2014,FEMALE,HISPANIC,Jocelyn,32,51
14004,2014,FEMALE,HISPANIC,Giselle,32,51
14005,2014,FEMALE,HISPANIC,Elena,32,51
14006,2014,FEMALE,HISPANIC,Charlotte,31,52
14007,2014,FEMALE,HISPANIC,Alyssa,31,52
14008,2014,FEMALE,HISPANIC,Alexandra,31,52
14009,2014,FEMALE,HISPANIC,Danna,31,52
14010,2014,FEMALE,HISPANIC,Amanda,31,52
14011,2014,FEMALE,HISPANIC,Angelica,30,53
14012,2014,FEMALE,HISPANIC,Alina,30,53
14013,2014,FEMALE,HISPANIC,Eliana,29,54
14014,2014,FEMALE,HISPANIC,London,29,54
14015,2014,FEMALE,HISPANIC,Melissa,29,54
14016,2014,FEMALE,HISPANIC,Guadalupe,29,54
14017,2014,FEMALE,HISPANIC,Vanessa,29,54
14018,2014,FEMALE,HISPANIC,Natalie,28,55
14019,2014,FEMALE,HISPANIC,Aria,28,55
14020,2014,FEMALE,HISPANIC,Avery,28,55
14021,2014,FEMALE,HISPANIC,Amaya,27,56
14022,2014,FEMALE,HISPANIC,Isabelle,27,56
14023,2014,FEMALE,HISPANIC,Naomi,27,56
14024,2014,FEMALE,HISPANIC,Mya,27,56
14025,2014,FEMALE,HISPANIC,Violet,27,56
14026,2014,FEMALE,HISPANIC,Juliana,27,56
14027,2014,FEMALE,HISPANIC,Alanis,26,57
14028,2014,FEMALE,HISPANIC,Ximena,26,57
14029,2014,FEMALE,HISPANIC,Sophie,26,57
14030,2014,FEMALE,HISPANIC,Skylar,25,58
14031,2014,FEMALE,HISPANIC,Jayleen,25,58
14032,2014,FEMALE,HISPANIC,Destiny,25,58
14033,2014,FEMALE,HISPANIC,Kaitlyn,25,58
14034,2014,FEMALE,HISPANIC,Laila,24,59
14035,2014,FEMALE,HISPANIC,Nathalie,24,59
14036,2014,FEMALE,HISPANIC,Itzel,24,59
14037,2014,FEMALE,HISPANIC,Karla,23,60
14038,2014,FEMALE,HISPANIC,Athena,23,60
14039,2014,FEMALE,HISPANIC,Madeline,23,60
14040,2014,FEMALE,HISPANIC,Taylor,23,60
14041,2014,FEMALE,HISPANIC,Melody,22,61
14042,2014,FEMALE,HISPANIC,Sherlyn,22,61
14043,2014,FEMALE,HISPANIC,Jayla,22,61
14044,2014,FEMALE,HISPANIC,Bianca,22,61
14045,2014,FEMALE,HISPANIC,Ruby,22,61
14046,2014,FEMALE,HISPANIC,Jazlyn,22,61
14047,2014,FEMALE,HISPANIC,Juliette,21,62
14048,2014,FEMALE,HISPANIC,Megan,21,62
14049,2014,FEMALE,HISPANIC,Hannah,21,62
14050,2014,FEMALE,HISPANIC,Alison,21,62
14051,2014,FEMALE,HISPANIC,Jessica,21,62
14052,2014,FEMALE,HISPANIC,Sara,21,62
14053,2014,FEMALE,HISPANIC,Emilia,21,62
14054,2014,FEMALE,HISPANIC,Kamila,21,62
14055,2014,FEMALE,HISPANIC,Tiffany,20,63
14056,2014,FEMALE,HISPANIC,Esther,20,63
14057,2014,FEMALE,HISPANIC,Julia,20,63
14058,2014,FEMALE,HISPANIC,Aileen,20,63
14059,2014,FEMALE,HISPANIC,Yaretzi,20,63
14060,2014,FEMALE,HISPANIC,Lucia,19,64
14061,2014,FEMALE,HISPANIC,Ariel,19,64
14062,2014,FEMALE,HISPANIC,Catalina,19,64
14063,2014,FEMALE,HISPANIC,Julianna,19,64
14064,2014,FEMALE,HISPANIC,Esmeralda,19,64
14065,2014,FEMALE,HISPANIC,Ella,19,64
14066,2014,FEMALE,HISPANIC,Lily,19,64
14067,2014,FEMALE,HISPANIC,Karen,19,64
14068,2014,FEMALE,HISPANIC,Daisy,19,64
14069,2014,FEMALE,HISPANIC,Aliyah,19,64
14070,2014,FEMALE,HISPANIC,Alice,19,64
14071,2014,FEMALE,HISPANIC,Lizbeth,19,64
14072,2014,FEMALE,HISPANIC,Angie,19,64
14073,2014,FEMALE,HISPANIC,Nashla,19,64
14074,2014,FEMALE,HISPANIC,Leila,19,64
14075,2014,FEMALE,HISPANIC,Nathaly,19,64
14076,2014,FEMALE,HISPANIC,Helen,18,65
14077,2014,FEMALE,HISPANIC,Sabrina,18,65
14078,2014,FEMALE,HISPANIC,Lauren,18,65
14079,2014,FEMALE,HISPANIC,Jacqueline,18,65
14080,2014,FEMALE,HISPANIC,Leilani,18,65
14081,2014,FEMALE,HISPANIC,Adrianna,18,65
14082,2014,FEMALE,HISPANIC,Amber,18,65
14083,2014,FEMALE,HISPANIC,Luciana,18,65
14084,2014,FEMALE,HISPANIC,Aubree,18,65
14085,2014,FEMALE,HISPANIC,Melina,18,65
14086,2014,FEMALE,HISPANIC,Mariana,18,65
14087,2014,FEMALE,HISPANIC,Katelyn,17,66
14088,2014,FEMALE,HISPANIC,Sarai,17,66
14089,2014,FEMALE,HISPANIC,Liliana,17,66
14090,2014,FEMALE,HISPANIC,Alejandra,17,66
14091,2014,FEMALE,HISPANIC,Audrey,17,66
14092,2014,FEMALE,HISPANIC,Alana,17,66
14093,2014,FEMALE,HISPANIC,Nayeli,17,66
14094,2014,FEMALE,HISPANIC,Angelique,17,66
14095,2014,FEMALE,HISPANIC,Angela,17,66
14096,2014,FEMALE,HISPANIC,Lia,17,66
14097,2014,FEMALE,HISPANIC,Kelly,16,67
14098,2014,FEMALE,HISPANIC,Allyson,16,67
14099,2014,FEMALE,HISPANIC,Skyla,16,67
14100,2014,FEMALE,HISPANIC,Juliet,16,67
14101,2014,FEMALE,HISPANIC,Marjorie,16,67
14102,2014,FEMALE,HISPANIC,Dayana,16,67
14103,2014,FEMALE,HISPANIC,Stella,16,67
14104,2014,FEMALE,HISPANIC,Arabella,16,67
14105,2014,FEMALE,HISPANIC,Makayla,16,67
14106,2014,FEMALE,HISPANIC,Ariella,16,67
14107,2014,FEMALE,HISPANIC,Peyton,16,67
14108,2014,FEMALE,HISPANIC,Crystal,16,67
14109,2014,FEMALE,HISPANIC,Kayleen,15,68
14110,2014,FEMALE,HISPANIC,Amalia,15,68
14111,2014,FEMALE,HISPANIC,Riley,15,68
14112,2014,FEMALE,HISPANIC,Alondra,15,68
14113,2014,FEMALE,HISPANIC,Jaylah,15,68
14114,2014,FEMALE,HISPANIC,Heaven,15,68
14115,2014,FEMALE,HISPANIC,Laura,15,68
14116,2014,FEMALE,HISPANIC,Mackenzie,15,68
14117,2014,FEMALE,HISPANIC,Lesly,15,68
14118,2014,FEMALE,HISPANIC,Haylee,15,68
14119,2014,FEMALE,HISPANIC,Lindsay,15,68
14120,2014,FEMALE,HISPANIC,Keyla,15,68
14121,2014,FEMALE,HISPANIC,Montserrat,15,68
14122,2014,FEMALE,HISPANIC,Annabella,15,68
14123,2014,FEMALE,HISPANIC,Shirley,15,68
14124,2014,FEMALE,HISPANIC,Madelyn,15,68
14125,2014,FEMALE,HISPANIC,Nylah,15,68
14126,2014,FEMALE,HISPANIC,Julissa,15,68
14127,2014,FEMALE,HISPANIC,Briana,14,69
14128,2014,FEMALE,HISPANIC,Carmen,14,69
14129,2014,FEMALE,HISPANIC,Daleyza,14,69
14130,2014,FEMALE,HISPANIC,Elisa,14,69
14131,2014,FEMALE,HISPANIC,Anna,14,69
14132,2014,FEMALE,HISPANIC,Jaylin,14,69
14133,2014,FEMALE,HISPANIC,Lola,14,69
14134,2014,FEMALE,HISPANIC,Maia,14,69
14135,2014,FEMALE,HISPANIC,Paige,14,69
14136,2014,FEMALE,HISPANIC,Alicia,14,69
14137,2014,FEMALE,HISPANIC,Selena,14,69
14138,2014,FEMALE,HISPANIC,Brenda,14,69
14139,2014,FEMALE,HISPANIC,Kailey,13,70
14140,2014,FEMALE,HISPANIC,Miranda,13,70
14141,2014,FEMALE,HISPANIC,Arya,13,70
14142,2014,FEMALE,HISPANIC,Alma,13,70
14143,2014,FEMALE,HISPANIC,Alexia,13,70
14144,2014,FEMALE,HISPANIC,Pamela,13,70
14145,2014,FEMALE,HISPANIC,Alexis,13,70
14146,2014,FEMALE,HISPANIC,Carla,13,70
14147,2014,FEMALE,HISPANIC,Jaylene,13,70
14148,2014,FEMALE,HISPANIC,Autumn,13,70
14149,2014,FEMALE,HISPANIC,Nevaeh,13,70
14150,2014,FEMALE,HISPANIC,Marilyn,13,70
14151,2014,FEMALE,HISPANIC,Erika,13,70
14152,2014,FEMALE,HISPANIC,Arielle,13,70
14153,2014,FEMALE,HISPANIC,Rachel,12,71
14154,2014,FEMALE,HISPANIC,Bryanna,12,71
14155,2014,FEMALE,HISPANIC,Ayleen,12,71
14156,2014,FEMALE,HISPANIC,Tatiana,12,71
14157,2014,FEMALE,HISPANIC,April,12,71
14158,2014,FEMALE,HISPANIC,Annalise,12,71
14159,2014,FEMALE,HISPANIC,Annabelle,12,71
14160,2014,FEMALE,HISPANIC,Violeta,12,71
14161,2014,FEMALE,HISPANIC,Cataleya,12,71
14162,2014,FEMALE,HISPANIC,Angeline,12,71
14163,2014,FEMALE,HISPANIC,Valery,12,71
14164,2014,FEMALE,HISPANIC,Katie,12,71
14165,2014,FEMALE,HISPANIC,Anaya,12,71
14166,2014,FEMALE,HISPANIC,Liana,12,71
14167,2014,FEMALE,HISPANIC,Alessandra,12,71
14168,2014,FEMALE,HISPANIC,Kaylin,12,71
14169,2014,FEMALE,HISPANIC,Celeste,12,71
14170,2014,FEMALE,HISPANIC,Rebecca,12,71
14171,2014,FEMALE,HISPANIC,Monica,12,71
14172,2014,FEMALE,HISPANIC,Hazel,12,71
14173,2014,FEMALE,HISPANIC,Francesca,12,71
14174,2014,FEMALE,HISPANIC,Gia,12,71
14175,2014,FEMALE,HISPANIC,Arely,11,72
14176,2014,FEMALE,HISPANIC,Ivanna,11,72
14177,2014,FEMALE,HISPANIC,Evangeline,11,72
14178,2014,FEMALE,HISPANIC,Leyla,11,72
14179,2014,FEMALE,HISPANIC,Jessie,11,72
14180,2014,FEMALE,HISPANIC,Skyler,11,72
14181,2014,FEMALE,HISPANIC,Heidi,11,72
14182,2014,FEMALE,HISPANIC,Eliza,11,72
14183,2014,FEMALE,HISPANIC,Wendy,11,72
14184,2014,FEMALE,HISPANIC,Brigitte,11,72
14185,2014,FEMALE,HISPANIC,Eileen,11,72
14186,2014,FEMALE,HISPANIC,Catherine,11,72
14187,2014,FEMALE,HISPANIC,Nina,11,72
14188,2014,FEMALE,HISPANIC,Salome,11,72
14189,2014,FEMALE,HISPANIC,Jimena,11,72
14190,2014,FEMALE,HISPANIC,Kendra,11,72
14191,2014,FEMALE,HISPANIC,Paris,11,72
14192,2014,FEMALE,HISPANIC,Magaly,11,72
14193,2014,FEMALE,HISPANIC,Mikaela,11,72
14194,2014,FEMALE,HISPANIC,Trinity,11,72
14195,2014,FEMALE,HISPANIC,Kate,10,73
14196,2014,FEMALE,HISPANIC,Anabella,10,73
14197,2014,FEMALE,HISPANIC,Anabelle,10,73
14198,2014,FEMALE,HISPANIC,Sienna,10,73
14199,2014,FEMALE,HISPANIC,Kaylie,10,73
14200,2014,FEMALE,HISPANIC,Celine,10,73
14201,2014,FEMALE,HISPANIC,Cecilia,10,73
14202,2014,FEMALE,HISPANIC,Joselyn,10,73
14203,2014,FEMALE,HISPANIC,Alissa,10,73
14204,2014,FEMALE,HISPANIC,Hailie,10,73
14205,2014,FEMALE,HISPANIC,Mariah,10,73
14206,2014,FEMALE,HISPANIC,Adelyn,10,73
14207,2014,FEMALE,HISPANIC,Keila,10,73
14208,2014,FEMALE,HISPANIC,Carolina,10,73
14209,2014,FEMALE,HISPANIC,Cynthia,10,73
14210,2014,FEMALE,HISPANIC,Litzy,10,73
14211,2014,FEMALE,HISPANIC,Aurora,10,73
14212,2014,FEMALE,HISPANIC,Izabella,10,73
14213,2014,FEMALE,HISPANIC,Yasmin,10,73
14214,2014,FEMALE,HISPANIC,Monserrat,10,73
14215,2014,FEMALE,HISPANIC,Nyla,10,73
14216,2014,FEMALE,HISPANIC,Londyn,10,73
14217,2014,FEMALE,HISPANIC,Ruth,10,73
14218,2014,FEMALE,HISPANIC,Lillian,10,73
14219,2014,FEMALE,HISPANIC,Christina,10,73
14220,2014,FEMALE,HISPANIC,Caroline,10,73
14221,2014,FEMALE,HISPANIC,Brielle,10,73
14222,2014,FEMALE,HISPANIC,Brooke,10,73
14223,2014,FEMALE,WHITE NON HISPANIC,Olivia,248,1
14224,2014,FEMALE,WHITE NON HISPANIC,Esther,233,2
14225,2014,FEMALE,WHITE NON HISPANIC,Rachel,228,3
14226,2014,FEMALE,WHITE NON HISPANIC,Leah,206,4
14227,2014,FEMALE,WHITE NON HISPANIC,Emma,205,5
14228,2014,FEMALE,WHITE NON HISPANIC,Chaya,194,6
14229,2014,FEMALE,WHITE NON HISPANIC,Sarah,185,7
14230,2014,FEMALE,WHITE NON HISPANIC,Sophia,172,8
14231,2014,FEMALE,WHITE NON HISPANIC,Ava,146,9
14232,2014,FEMALE,WHITE NON HISPANIC,Miriam,143,10
14233,2014,FEMALE,WHITE NON HISPANIC,Chana,143,10
14234,2014,FEMALE,WHITE NON HISPANIC,Emily,143,10
14235,2014,FEMALE,WHITE NON HISPANIC,Mia,139,11
14236,2014,FEMALE,WHITE NON HISPANIC,Charlotte,133,12
14237,2014,FEMALE,WHITE NON HISPANIC,Abigail,124,13
14238,2014,FEMALE,WHITE NON HISPANIC,Sara,121,14
14239,2014,FEMALE,WHITE NON HISPANIC,Isabella,117,15
14240,2014,FEMALE,WHITE NON HISPANIC,Ella,112,16
14241,2014,FEMALE,WHITE NON HISPANIC,Sofia,110,17
14242,2014,FEMALE,WHITE NON HISPANIC,Maya,106,18
14243,2014,FEMALE,WHITE NON HISPANIC,Elizabeth,101,19
14244,2014,FEMALE,WHITE NON HISPANIC,Rivka,100,20
14245,2014,FEMALE,WHITE NON HISPANIC,Zoe,96,21
14246,2014,FEMALE,WHITE NON HISPANIC,Anna,95,22
14247,2014,FEMALE,WHITE NON HISPANIC,Gabriella,93,23
14248,2014,FEMALE,WHITE NON HISPANIC,Lily,88,24
14249,2014,FEMALE,WHITE NON HISPANIC,Grace,86,25
14250,2014,FEMALE,WHITE NON HISPANIC,Alexandra,84,26
14251,2014,FEMALE,WHITE NON HISPANIC,Raizy,84,26
14252,2014,FEMALE,WHITE NON HISPANIC,Malka,84,26
14253,2014,FEMALE,WHITE NON HISPANIC,Julia,84,26
14254,2014,FEMALE,WHITE NON HISPANIC,Victoria,83,27
14255,2014,FEMALE,WHITE NON HISPANIC,Chloe,81,28
14256,2014,FEMALE,WHITE NON HISPANIC,Stella,78,29
14257,2014,FEMALE,WHITE NON HISPANIC,Eva,74,30
14258,2014,FEMALE,WHITE NON HISPANIC,Faigy,74,30
14259,2014,FEMALE,WHITE NON HISPANIC,Amelia,73,31
14260,2014,FEMALE,WHITE NON HISPANIC,Malky,70,32
14261,2014,FEMALE,WHITE NON HISPANIC,Nora,70,32
14262,2014,FEMALE,WHITE NON HISPANIC,Gitty,68,33
14263,2014,FEMALE,WHITE NON HISPANIC,Madison,68,33
14264,2014,FEMALE,WHITE NON HISPANIC,Avery,66,34
14265,2014,FEMALE,WHITE NON HISPANIC,Eleanor,65,35
14266,2014,FEMALE,WHITE NON HISPANIC,Hannah,64,36
14267,2014,FEMALE,WHITE NON HISPANIC,Evelyn,64,36
14268,2014,FEMALE,WHITE NON HISPANIC,Penelope,63,37
14269,2014,FEMALE,WHITE NON HISPANIC,Mila,62,38
14270,2014,FEMALE,WHITE NON HISPANIC,Vivian,61,39
14271,2014,FEMALE,WHITE NON HISPANIC,Yitty,59,40
14272,2014,FEMALE,WHITE NON HISPANIC,Madeline,59,40
14273,2014,FEMALE,WHITE NON HISPANIC,Lucy,58,41
14274,2014,FEMALE,WHITE NON HISPANIC,Samantha,57,42
14275,2014,FEMALE,WHITE NON HISPANIC,Sophie,56,43
14276,2014,FEMALE,WHITE NON HISPANIC,Alice,56,43
14277,2014,FEMALE,WHITE NON HISPANIC,Shaindy,55,44
14278,2014,FEMALE,WHITE NON HISPANIC,Layla,55,44
14279,2014,FEMALE,WHITE NON HISPANIC,Rose,55,44
14280,2014,FEMALE,WHITE NON HISPANIC,Emilia,54,45
14281,2014,FEMALE,WHITE NON HISPANIC,Rivky,52,46
14282,2014,FEMALE,WHITE NON HISPANIC,Talia,49,47
14283,2014,FEMALE,WHITE NON HISPANIC,Violet,49,47
14284,2014,FEMALE,WHITE NON HISPANIC,Naomi,49,47
14285,2014,FEMALE,WHITE NON HISPANIC,Eliana,49,47
14286,2014,FEMALE,WHITE NON HISPANIC,Ruby,48,48
14287,2014,FEMALE,WHITE NON HISPANIC,Devorah,47,49
14288,2014,FEMALE,WHITE NON HISPANIC,Toby,46,50
14289,2014,FEMALE,WHITE NON HISPANIC,Angelina,46,50
14290,2014,FEMALE,WHITE NON HISPANIC,Maria,45,51
14291,2014,FEMALE,WHITE NON HISPANIC,Caroline,45,51
14292,2014,FEMALE,WHITE NON HISPANIC,Valentina,45,51
14293,2014,FEMALE,WHITE NON HISPANIC,Aria,45,51
14294,2014,FEMALE,WHITE NON HISPANIC,Natalie,44,52
14295,2014,FEMALE,WHITE NON HISPANIC,Sienna,44,52
14296,2014,FEMALE,WHITE NON HISPANIC,Beatrice,44,52
14297,2014,FEMALE,WHITE NON HISPANIC,Claire,43,53
14298,2014,FEMALE,WHITE NON HISPANIC,Rebecca,43,53
14299,2014,FEMALE,WHITE NON HISPANIC,Sadie,43,53
14300,2014,FEMALE,WHITE NON HISPANIC,Katherine,42,54
14301,2014,FEMALE,WHITE NON HISPANIC,Eloise,42,54
14302,2014,FEMALE,WHITE NON HISPANIC,Kayla,42,54
14303,2014,FEMALE,WHITE NON HISPANIC,Lila,42,54
14304,2014,FEMALE,WHITE NON HISPANIC,Ariana,41,55
14305,2014,FEMALE,WHITE NON HISPANIC,Harper,41,55
14306,2014,FEMALE,WHITE NON HISPANIC,Nicole,41,55
14307,2014,FEMALE,WHITE NON HISPANIC,Nina,41,55
14308,2014,FEMALE,WHITE NON HISPANIC,Lillian,40,56
14309,2014,FEMALE,WHITE NON HISPANIC,Scarlett,40,56
14310,2014,FEMALE,WHITE NON HISPANIC,Chava,39,57
14311,2014,FEMALE,WHITE NON HISPANIC,Francesca,39,57
14312,2014,FEMALE,WHITE NON HISPANIC,Baila,39,57
14313,2014,FEMALE,WHITE NON HISPANIC,Josephine,39,57
14314,2014,FEMALE,WHITE NON HISPANIC,Gianna,38,58
14315,2014,FEMALE,WHITE NON HISPANIC,Catherine,37,59
14316,2014,FEMALE,WHITE NON HISPANIC,Alexa,37,59
14317,2014,FEMALE,WHITE NON HISPANIC,Alyssa,36,60
14318,2014,FEMALE,WHITE NON HISPANIC,Clara,36,60
14319,2014,FEMALE,WHITE NON HISPANIC,Fiona,36,60
14320,2014,FEMALE,WHITE NON HISPANIC,Vivienne,36,60
14321,2014,FEMALE,WHITE NON HISPANIC,Madeleine,35,61
14322,2014,FEMALE,WHITE NON HISPANIC,Hindy,34,62
14323,2014,FEMALE,WHITE NON HISPANIC,Brooke,33,63
14324,2014,FEMALE,WHITE NON HISPANIC,Bella,33,63
14325,2014,FEMALE,WHITE NON HISPANIC,Audrey,33,63
14326,2014,FEMALE,WHITE NON HISPANIC,Margaret,33,63
14327,2014,FEMALE,WHITE NON HISPANIC,Lauren,33,63
14328,2014,FEMALE,WHITE NON HISPANIC,Dylan,33,63
14329,2014,FEMALE,WHITE NON HISPANIC,Chany,33,63
14330,2014,FEMALE,WHITE NON HISPANIC,Batsheva,32,64
14331,2014,FEMALE,WHITE NON HISPANIC,Juliette,32,64
14332,2014,FEMALE,WHITE NON HISPANIC,Ariella,32,64
14333,2014,FEMALE,WHITE NON HISPANIC,Riley,31,65
14334,2014,FEMALE,WHITE NON HISPANIC,Isla,31,65
14335,2014,FEMALE,WHITE NON HISPANIC,Sury,31,65
14336,2014,FEMALE,WHITE NON HISPANIC,Rochel,31,65
14337,2014,FEMALE,WHITE NON HISPANIC,Ellie,31,65
14338,2014,FEMALE,WHITE NON HISPANIC,Arianna,31,65
14339,2014,FEMALE,WHITE NON HISPANIC,Juliet,31,65
14340,2014,FEMALE,WHITE NON HISPANIC,Nechama,30,66
14341,2014,FEMALE,WHITE NON HISPANIC,Lea,30,66
14342,2014,FEMALE,WHITE NON HISPANIC,Maeve,30,66
14343,2014,FEMALE,WHITE NON HISPANIC,Isabel,30,66
14344,2014,FEMALE,WHITE NON HISPANIC,Pessy,30,66
14345,2014,FEMALE,WHITE NON HISPANIC,Libby,30,66
14346,2014,FEMALE,WHITE NON HISPANIC,Juliana,30,66
14347,2014,FEMALE,WHITE NON HISPANIC,Fraidy,29,67
14348,2014,FEMALE,WHITE NON HISPANIC,Blima,29,67
14349,2014,FEMALE,WHITE NON HISPANIC,Lucia,29,67
14350,2014,FEMALE,WHITE NON HISPANIC,Mindy,29,67
14351,2014,FEMALE,WHITE NON HISPANIC,Lena,28,68
14352,2014,FEMALE,WHITE NON HISPANIC,Dina,28,68
14353,2014,FEMALE,WHITE NON HISPANIC,Yocheved,28,68
14354,2014,FEMALE,WHITE NON HISPANIC,Mary,28,68
14355,2014,FEMALE,WHITE NON HISPANIC,Noa,28,68
14356,2014,FEMALE,WHITE NON HISPANIC,Amina,27,69
14357,2014,FEMALE,WHITE NON HISPANIC,Molly,27,69
14358,2014,FEMALE,WHITE NON HISPANIC,Phoebe,27,69
14359,2014,FEMALE,WHITE NON HISPANIC,Blimy,27,69
14360,2014,FEMALE,WHITE NON HISPANIC,Elena,27,69
14361,2014,FEMALE,WHITE NON HISPANIC,Anastasia,26,70
14362,2014,FEMALE,WHITE NON HISPANIC,Quinn,26,70
14363,2014,FEMALE,WHITE NON HISPANIC,Mackenzie,26,70
14364,2014,FEMALE,WHITE NON HISPANIC,Georgia,26,70
14365,2014,FEMALE,WHITE NON HISPANIC,Zoey,26,70
14366,2014,FEMALE,WHITE NON HISPANIC,Willa,26,70
14367,2014,FEMALE,WHITE NON HISPANIC,Yides,26,70
14368,2014,FEMALE,WHITE NON HISPANIC,Isabelle,26,70
14370,2014,FEMALE,WHITE NON HISPANIC,Annabelle,26,70
14371,2014,FEMALE,WHITE NON HISPANIC,Zissy,25,71
14372,2014,FEMALE,WHITE NON HISPANIC,Jane,25,71
14373,2014,FEMALE,WHITE NON HISPANIC,Savannah,25,71
14374,2014,FEMALE,WHITE NON HISPANIC,Sabrina,25,71
14375,2014,FEMALE,WHITE NON HISPANIC,Sloane,25,71
14376,2014,FEMALE,WHITE NON HISPANIC,Diana,25,71
14377,2014,FEMALE,WHITE NON HISPANIC,Yehudis,25,71
14378,2014,FEMALE,WHITE NON HISPANIC,Faiga,24,72
14379,2014,FEMALE,WHITE NON HISPANIC,Cecilia,24,72
14380,2014,FEMALE,WHITE NON HISPANIC,Taylor,24,72
14381,2014,FEMALE,WHITE NON HISPANIC,Shira,24,72
14382,2014,FEMALE,WHITE NON HISPANIC,Adele,24,72
14383,2014,FEMALE,WHITE NON HISPANIC,Elle,24,72
14384,2014,FEMALE,WHITE NON HISPANIC,Madelyn,24,72
14385,2014,FEMALE,WHITE NON HISPANIC,Hazel,24,72
14386,2014,FEMALE,WHITE NON HISPANIC,Adriana,23,73
14387,2014,FEMALE,WHITE NON HISPANIC,Sydney,23,73
14388,2014,FEMALE,WHITE NON HISPANIC,Laila,23,73
14389,2014,FEMALE,WHITE NON HISPANIC,Daniella,23,73
14390,2014,FEMALE,WHITE NON HISPANIC,Devora,23,73
14391,2014,FEMALE,WHITE NON HISPANIC,Danielle,23,73
14392,2014,FEMALE,WHITE NON HISPANIC,Alexis,23,73
14393,2014,FEMALE,WHITE NON HISPANIC,Michelle,23,73
14394,2014,FEMALE,WHITE NON HISPANIC,Pearl,23,73
14395,2014,FEMALE,WHITE NON HISPANIC,Liba,23,73
14396,2014,FEMALE,WHITE NON HISPANIC,Giuliana,23,73
14397,2014,FEMALE,WHITE NON HISPANIC,Maryam,23,73
14398,2014,FEMALE,WHITE NON HISPANIC,Genevieve,23,73
14399,2014,FEMALE,WHITE NON HISPANIC,Jenna,23,73
14400,2014,FEMALE,WHITE NON HISPANIC,Adina,22,74
14401,2014,FEMALE,WHITE NON HISPANIC,Bracha,22,74
14402,2014,FEMALE,WHITE NON HISPANIC,Reese,22,74
14403,2014,FEMALE,WHITE NON HISPANIC,Esty,22,74
14404,2014,FEMALE,WHITE NON HISPANIC,Simone,22,74
14405,2014,FEMALE,WHITE NON HISPANIC,Addison,22,74
14406,2014,FEMALE,WHITE NON HISPANIC,Laura,22,74
14407,2014,FEMALE,WHITE NON HISPANIC,Frances,22,74
14408,2014,FEMALE,WHITE NON HISPANIC,Liliana,22,74
14409,2014,FEMALE,WHITE NON HISPANIC,Hailey,22,74
14410,2014,FEMALE,WHITE NON HISPANIC,Paige,22,74
14411,2014,FEMALE,WHITE NON HISPANIC,Ahuva,22,74
14412,2014,FEMALE,WHITE NON HISPANIC,Shifra,21,75
14413,2014,FEMALE,WHITE NON HISPANIC,Eliza,21,75
14414,2014,FEMALE,WHITE NON HISPANIC,Alessia,20,76
14415,2014,FEMALE,WHITE NON HISPANIC,Lola,20,76
14416,2014,FEMALE,WHITE NON HISPANIC,Henchy,20,76
14417,2014,FEMALE,WHITE NON HISPANIC,Ivy,20,76
14418,2014,FEMALE,WHITE NON HISPANIC,Charlie,20,76
14419,2014,FEMALE,WHITE NON HISPANIC,Piper,19,77
14420,2014,FEMALE,WHITE NON HISPANIC,Aurora,19,77
14421,2014,FEMALE,WHITE NON HISPANIC,Margot,19,77
14422,2014,FEMALE,WHITE NON HISPANIC,Milana,19,77
14423,2014,FEMALE,WHITE NON HISPANIC,Shoshana,19,77
14424,2014,FEMALE,WHITE NON HISPANIC,Adelaide,19,77
14425,2014,FEMALE,WHITE NON HISPANIC,Amira,19,77
14426,2014,FEMALE,WHITE NON HISPANIC,Mariam,19,77
14427,2014,FEMALE,WHITE NON HISPANIC,Hadley,19,77
14428,2014,FEMALE,WHITE NON HISPANIC,Alina,19,77
14429,2014,FEMALE,WHITE NON HISPANIC,Lyla,19,77
14430,2014,FEMALE,WHITE NON HISPANIC,Cora,19,77
14431,2014,FEMALE,WHITE NON HISPANIC,Perel,19,77
14432,2014,FEMALE,WHITE NON HISPANIC,Olive,19,77
14433,2014,FEMALE,WHITE NON HISPANIC,Jasmine,19,77
14434,2014,FEMALE,WHITE NON HISPANIC,Etty,18,78
14435,2014,FEMALE,WHITE NON HISPANIC,Alessandra,18,78
14436,2014,FEMALE,WHITE NON HISPANIC,Golda,18,78
14437,2014,FEMALE,WHITE NON HISPANIC,Ayla,18,78
14438,2014,FEMALE,WHITE NON HISPANIC,Henny,18,78
14439,2014,FEMALE,WHITE NON HISPANIC,Veronica,18,78
14440,2014,FEMALE,WHITE NON HISPANIC,Matilda,18,78
14441,2014,FEMALE,WHITE NON HISPANIC,Eve,18,78
14442,2014,FEMALE,WHITE NON HISPANIC,Bruchy,17,79
14444,2014,FEMALE,WHITE NON HISPANIC,Perl,17,79
14445,2014,FEMALE,WHITE NON HISPANIC,Ruchy,17,79
14446,2014,FEMALE,WHITE NON HISPANIC,Lara,17,79
14447,2014,FEMALE,WHITE NON HISPANIC,Parker,17,79
14448,2014,FEMALE,WHITE NON HISPANIC,Hanna,17,79
14449,2014,FEMALE,WHITE NON HISPANIC,Gemma,17,79
14450,2014,FEMALE,WHITE NON HISPANIC,Julianna,17,79
14451,2014,FEMALE,WHITE NON HISPANIC,Mira,17,79
14452,2014,FEMALE,WHITE NON HISPANIC,Helen,17,79
14453,2014,FEMALE,WHITE NON HISPANIC,Gia,17,79
14454,2014,FEMALE,WHITE NON HISPANIC,Emerson,17,79
14455,2014,FEMALE,WHITE NON HISPANIC,Goldy,17,79
14456,2014,FEMALE,WHITE NON HISPANIC,Antonia,17,79
14457,2014,FEMALE,WHITE NON HISPANIC,Kate,17,79
14458,2014,FEMALE,WHITE NON HISPANIC,Aliza,17,79
14459,2014,FEMALE,WHITE NON HISPANIC,Skylar,17,79
14460,2014,FEMALE,WHITE NON HISPANIC,Helena,17,79
14461,2014,FEMALE,WHITE NON HISPANIC,Camilla,17,79
14462,2014,FEMALE,WHITE NON HISPANIC,Liv,16,80
14463,2014,FEMALE,WHITE NON HISPANIC,Jacqueline,16,80
14464,2014,FEMALE,WHITE NON HISPANIC,Serena,16,80
14465,2014,FEMALE,WHITE NON HISPANIC,Luna,16,80
14466,2014,FEMALE,WHITE NON HISPANIC,Sylvia,16,80
14467,2014,FEMALE,WHITE NON HISPANIC,Yael,16,80
14468,2014,FEMALE,WHITE NON HISPANIC,Siena,16,80
14469,2014,FEMALE,WHITE NON HISPANIC,Brianna,16,80
14470,2014,FEMALE,WHITE NON HISPANIC,Lilly,16,80
14471,2014,FEMALE,WHITE NON HISPANIC,Daphne,16,80
14472,2014,FEMALE,WHITE NON HISPANIC,Mikayla,15,81
14473,2014,FEMALE,WHITE NON HISPANIC,Liana,15,81
14474,2014,FEMALE,WHITE NON HISPANIC,Peyton,15,81
14475,2014,FEMALE,WHITE NON HISPANIC,Kaylee,15,81
14476,2014,FEMALE,WHITE NON HISPANIC,Raizel,15,81
14477,2014,FEMALE,WHITE NON HISPANIC,Shaindel,15,81
14478,2014,FEMALE,WHITE NON HISPANIC,Noor,15,81
14479,2014,FEMALE,WHITE NON HISPANIC,Bianca,15,81
14480,2014,FEMALE,WHITE NON HISPANIC,Colette,15,81
14481,2014,FEMALE,WHITE NON HISPANIC,Mirel,15,81
14482,2014,FEMALE,WHITE NON HISPANIC,Gabrielle,15,81
14483,2014,FEMALE,WHITE NON HISPANIC,Leila,14,82
14484,2014,FEMALE,WHITE NON HISPANIC,Poppy,14,82
14485,2014,FEMALE,WHITE NON HISPANIC,Ashley,14,82
14486,2014,FEMALE,WHITE NON HISPANIC,Maisie,14,82
14487,2014,FEMALE,WHITE NON HISPANIC,Jessica,14,82
14488,2014,FEMALE,WHITE NON HISPANIC,Frady,14,82
14489,2014,FEMALE,WHITE NON HISPANIC,Aviva,14,82
14490,2014,FEMALE,WHITE NON HISPANIC,Allison,14,82
14491,2014,FEMALE,WHITE NON HISPANIC,Juniper,14,82
14492,2014,FEMALE,WHITE NON HISPANIC,Julie,14,82
14493,2014,FEMALE,WHITE NON HISPANIC,Anisa,14,82
14494,2014,FEMALE,WHITE NON HISPANIC,Everly,14,82
14495,2014,FEMALE,WHITE NON HISPANIC,Tzipora,14,82
14496,2014,FEMALE,WHITE NON HISPANIC,Morgan,14,82
14497,2014,FEMALE,WHITE NON HISPANIC,Aya,14,82
14498,2014,FEMALE,WHITE NON HISPANIC,Sima,14,82
14499,2014,FEMALE,WHITE NON HISPANIC,Eden,14,82
14500,2014,FEMALE,WHITE NON HISPANIC,Lydia,14,82
14501,2014,FEMALE,WHITE NON HISPANIC,Iris,14,82
14502,2014,FEMALE,WHITE NON HISPANIC,Esme,14,82
14503,2014,FEMALE,WHITE NON HISPANIC,Malak,14,82
14504,2014,FEMALE,WHITE NON HISPANIC,Chavy,13,83
14505,2014,FEMALE,WHITE NON HISPANIC,Carolina,13,83
14506,2014,FEMALE,WHITE NON HISPANIC,Livia,13,83
14507,2014,FEMALE,WHITE NON HISPANIC,Brucha,13,83
14508,2014,FEMALE,WHITE NON HISPANIC,Kira,13,83
14509,2014,FEMALE,WHITE NON HISPANIC,Atara,13,83
14510,2014,FEMALE,WHITE NON HISPANIC,Ariel,13,83
14511,2014,FEMALE,WHITE NON HISPANIC,Hadassah,13,83
14512,2014,FEMALE,WHITE NON HISPANIC,Alisa,13,83
14513,2014,FEMALE,WHITE NON HISPANIC,Aisha,13,83
14514,2014,FEMALE,WHITE NON HISPANIC,June,13,83
14515,2014,FEMALE,WHITE NON HISPANIC,Gabriela,13,83
14516,2014,FEMALE,WHITE NON HISPANIC,Tessa,13,83
14517,2014,FEMALE,WHITE NON HISPANIC,Suri,13,83
14518,2014,FEMALE,WHITE NON HISPANIC,Summer,13,83
14519,2014,FEMALE,WHITE NON HISPANIC,Giovanna,13,83
14520,2014,FEMALE,WHITE NON HISPANIC,Layan,13,83
14521,2014,FEMALE,WHITE NON HISPANIC,Shaina,13,83
14522,2014,FEMALE,WHITE NON HISPANIC,Melanie,13,83
14523,2014,FEMALE,WHITE NON HISPANIC,Roizy,13,83
14524,2014,FEMALE,WHITE NON HISPANIC,Noelle,13,83
14525,2014,FEMALE,WHITE NON HISPANIC,Perry,13,83
14526,2014,FEMALE,WHITE NON HISPANIC,Natalia,13,83
14527,2014,FEMALE,WHITE NON HISPANIC,Nadia,13,83
14528,2014,FEMALE,WHITE NON HISPANIC,Michaela,13,83
14529,2014,FEMALE,WHITE NON HISPANIC,Menucha,13,83
14530,2014,FEMALE,WHITE NON HISPANIC,Lina,13,83
14531,2014,FEMALE,WHITE NON HISPANIC,Lana,13,83
14532,2014,FEMALE,WHITE NON HISPANIC,Kylie,13,83
14533,2014,FEMALE,WHITE NON HISPANIC,Keira,13,83
14534,2014,FEMALE,WHITE NON HISPANIC,Elsa,13,83
14535,2014,FEMALE,WHITE NON HISPANIC,Dahlia,13,83
14536,2014,FEMALE,WHITE NON HISPANIC,Vera,12,84
14537,2014,FEMALE,WHITE NON HISPANIC,Evie,12,84
14538,2014,FEMALE,WHITE NON HISPANIC,Sasha,12,84
14539,2014,FEMALE,WHITE NON HISPANIC,Elisheva,12,84
14540,2014,FEMALE,WHITE NON HISPANIC,Frimet,12,84
14541,2014,FEMALE,WHITE NON HISPANIC,Shayna,12,84
14542,2014,FEMALE,WHITE NON HISPANIC,Trany,12,84
14543,2014,FEMALE,WHITE NON HISPANIC,Mushka,12,84
14544,2014,FEMALE,WHITE NON HISPANIC,Angelica,12,84
14545,2014,FEMALE,WHITE NON HISPANIC,Ada,12,84
14546,2014,FEMALE,WHITE NON HISPANIC,Mina,12,84
14547,2014,FEMALE,WHITE NON HISPANIC,Lia,12,84
14548,2014,FEMALE,WHITE NON HISPANIC,Yasmine,12,84
14549,2014,FEMALE,WHITE NON HISPANIC,Giselle,12,84
14550,2014,FEMALE,WHITE NON HISPANIC,Zelda,12,84
14551,2014,FEMALE,WHITE NON HISPANIC,Adeline,12,84
14552,2014,FEMALE,WHITE NON HISPANIC,Tamar,12,84
14553,2014,FEMALE,WHITE NON HISPANIC,Tziporah,12,84
14554,2014,FEMALE,WHITE NON HISPANIC,Louisa,12,84
14555,2014,FEMALE,WHITE NON HISPANIC,Hana,12,84
14556,2014,FEMALE,WHITE NON HISPANIC,Avigail,12,84
14557,2014,FEMALE,WHITE NON HISPANIC,Brielle,12,84
14558,2014,FEMALE,WHITE NON HISPANIC,Camille,11,85
14559,2014,FEMALE,WHITE NON HISPANIC,Emmeline,11,85
14560,2014,FEMALE,WHITE NON HISPANIC,Thea,11,85
14561,2014,FEMALE,WHITE NON HISPANIC,Evangeline,11,85
14562,2014,FEMALE,WHITE NON HISPANIC,Rena,11,85
14563,2014,FEMALE,WHITE NON HISPANIC,Jasmina,11,85
14564,2014,FEMALE,WHITE NON HISPANIC,Adelina,11,85
14565,2014,FEMALE,WHITE NON HISPANIC,Khloe,11,85
14566,2014,FEMALE,WHITE NON HISPANIC,Ana,11,85
14567,2014,FEMALE,WHITE NON HISPANIC,Alma,11,85
14568,2014,FEMALE,WHITE NON HISPANIC,Cecelia,11,85
14569,2014,FEMALE,WHITE NON HISPANIC,Fradel,11,85
14570,2014,FEMALE,WHITE NON HISPANIC,Harlow,11,85
14571,2014,FEMALE,WHITE NON HISPANIC,Ruth,11,85
14572,2014,FEMALE,WHITE NON HISPANIC,Aziza,11,85
14573,2014,FEMALE,WHITE NON HISPANIC,Blake,11,85
14574,2014,FEMALE,WHITE NON HISPANIC,Caitlin,11,85
14575,2014,FEMALE,WHITE NON HISPANIC,Bridget,11,85
14576,2014,FEMALE,WHITE NON HISPANIC,Jordyn,11,85
14577,2014,FEMALE,WHITE NON HISPANIC,Rifky,11,85
14578,2014,FEMALE,WHITE NON HISPANIC,Christina,11,85
14579,2014,FEMALE,WHITE NON HISPANIC,Clementine,11,85
14580,2014,FEMALE,WHITE NON HISPANIC,Lilah,11,85
14581,2014,FEMALE,WHITE NON HISPANIC,Fatima,11,85
14582,2014,FEMALE,WHITE NON HISPANIC,Goldie,11,85
14583,2014,FEMALE,WHITE NON HISPANIC,Yasmina,11,85
14584,2014,FEMALE,WHITE NON HISPANIC,Marielle,11,85
14585,2014,FEMALE,WHITE NON HISPANIC,Mae,11,85
14586,2014,FEMALE,WHITE NON HISPANIC,Tess,11,85
14587,2014,FEMALE,WHITE NON HISPANIC,Barbara,10,86
14588,2014,FEMALE,WHITE NON HISPANIC,Brynn,10,86
14589,2014,FEMALE,WHITE NON HISPANIC,Ruchel,10,86
14590,2014,FEMALE,WHITE NON HISPANIC,Anne,10,86
14591,2014,FEMALE,WHITE NON HISPANIC,Jana,10,86
14592,2014,FEMALE,WHITE NON HISPANIC,Delilah,10,86
14593,2014,FEMALE,WHITE NON HISPANIC,Eleni,10,86
14594,2014,FEMALE,WHITE NON HISPANIC,Kaitlyn,10,86
14595,2014,FEMALE,WHITE NON HISPANIC,Reizy,10,86
14596,2014,FEMALE,WHITE NON HISPANIC,Avital,10,86
14597,2014,FEMALE,WHITE NON HISPANIC,Cassidy,10,86
14598,2014,FEMALE,WHITE NON HISPANIC,Rosa,10,86
14599,2014,FEMALE,WHITE NON HISPANIC,Rowan,10,86
14600,2014,FEMALE,WHITE NON HISPANIC,Carly,10,86
14601,2014,FEMALE,WHITE NON HISPANIC,Kennedy,10,86
14602,2014,FEMALE,WHITE NON HISPANIC,Linda,10,86
14603,2014,FEMALE,WHITE NON HISPANIC,Amanda,10,86
14604,2014,FEMALE,WHITE NON HISPANIC,Adrianna,10,86
14605,2014,FEMALE,WHITE NON HISPANIC,Camila,10,86
14606,2014,FEMALE,WHITE NON HISPANIC,Salma,10,86
14607,2014,FEMALE,WHITE NON HISPANIC,Leora,10,86
14608,2014,FEMALE,WHITE NON HISPANIC,Samira,10,86
14609,2014,FEMALE,WHITE NON HISPANIC,Amelie,10,86
14610,2014,FEMALE,WHITE NON HISPANIC,Lilian,10,86
14611,2014,FEMALE,WHITE NON HISPANIC,Ayala,10,86
14612,2014,FEMALE,WHITE NON HISPANIC,Hinda,10,86
14613,2014,FEMALE,WHITE NON HISPANIC,Sylvie,10,86
14614,2014,FEMALE,WHITE NON HISPANIC,Ester,10,86
14615,2014,FEMALE,WHITE NON HISPANIC,Athena,10,86
14616,2014,FEMALE,WHITE NON HISPANIC,Erin,10,86
14617,2014,FEMALE,WHITE NON HISPANIC,Celia,10,86
14618,2014,FEMALE,WHITE NON HISPANIC,Celine,10,86
15626,2013,FEMALE,ASIAN AND PACIFIC ISLANDER,Sophia,124,1
15627,2013,FEMALE,ASIAN AND PACIFIC ISLANDER,Chloe,122,2
15628,2013,FEMALE,ASIAN AND PACIFIC ISLANDER,Olivia,109,3
15629,2013,FEMALE,ASIAN AND PACIFIC ISLANDER,Emily,92,4
15630,2013,FEMALE,ASIAN AND PACIFIC ISLANDER,Emma,79,5
15631,2013,FEMALE,ASIAN AND PACIFIC ISLANDER,Isabella,71,6
15632,2013,FEMALE,ASIAN AND PACIFIC ISLANDER,Angela,56,7
15633,2013,FEMALE,ASIAN AND PACIFIC ISLANDER,Mia,55,8
15634,2013,FEMALE,ASIAN AND PACIFIC ISLANDER,Grace,51,9
15635,2013,FEMALE,ASIAN AND PACIFIC ISLANDER,Zoe,49,10
15636,2013,FEMALE,ASIAN AND PACIFIC ISLANDER,Ava,47,11
15637,2013,FEMALE,ASIAN AND PACIFIC ISLANDER,Ashley,47,11
15638,2013,FEMALE,ASIAN AND PACIFIC ISLANDER,Hannah,46,12
15639,2013,FEMALE,ASIAN AND PACIFIC ISLANDER,Sarah,43,13
15640,2013,FEMALE,ASIAN AND PACIFIC ISLANDER,Vivian,41,14
15641,2013,FEMALE,ASIAN AND PACIFIC ISLANDER,Fiona,37,15
15642,2013,FEMALE,ASIAN AND PACIFIC ISLANDER,Evelyn,36,16
15643,2013,FEMALE,ASIAN AND PACIFIC ISLANDER,Victoria,36,16
15644,2013,FEMALE,ASIAN AND PACIFIC ISLANDER,Alice,35,17
15645,2013,FEMALE,ASIAN AND PACIFIC ISLANDER,Hailey,35,17
15647,2013,FEMALE,ASIAN AND PACIFIC ISLANDER,Anna,35,17
15648,2013,FEMALE,ASIAN AND PACIFIC ISLANDER,Nicole,34,18
15649,2013,FEMALE,ASIAN AND PACIFIC ISLANDER,Sophie,34,18
15650,2013,FEMALE,ASIAN AND PACIFIC ISLANDER,Abigail,34,18
15651,2013,FEMALE,ASIAN AND PACIFIC ISLANDER,Ivy,34,18
15652,2013,FEMALE,ASIAN AND PACIFIC ISLANDER,Claire,33,19
15653,2013,FEMALE,ASIAN AND PACIFIC ISLANDER,Amelia,32,20
15654,2013,FEMALE,ASIAN AND PACIFIC ISLANDER,Alina,32,20
15655,2013,FEMALE,ASIAN AND PACIFIC ISLANDER,Rachel,32,20
15656,2013,FEMALE,ASIAN AND PACIFIC ISLANDER,Joanna,32,20
15657,2013,FEMALE,ASIAN AND PACIFIC ISLANDER,Tenzin,31,21
15658,2013,FEMALE,ASIAN AND PACIFIC ISLANDER,Ella,31,21
15659,2013,FEMALE,ASIAN AND PACIFIC ISLANDER,Audrey,31,21
15660,2013,FEMALE,ASIAN AND PACIFIC ISLANDER,Michelle,31,21
15661,2013,FEMALE,ASIAN AND PACIFIC ISLANDER,Katherine,30,22
15662,2013,FEMALE,ASIAN AND PACIFIC ISLANDER,Madison,29,23
15663,2013,FEMALE,ASIAN AND PACIFIC ISLANDER,Sofia,29,23
15664,2013,FEMALE,ASIAN AND PACIFIC ISLANDER,Angelina,28,24
15665,2013,FEMALE,ASIAN AND PACIFIC ISLANDER,Joy,28,24
15666,2013,FEMALE,ASIAN AND PACIFIC ISLANDER,Eva,28,24
15667,2013,FEMALE,ASIAN AND PACIFIC ISLANDER,Iris,27,25
15668,2013,FEMALE,ASIAN AND PACIFIC ISLANDER,Ariana,27,25
15669,2013,FEMALE,ASIAN AND PACIFIC ISLANDER,Alyssa,27,25
15670,2013,FEMALE,ASIAN AND PACIFIC ISLANDER,Winnie,26,26
15671,2013,FEMALE,ASIAN AND PACIFIC ISLANDER,Fatima,26,26
15672,2013,FEMALE,ASIAN AND PACIFIC ISLANDER,Arya,26,26
15673,2013,FEMALE,ASIAN AND PACIFIC ISLANDER,Aleena,26,26
15674,2013,FEMALE,ASIAN AND PACIFIC ISLANDER,Natalie,25,27
15675,2013,FEMALE,ASIAN AND PACIFIC ISLANDER,Lily,25,27
15676,2013,FEMALE,ASIAN AND PACIFIC ISLANDER,Aria,25,27
15677,2013,FEMALE,ASIAN AND PACIFIC ISLANDER,Kayla,25,27
15678,2013,FEMALE,ASIAN AND PACIFIC ISLANDER,Zainab,24,28
15679,2013,FEMALE,ASIAN AND PACIFIC ISLANDER,Zoey,24,28
15680,2013,FEMALE,ASIAN AND PACIFIC ISLANDER,Bella,24,28
15681,2013,FEMALE,ASIAN AND PACIFIC ISLANDER,Elizabeth,24,28
15682,2013,FEMALE,ASIAN AND PACIFIC ISLANDER,Catherine,23,29
15683,2013,FEMALE,ASIAN AND PACIFIC ISLANDER,Kaitlyn,23,29
15684,2013,FEMALE,ASIAN AND PACIFIC ISLANDER,Sara,23,29
15685,2013,FEMALE,ASIAN AND PACIFIC ISLANDER,Jessica,23,29
15686,2013,FEMALE,ASIAN AND PACIFIC ISLANDER,Maggie,23,29
15687,2013,FEMALE,ASIAN AND PACIFIC ISLANDER,Maya,23,29
15688,2013,FEMALE,ASIAN AND PACIFIC ISLANDER,Tiffany,23,29
15689,2013,FEMALE,ASIAN AND PACIFIC ISLANDER,Selina,22,30
15690,2013,FEMALE,ASIAN AND PACIFIC ISLANDER,Zara,22,30
15691,2013,FEMALE,ASIAN AND PACIFIC ISLANDER,Amber,22,30
15692,2013,FEMALE,ASIAN AND PACIFIC ISLANDER,Jenny,22,30
15693,2013,FEMALE,ASIAN AND PACIFIC ISLANDER,Leah,21,31
15694,2013,FEMALE,ASIAN AND PACIFIC ISLANDER,Kimberly,21,31
15695,2013,FEMALE,ASIAN AND PACIFIC ISLANDER,Maryam,21,31
15696,2013,FEMALE,ASIAN AND PACIFIC ISLANDER,Samantha,21,31
15697,2013,FEMALE,ASIAN AND PACIFIC ISLANDER,Charlotte,21,31
15698,2013,FEMALE,ASIAN AND PACIFIC ISLANDER,Irene,21,31
15699,2013,FEMALE,ASIAN AND PACIFIC ISLANDER,Vicky,20,32
15700,2013,FEMALE,ASIAN AND PACIFIC ISLANDER,Rebecca,20,32
15701,2013,FEMALE,ASIAN AND PACIFIC ISLANDER,Ayesha,20,32
15702,2013,FEMALE,ASIAN AND PACIFIC ISLANDER,Jasmine,19,33
15703,2013,FEMALE,ASIAN AND PACIFIC ISLANDER,Avery,19,33
15704,2013,FEMALE,ASIAN AND PACIFIC ISLANDER,Amy,19,33
15705,2013,FEMALE,ASIAN AND PACIFIC ISLANDER,Cindy,19,33
15706,2013,FEMALE,ASIAN AND PACIFIC ISLANDER,Jocelyn,19,33
15707,2013,FEMALE,ASIAN AND PACIFIC ISLANDER,Caroline,19,33
15708,2013,FEMALE,ASIAN AND PACIFIC ISLANDER,Ariel,19,33
15709,2013,FEMALE,ASIAN AND PACIFIC ISLANDER,Kaylee,19,33
15710,2013,FEMALE,ASIAN AND PACIFIC ISLANDER,Melody,19,33
15711,2013,FEMALE,ASIAN AND PACIFIC ISLANDER,Annie,18,34
15712,2013,FEMALE,ASIAN AND PACIFIC ISLANDER,Ellie,18,34
15713,2013,FEMALE,ASIAN AND PACIFIC ISLANDER,Aisha,18,34
15714,2013,FEMALE,ASIAN AND PACIFIC ISLANDER,Cynthia,18,34
15715,2013,FEMALE,ASIAN AND PACIFIC ISLANDER,Angel,18,34
15716,2013,FEMALE,ASIAN AND PACIFIC ISLANDER,Nina,18,34
15717,2013,FEMALE,ASIAN AND PACIFIC ISLANDER,Eileen,18,34
15718,2013,FEMALE,ASIAN AND PACIFIC ISLANDER,Celine,17,35
15719,2013,FEMALE,ASIAN AND PACIFIC ISLANDER,Sharon,17,35
15720,2013,FEMALE,ASIAN AND PACIFIC ISLANDER,Elaine,17,35
15721,2013,FEMALE,ASIAN AND PACIFIC ISLANDER,Jennifer,16,36
15722,2013,FEMALE,ASIAN AND PACIFIC ISLANDER,Zoya,16,36
15723,2013,FEMALE,ASIAN AND PACIFIC ISLANDER,Anaya,16,36
15724,2013,FEMALE,ASIAN AND PACIFIC ISLANDER,Arianna,16,36
15725,2013,FEMALE,ASIAN AND PACIFIC ISLANDER,Kelly,16,36
15726,2013,FEMALE,ASIAN AND PACIFIC ISLANDER,Erin,16,36
15727,2013,FEMALE,ASIAN AND PACIFIC ISLANDER,Isabelle,15,37
15728,2013,FEMALE,ASIAN AND PACIFIC ISLANDER,Anya,15,37
15729,2013,FEMALE,ASIAN AND PACIFIC ISLANDER,Shirley,15,37
15730,2013,FEMALE,ASIAN AND PACIFIC ISLANDER,Julia,15,37
15731,2013,FEMALE,ASIAN AND PACIFIC ISLANDER,Christine,15,37
15732,2013,FEMALE,ASIAN AND PACIFIC ISLANDER,Crystal,15,37
15733,2013,FEMALE,ASIAN AND PACIFIC ISLANDER,Selena,15,37
15734,2013,FEMALE,ASIAN AND PACIFIC ISLANDER,Abby,15,37
15735,2013,FEMALE,ASIAN AND PACIFIC ISLANDER,Manha,14,38
15736,2013,FEMALE,ASIAN AND PACIFIC ISLANDER,Zahra,14,38
15737,2013,FEMALE,ASIAN AND PACIFIC ISLANDER,Joyce,14,38
15738,2013,FEMALE,ASIAN AND PACIFIC ISLANDER,Serena,14,38
15739,2013,FEMALE,ASIAN AND PACIFIC ISLANDER,Riya,14,38
15740,2013,FEMALE,ASIAN AND PACIFIC ISLANDER,Jenna,14,38
15741,2013,FEMALE,ASIAN AND PACIFIC ISLANDER,Christina,14,38
15742,2013,FEMALE,ASIAN AND PACIFIC ISLANDER,Daphne,14,38
15743,2013,FEMALE,ASIAN AND PACIFIC ISLANDER,Madelyn,14,38
15744,2013,FEMALE,ASIAN AND PACIFIC ISLANDER,Megan,14,38
15745,2013,FEMALE,ASIAN AND PACIFIC ISLANDER,Chelsea,14,38
15746,2013,FEMALE,ASIAN AND PACIFIC ISLANDER,Tina,13,39
15747,2013,FEMALE,ASIAN AND PACIFIC ISLANDER,Keira,13,39
15748,2013,FEMALE,ASIAN AND PACIFIC ISLANDER,Sydney,13,39
15749,2013,FEMALE,ASIAN AND PACIFIC ISLANDER,Lauren,13,39
15750,2013,FEMALE,ASIAN AND PACIFIC ISLANDER,Summer,13,39
15751,2013,FEMALE,ASIAN AND PACIFIC ISLANDER,Josephine,13,39
15752,2013,FEMALE,ASIAN AND PACIFIC ISLANDER,Stephanie,13,39
15753,2013,FEMALE,ASIAN AND PACIFIC ISLANDER,Stella,13,39
15754,2013,FEMALE,ASIAN AND PACIFIC ISLANDER,Anika,13,39
15755,2013,FEMALE,ASIAN AND PACIFIC ISLANDER,Inaaya,13,39
15756,2013,FEMALE,ASIAN AND PACIFIC ISLANDER,Isabel,13,39
15757,2013,FEMALE,ASIAN AND PACIFIC ISLANDER,Elena,13,39
15758,2013,FEMALE,ASIAN AND PACIFIC ISLANDER,Miranda,13,39
15759,2013,FEMALE,ASIAN AND PACIFIC ISLANDER,Scarlett,13,39
15760,2013,FEMALE,ASIAN AND PACIFIC ISLANDER,Helen,13,39
15761,2013,FEMALE,ASIAN AND PACIFIC ISLANDER,Naomi,12,40
15762,2013,FEMALE,ASIAN AND PACIFIC ISLANDER,Kate,12,40
15763,2013,FEMALE,ASIAN AND PACIFIC ISLANDER,Katelyn,12,40
15764,2013,FEMALE,ASIAN AND PACIFIC ISLANDER,Allison,12,40
15765,2013,FEMALE,ASIAN AND PACIFIC ISLANDER,Karen,12,40
15766,2013,FEMALE,ASIAN AND PACIFIC ISLANDER,Elina,12,40
15767,2013,FEMALE,ASIAN AND PACIFIC ISLANDER,Cecilia,12,40
15768,2013,FEMALE,ASIAN AND PACIFIC ISLANDER,Raina,12,40
15769,2013,FEMALE,ASIAN AND PACIFIC ISLANDER,Sabrina,12,40
15770,2013,FEMALE,ASIAN AND PACIFIC ISLANDER,Queenie,12,40
15771,2013,FEMALE,ASIAN AND PACIFIC ISLANDER,Carina,11,41
15772,2013,FEMALE,ASIAN AND PACIFIC ISLANDER,Jamie,11,41
15773,2013,FEMALE,ASIAN AND PACIFIC ISLANDER,Syeda,11,41
15774,2013,FEMALE,ASIAN AND PACIFIC ISLANDER,Jannat,11,41
15775,2013,FEMALE,ASIAN AND PACIFIC ISLANDER,Alexandra,11,41
15776,2013,FEMALE,ASIAN AND PACIFIC ISLANDER,Samara,11,41
15777,2013,FEMALE,ASIAN AND PACIFIC ISLANDER,Elise,11,41
15778,2013,FEMALE,ASIAN AND PACIFIC ISLANDER,Sylvia,11,41
15779,2013,FEMALE,ASIAN AND PACIFIC ISLANDER,Sarina,11,41
15780,2013,FEMALE,ASIAN AND PACIFIC ISLANDER,Penelope,11,41
15781,2013,FEMALE,ASIAN AND PACIFIC ISLANDER,Amanda,11,41
15782,2013,FEMALE,ASIAN AND PACIFIC ISLANDER,Karina,11,41
15783,2013,FEMALE,ASIAN AND PACIFIC ISLANDER,Madeline,11,41
15784,2013,FEMALE,HISPANIC,Britney,14,74
15785,2013,FEMALE,ASIAN AND PACIFIC ISLANDER,Hana,11,41
15786,2013,FEMALE,ASIAN AND PACIFIC ISLANDER,Linda,10,42
15787,2013,FEMALE,ASIAN AND PACIFIC ISLANDER,Jessie,10,42
15788,2013,FEMALE,ASIAN AND PACIFIC ISLANDER,Emaan,10,42
15789,2013,FEMALE,ASIAN AND PACIFIC ISLANDER,Vanessa,10,42
15790,2013,FEMALE,ASIAN AND PACIFIC ISLANDER,Connie,10,42
15791,2013,FEMALE,ASIAN AND PACIFIC ISLANDER,Ada,10,42
15792,2013,FEMALE,ASIAN AND PACIFIC ISLANDER,Athena,10,42
15793,2013,FEMALE,ASIAN AND PACIFIC ISLANDER,Sunny,10,42
15794,2013,FEMALE,ASIAN AND PACIFIC ISLANDER,Annabelle,10,42
15795,2013,FEMALE,ASIAN AND PACIFIC ISLANDER,Lena,10,42
15796,2013,FEMALE,ASIAN AND PACIFIC ISLANDER,Ananya,10,42
15797,2013,FEMALE,ASIAN AND PACIFIC ISLANDER,Annika,10,42
15798,2013,FEMALE,ASIAN AND PACIFIC ISLANDER,Eunice,10,42
15799,2013,FEMALE,ASIAN AND PACIFIC ISLANDER,Leila,10,42
15800,2013,FEMALE,ASIAN AND PACIFIC ISLANDER,Lillian,10,42
15801,2013,FEMALE,ASIAN AND PACIFIC ISLANDER,Leela,10,42
15802,2013,FEMALE,ASIAN AND PACIFIC ISLANDER,Layla,10,42
15803,2013,FEMALE,BLACK NON HISPANIC,Madison,134,1
15804,2013,FEMALE,BLACK NON HISPANIC,London,76,2
15805,2013,FEMALE,BLACK NON HISPANIC,Aaliyah,73,3
15806,2013,FEMALE,BLACK NON HISPANIC,Ava,70,4
15807,2013,FEMALE,BLACK NON HISPANIC,Chloe,68,5
15808,2013,FEMALE,BLACK NON HISPANIC,Olivia,64,6
15809,2013,FEMALE,BLACK NON HISPANIC,Taylor,57,7
15810,2013,FEMALE,BLACK NON HISPANIC,Kayla,56,8
15811,2013,FEMALE,BLACK NON HISPANIC,Serenity,54,9
15812,2013,FEMALE,BLACK NON HISPANIC,Brielle,51,10
15813,2013,FEMALE,BLACK NON HISPANIC,Abigail,48,11
15814,2013,FEMALE,BLACK NON HISPANIC,Arianna,48,11
15815,2013,FEMALE,BLACK NON HISPANIC,Nevaeh,48,11
15816,2013,FEMALE,BLACK NON HISPANIC,Isabella,47,12
15817,2013,FEMALE,BLACK NON HISPANIC,Zoe,45,13
15818,2013,FEMALE,BLACK NON HISPANIC,Makayla,45,13
15819,2013,FEMALE,BLACK NON HISPANIC,Faith,45,13
15820,2013,FEMALE,BLACK NON HISPANIC,Ariel,45,13
15821,2013,FEMALE,BLACK NON HISPANIC,Fatoumata,44,14
15822,2013,FEMALE,BLACK NON HISPANIC,Naomi,43,15
15823,2013,FEMALE,BLACK NON HISPANIC,Leah,43,15
15824,2013,FEMALE,BLACK NON HISPANIC,Skylar,42,16
15825,2013,FEMALE,BLACK NON HISPANIC,Khloe,41,17
15826,2013,FEMALE,BLACK NON HISPANIC,Mia,39,18
15827,2013,FEMALE,BLACK NON HISPANIC,Victoria,39,18
15828,2013,FEMALE,BLACK NON HISPANIC,Laila,38,19
15829,2013,FEMALE,BLACK NON HISPANIC,Kaylee,37,20
15830,2013,FEMALE,BLACK NON HISPANIC,Jayla,37,20
15831,2013,FEMALE,BLACK NON HISPANIC,Zoey,36,21
15832,2013,FEMALE,BLACK NON HISPANIC,Alyssa,35,22
15833,2013,FEMALE,BLACK NON HISPANIC,Nyla,35,22
15834,2013,FEMALE,BLACK NON HISPANIC,Sarah,34,23
15835,2013,FEMALE,BLACK NON HISPANIC,Nia,34,23
15836,2013,FEMALE,BLACK NON HISPANIC,Jasmine,33,24
15837,2013,FEMALE,BLACK NON HISPANIC,Emily,33,24
15838,2013,FEMALE,BLACK NON HISPANIC,Gabrielle,33,24
15839,2013,FEMALE,BLACK NON HISPANIC,Mariam,32,25
15840,2013,FEMALE,BLACK NON HISPANIC,Hailey,32,25
15841,2013,FEMALE,BLACK NON HISPANIC,Grace,32,25
15842,2013,FEMALE,BLACK NON HISPANIC,Peyton,31,26
15843,2013,FEMALE,BLACK NON HISPANIC,Gabriella,31,26
15844,2013,FEMALE,BLACK NON HISPANIC,Jada,31,26
15845,2013,FEMALE,BLACK NON HISPANIC,Savannah,31,26
15846,2013,FEMALE,BLACK NON HISPANIC,Aminata,30,27
15847,2013,FEMALE,BLACK NON HISPANIC,Kylie,29,28
15848,2013,FEMALE,BLACK NON HISPANIC,Jade,28,29
15849,2013,FEMALE,BLACK NON HISPANIC,Destiny,28,29
15850,2013,FEMALE,BLACK NON HISPANIC,Aniyah,28,29
15851,2013,FEMALE,BLACK NON HISPANIC,Milan,28,29
15852,2013,FEMALE,BLACK NON HISPANIC,Mariah,28,29
15853,2013,FEMALE,BLACK NON HISPANIC,Malia,28,29
15854,2013,FEMALE,BLACK NON HISPANIC,Oumou,27,30
15855,2013,FEMALE,BLACK NON HISPANIC,Morgan,27,30
15856,2013,FEMALE,BLACK NON HISPANIC,Arielle,27,30
15857,2013,FEMALE,BLACK NON HISPANIC,Kennedy,27,30
15858,2013,FEMALE,BLACK NON HISPANIC,Paige,27,30
15859,2013,FEMALE,BLACK NON HISPANIC,Riley,26,31
15860,2013,FEMALE,BLACK NON HISPANIC,Chelsea,26,31
15861,2013,FEMALE,BLACK NON HISPANIC,Nylah,26,31
15862,2013,FEMALE,BLACK NON HISPANIC,Aubrey,25,32
15863,2013,FEMALE,BLACK NON HISPANIC,Emma,25,32
15864,2013,FEMALE,BLACK NON HISPANIC,Layla,24,33
15865,2013,FEMALE,BLACK NON HISPANIC,Brianna,24,33
15866,2013,FEMALE,BLACK NON HISPANIC,Sophia,24,33
15867,2013,FEMALE,BLACK NON HISPANIC,Brooke,24,33
15868,2013,FEMALE,BLACK NON HISPANIC,Ariana,23,34
15869,2013,FEMALE,BLACK NON HISPANIC,Skyla,23,34
15870,2013,FEMALE,BLACK NON HISPANIC,Elizabeth,23,34
15871,2013,FEMALE,BLACK NON HISPANIC,Amaya,22,35
15872,2013,FEMALE,BLACK NON HISPANIC,Fatima,22,35
15873,2013,FEMALE,BLACK NON HISPANIC,Imani,22,35
15874,2013,FEMALE,BLACK NON HISPANIC,Amelia,22,35
15875,2013,FEMALE,BLACK NON HISPANIC,Maya,22,35
15876,2013,FEMALE,BLACK NON HISPANIC,Mya,22,35
15877,2013,FEMALE,BLACK NON HISPANIC,Trinity,22,35
15878,2013,FEMALE,BLACK NON HISPANIC,Heaven,22,35
15879,2013,FEMALE,BLACK NON HISPANIC,Summer,21,36
15880,2013,FEMALE,BLACK NON HISPANIC,Autumn,21,36
15881,2013,FEMALE,BLACK NON HISPANIC,Sydney,21,36
15882,2013,FEMALE,BLACK NON HISPANIC,Bella,21,36
15883,2013,FEMALE,BLACK NON HISPANIC,Aisha,21,36
15884,2013,FEMALE,BLACK NON HISPANIC,Hannah,21,36
15885,2013,FEMALE,BLACK NON HISPANIC,Mariama,20,37
15886,2013,FEMALE,BLACK NON HISPANIC,Sarai,20,37
15887,2013,FEMALE,BLACK NON HISPANIC,Londyn,20,37
15888,2013,FEMALE,BLACK NON HISPANIC,Christina,20,37
15889,2013,FEMALE,BLACK NON HISPANIC,Paris,20,37
15890,2013,FEMALE,BLACK NON HISPANIC,Anaya,19,38
15891,2013,FEMALE,BLACK NON HISPANIC,Michelle,19,38
15892,2013,FEMALE,BLACK NON HISPANIC,Hawa,19,38
15893,2013,FEMALE,BLACK NON HISPANIC,Miracle,19,38
15894,2013,FEMALE,BLACK NON HISPANIC,Amiyah,18,39
15895,2013,FEMALE,BLACK NON HISPANIC,Lauren,18,39
15896,2013,FEMALE,BLACK NON HISPANIC,Amina,18,39
15897,2013,FEMALE,BLACK NON HISPANIC,McKenzie,17,40
15898,2013,FEMALE,BLACK NON HISPANIC,Payton,17,40
15899,2013,FEMALE,BLACK NON HISPANIC,Jordyn,17,40
15900,2013,FEMALE,BLACK NON HISPANIC,Leila,17,40
15901,2013,FEMALE,BLACK NON HISPANIC,Genesis,17,40
15902,2013,FEMALE,BLACK NON HISPANIC,Talia,16,41
15903,2013,FEMALE,BLACK NON HISPANIC,Harmony,16,41
15904,2013,FEMALE,BLACK NON HISPANIC,Maliyah,16,41
15905,2013,FEMALE,BLACK NON HISPANIC,Samantha,16,41
15906,2013,FEMALE,BLACK NON HISPANIC,Gianna,16,41
15907,2013,FEMALE,BLACK NON HISPANIC,Alana,16,41
15908,2013,FEMALE,BLACK NON HISPANIC,Ashley,16,41
15909,2013,FEMALE,BLACK NON HISPANIC,Amber,16,41
15910,2013,FEMALE,BLACK NON HISPANIC,Kaylin,16,41
15911,2013,FEMALE,BLACK NON HISPANIC,Zuri,16,41
15912,2013,FEMALE,BLACK NON HISPANIC,Sofia,15,42
15913,2013,FEMALE,BLACK NON HISPANIC,Aniya,15,42
15914,2013,FEMALE,BLACK NON HISPANIC,Eden,15,42
15915,2013,FEMALE,BLACK NON HISPANIC,Lily,15,42
15916,2013,FEMALE,BLACK NON HISPANIC,Sanaa,14,43
15917,2013,FEMALE,BLACK NON HISPANIC,Aliyah,14,43
15918,2013,FEMALE,BLACK NON HISPANIC,Tamia,14,43
15919,2013,FEMALE,BLACK NON HISPANIC,Aissatou,14,43
15920,2013,FEMALE,BLACK NON HISPANIC,Amira,14,43
15921,2013,FEMALE,BLACK NON HISPANIC,Lyric,14,43
15922,2013,FEMALE,BLACK NON HISPANIC,Sanai,14,43
15923,2013,FEMALE,BLACK NON HISPANIC,Janiyah,14,43
15924,2013,FEMALE,BLACK NON HISPANIC,Skylah,14,43
15925,2013,FEMALE,BLACK NON HISPANIC,Aria,14,43
15926,2013,FEMALE,BLACK NON HISPANIC,Camille,13,44
15927,2013,FEMALE,BLACK NON HISPANIC,Kiara,13,44
15928,2013,FEMALE,BLACK NON HISPANIC,Angel,13,44
15929,2013,FEMALE,BLACK NON HISPANIC,Danielle,13,44
15930,2013,FEMALE,BLACK NON HISPANIC,Sariah,13,44
15931,2013,FEMALE,BLACK NON HISPANIC,Jaliyah,13,44
15932,2013,FEMALE,BLACK NON HISPANIC,Kadiatou,13,44
15933,2013,FEMALE,BLACK NON HISPANIC,Eva,13,44
15934,2013,FEMALE,BLACK NON HISPANIC,Dakota,13,44
15935,2013,FEMALE,BLACK NON HISPANIC,Aicha,13,44
15936,2013,FEMALE,BLACK NON HISPANIC,Melanie,13,44
15937,2013,FEMALE,BLACK NON HISPANIC,Isabelle,13,44
15938,2013,FEMALE,BLACK NON HISPANIC,Kimora,13,44
15939,2013,FEMALE,BLACK NON HISPANIC,Kylee,13,44
15940,2013,FEMALE,BLACK NON HISPANIC,Wynter,13,44
15941,2013,FEMALE,BLACK NON HISPANIC,Egypt,13,44
15942,2013,FEMALE,BLACK NON HISPANIC,Asia,12,45
15943,2013,FEMALE,BLACK NON HISPANIC,Emani,12,45
15944,2013,FEMALE,BLACK NON HISPANIC,Kaitlyn,12,45
15945,2013,FEMALE,BLACK NON HISPANIC,Amirah,12,45
15946,2013,FEMALE,BLACK NON HISPANIC,Zaniyah,12,45
15947,2013,FEMALE,BLACK NON HISPANIC,Avery,12,45
15948,2013,FEMALE,BLACK NON HISPANIC,Kourtney,12,45
15949,2013,FEMALE,BLACK NON HISPANIC,Phoenix,12,45
15950,2013,FEMALE,BLACK NON HISPANIC,Sasha,12,45
15951,2013,FEMALE,BLACK NON HISPANIC,Samiyah,12,45
15952,2013,FEMALE,BLACK NON HISPANIC,Madisyn,12,45
15953,2013,FEMALE,BLACK NON HISPANIC,Alexis,12,45
15954,2013,FEMALE,BLACK NON HISPANIC,Angelina,12,45
15955,2013,FEMALE,BLACK NON HISPANIC,Melody,12,45
15956,2013,FEMALE,BLACK NON HISPANIC,Adrianna,12,45
15957,2013,FEMALE,BLACK NON HISPANIC,Nahla,12,45
15958,2013,FEMALE,BLACK NON HISPANIC,Journey,12,45
15959,2013,FEMALE,BLACK NON HISPANIC,Scarlett,11,46
15960,2013,FEMALE,BLACK NON HISPANIC,Shania,11,46
15961,2013,FEMALE,BLACK NON HISPANIC,Abrielle,11,46
15962,2013,FEMALE,BLACK NON HISPANIC,Saniyah,11,46
15963,2013,FEMALE,BLACK NON HISPANIC,Giselle,11,46
15964,2013,FEMALE,BLACK NON HISPANIC,Mackenzie,11,46
15965,2013,FEMALE,BLACK NON HISPANIC,Saige,11,46
15966,2013,FEMALE,BLACK NON HISPANIC,Princess,11,46
15967,2013,FEMALE,BLACK NON HISPANIC,Zariah,11,46
15968,2013,FEMALE,BLACK NON HISPANIC,Isis,11,46
15969,2013,FEMALE,BLACK NON HISPANIC,Janae,11,46
15970,2013,FEMALE,BLACK NON HISPANIC,Janelle,11,46
15971,2013,FEMALE,BLACK NON HISPANIC,Alexandra,11,46
15972,2013,FEMALE,BLACK NON HISPANIC,Bria,11,46
15973,2013,FEMALE,BLACK NON HISPANIC,Samara,10,47
15974,2013,FEMALE,BLACK NON HISPANIC,Zara,10,47
15975,2013,FEMALE,BLACK NON HISPANIC,Tiana,10,47
15976,2013,FEMALE,BLACK NON HISPANIC,Precious,10,47
15977,2013,FEMALE,BLACK NON HISPANIC,Kyla,10,47
15978,2013,FEMALE,BLACK NON HISPANIC,Amani,10,47
15979,2013,FEMALE,BLACK NON HISPANIC,Aissata,10,47
15980,2013,FEMALE,BLACK NON HISPANIC,Nadia,10,47
15981,2013,FEMALE,BLACK NON HISPANIC,Jessica,10,47
15982,2013,FEMALE,BLACK NON HISPANIC,Azaria,10,47
15983,2013,FEMALE,BLACK NON HISPANIC,Esther,10,47
15984,2013,FEMALE,HISPANIC,Isabella,326,1
15985,2013,FEMALE,HISPANIC,Sophia,291,2
15986,2013,FEMALE,HISPANIC,Mia,237,3
15987,2013,FEMALE,HISPANIC,Sofia,187,4
15988,2013,FEMALE,HISPANIC,Emily,184,5
15989,2013,FEMALE,HISPANIC,Emma,182,6
15990,2013,FEMALE,HISPANIC,Camila,157,7
15991,2013,FEMALE,HISPANIC,Ashley,132,8
15992,2013,FEMALE,HISPANIC,Leah,124,9
15993,2013,FEMALE,HISPANIC,Samantha,117,10
15994,2013,FEMALE,HISPANIC,Valentina,115,11
15995,2013,FEMALE,HISPANIC,Victoria,113,12
15996,2013,FEMALE,HISPANIC,Madison,106,13
15997,2013,FEMALE,HISPANIC,Allison,102,14
15998,2013,FEMALE,HISPANIC,Genesis,100,15
15999,2013,FEMALE,HISPANIC,Brianna,99,16
16000,2013,FEMALE,HISPANIC,Abigail,95,17
16001,2013,FEMALE,HISPANIC,Hailey,94,18
16002,2013,FEMALE,HISPANIC,Melanie,93,19
16003,2013,FEMALE,HISPANIC,Nicole,92,20
16004,2013,FEMALE,HISPANIC,Zoe,89,21
16005,2013,FEMALE,HISPANIC,Olivia,87,22
16006,2013,FEMALE,HISPANIC,Amy,82,23
16007,2013,FEMALE,HISPANIC,Kaylee,81,24
16008,2013,FEMALE,HISPANIC,Gabriella,80,25
16009,2013,FEMALE,HISPANIC,Ariana,80,25
16010,2013,FEMALE,HISPANIC,Scarlett,77,26
16011,2013,FEMALE,HISPANIC,Arianna,76,27
16012,2013,FEMALE,HISPANIC,Kimberly,69,28
16013,2013,FEMALE,HISPANIC,Ava,68,29
16014,2013,FEMALE,HISPANIC,Elizabeth,61,30
16015,2013,FEMALE,HISPANIC,Bella,59,31
16016,2013,FEMALE,HISPANIC,Alexa,57,32
16017,2013,FEMALE,HISPANIC,Aaliyah,56,33
16018,2013,FEMALE,HISPANIC,Layla,55,34
16019,2013,FEMALE,HISPANIC,Angelina,55,34
16020,2013,FEMALE,HISPANIC,Chloe,54,35
16021,2013,FEMALE,HISPANIC,Evelyn,54,35
16022,2013,FEMALE,HISPANIC,Eliana,52,36
16023,2013,FEMALE,HISPANIC,Daniela,52,36
16024,2013,FEMALE,HISPANIC,Stephanie,51,37
16025,2013,FEMALE,HISPANIC,Valerie,50,38
16026,2013,FEMALE,HISPANIC,Maria,49,39
16027,2013,FEMALE,HISPANIC,Leslie,49,39
16028,2013,FEMALE,HISPANIC,Kiara,49,39
16029,2013,FEMALE,HISPANIC,Gabriela,49,39
16030,2013,FEMALE,HISPANIC,Penelope,49,39
16031,2013,FEMALE,HISPANIC,Michelle,48,40
16032,2013,FEMALE,HISPANIC,Adriana,47,41
16033,2013,FEMALE,HISPANIC,Emely,47,41
16034,2013,FEMALE,HISPANIC,Savannah,46,42
16035,2013,FEMALE,HISPANIC,Serenity,45,43
16036,2013,FEMALE,HISPANIC,Sarah,44,44
16037,2013,FEMALE,HISPANIC,Jade,44,44
16038,2013,FEMALE,HISPANIC,Gianna,44,44
16039,2013,FEMALE,HISPANIC,Delilah,44,44
16040,2013,FEMALE,HISPANIC,Andrea,43,45
16041,2013,FEMALE,HISPANIC,Melissa,42,46
16042,2013,FEMALE,HISPANIC,Kylie,42,46
16043,2013,FEMALE,HISPANIC,Kayla,42,46
16044,2013,FEMALE,HISPANIC,Natalie,41,47
16045,2013,FEMALE,HISPANIC,Eva,40,48
16046,2013,FEMALE,HISPANIC,Alyssa,40,48
16047,2013,FEMALE,HISPANIC,Zoey,39,49
16048,2013,FEMALE,HISPANIC,Valeria,38,50
16049,2013,FEMALE,HISPANIC,Khloe,38,50
16050,2013,FEMALE,HISPANIC,Vanessa,38,50
16051,2013,FEMALE,HISPANIC,Jocelyn,37,51
16052,2013,FEMALE,HISPANIC,Luna,37,51
16053,2013,FEMALE,HISPANIC,Jennifer,37,51
16054,2013,FEMALE,HISPANIC,Isabel,37,51
16055,2013,FEMALE,HISPANIC,Yaretzi,37,51
16056,2013,FEMALE,HISPANIC,Grace,36,52
16057,2013,FEMALE,HISPANIC,Mila,36,52
16058,2013,FEMALE,HISPANIC,Danna,36,52
16059,2013,FEMALE,HISPANIC,Amanda,36,52
16060,2013,FEMALE,HISPANIC,Naomi,35,53
16061,2013,FEMALE,HISPANIC,Jayleen,35,53
16062,2013,FEMALE,HISPANIC,Katherine,34,54
16063,2013,FEMALE,HISPANIC,Aubrey,33,55
16064,2013,FEMALE,HISPANIC,Maya,33,55
16065,2013,FEMALE,HISPANIC,Amelia,33,55
16066,2013,FEMALE,HISPANIC,Natalia,32,56
16067,2013,FEMALE,HISPANIC,Jasmine,32,56
16068,2013,FEMALE,HISPANIC,London,31,57
16069,2013,FEMALE,HISPANIC,Diana,31,57
16070,2013,FEMALE,HISPANIC,Hannah,31,57
16071,2013,FEMALE,HISPANIC,Amber,31,57
16072,2013,FEMALE,HISPANIC,Chelsea,31,57
16073,2013,FEMALE,HISPANIC,Alexandra,30,58
16074,2013,FEMALE,HISPANIC,Amaya,30,58
16075,2013,FEMALE,HISPANIC,Aylin,29,59
16076,2013,FEMALE,HISPANIC,Charlotte,29,59
16077,2013,FEMALE,HISPANIC,Kaitlyn,29,59
16078,2013,FEMALE,HISPANIC,Brittany,29,59
16079,2013,FEMALE,HISPANIC,Liliana,29,59
16080,2013,FEMALE,HISPANIC,Sara,29,59
16081,2013,FEMALE,HISPANIC,Esmeralda,28,60
16082,2013,FEMALE,HISPANIC,Melody,28,60
16083,2013,FEMALE,HISPANIC,Juliana,27,61
16084,2013,FEMALE,HISPANIC,Mya,27,61
16085,2013,FEMALE,HISPANIC,Ana,27,61
16086,2013,FEMALE,HISPANIC,Leilani,27,61
16087,2013,FEMALE,HISPANIC,Sherlyn,26,62
16088,2013,FEMALE,HISPANIC,Guadalupe,26,62
16089,2013,FEMALE,HISPANIC,Melany,26,62
16090,2013,FEMALE,HISPANIC,Jazmin,26,62
16091,2013,FEMALE,HISPANIC,Katie,25,63
16092,2013,FEMALE,HISPANIC,Lia,25,63
16093,2013,FEMALE,HISPANIC,Karla,25,63
16094,2013,FEMALE,HISPANIC,Karen,25,63
16095,2013,FEMALE,HISPANIC,Lizbeth,25,63
16096,2013,FEMALE,HISPANIC,Jessica,24,64
16097,2013,FEMALE,HISPANIC,Alexia,24,64
16098,2013,FEMALE,HISPANIC,Sophie,24,64
16099,2013,FEMALE,HISPANIC,Jaylah,24,64
16100,2013,FEMALE,HISPANIC,Giselle,24,64
16101,2013,FEMALE,HISPANIC,Julia,23,65
16102,2013,FEMALE,HISPANIC,Daisy,23,65
16103,2013,FEMALE,HISPANIC,Nyla,23,65
16104,2013,FEMALE,HISPANIC,Faith,23,65
16105,2013,FEMALE,HISPANIC,Audrey,23,65
16106,2013,FEMALE,HISPANIC,Kelly,23,65
16107,2013,FEMALE,HISPANIC,Leila,23,65
16108,2013,FEMALE,HISPANIC,Bianca,22,66
16109,2013,FEMALE,HISPANIC,Angie,22,66
16110,2013,FEMALE,HISPANIC,Elena,22,66
16111,2013,FEMALE,HISPANIC,Kamila,22,66
16112,2013,FEMALE,HISPANIC,Aria,22,66
16113,2013,FEMALE,HISPANIC,Briana,21,67
16114,2013,FEMALE,HISPANIC,Angela,21,67
16115,2013,FEMALE,HISPANIC,Avery,21,67
16116,2013,FEMALE,HISPANIC,Crystal,21,67
16117,2013,FEMALE,HISPANIC,Esther,21,67
16118,2013,FEMALE,HISPANIC,Izabella,21,67
16119,2013,FEMALE,HISPANIC,Jayla,21,67
16120,2013,FEMALE,HISPANIC,Juliet,21,67
16121,2013,FEMALE,HISPANIC,Sarai,21,67
16122,2013,FEMALE,HISPANIC,Scarlet,21,67
16123,2013,FEMALE,HISPANIC,Violet,21,67
16124,2013,FEMALE,HISPANIC,Marilyn,20,68
16125,2013,FEMALE,HISPANIC,Laila,20,68
16126,2013,FEMALE,HISPANIC,Nathalie,20,68
16127,2013,FEMALE,HISPANIC,Wendy,20,68
16128,2013,FEMALE,HISPANIC,Jazlyn,20,68
16129,2013,FEMALE,HISPANIC,Daniella,20,68
16130,2013,FEMALE,HISPANIC,Jacqueline,20,68
16131,2013,FEMALE,HISPANIC,Destiny,20,68
16132,2013,FEMALE,HISPANIC,Haylee,20,68
16133,2013,FEMALE,HISPANIC,Katelyn,19,69
16134,2013,FEMALE,HISPANIC,Jaylin,19,69
16135,2013,FEMALE,HISPANIC,Ariel,19,69
16136,2013,FEMALE,HISPANIC,Nevaeh,19,69
16137,2013,FEMALE,HISPANIC,Alicia,19,69
16138,2013,FEMALE,HISPANIC,Ximena,19,69
16139,2013,FEMALE,HISPANIC,Lesly,19,69
16140,2013,FEMALE,HISPANIC,Julissa,19,69
16141,2013,FEMALE,HISPANIC,Makayla,19,69
16142,2013,FEMALE,HISPANIC,Alina,19,69
16143,2013,FEMALE,HISPANIC,Allyson,18,70
16144,2013,FEMALE,HISPANIC,Lauren,18,70
16145,2013,FEMALE,HISPANIC,Jaylene,18,70
16146,2013,FEMALE,HISPANIC,Tiffany,18,70
16147,2013,FEMALE,HISPANIC,Joselyn,18,70
16148,2013,FEMALE,HISPANIC,Annabella,18,70
16149,2013,FEMALE,HISPANIC,Gia,18,70
16150,2013,FEMALE,HISPANIC,Alison,18,70
16151,2013,FEMALE,HISPANIC,Kailey,18,70
16152,2013,FEMALE,HISPANIC,Taylor,17,71
16153,2013,FEMALE,HISPANIC,Athena,17,71
16154,2013,FEMALE,HISPANIC,Jimena,17,71
16155,2013,FEMALE,HISPANIC,Kayleen,17,71
16156,2013,FEMALE,HISPANIC,Alana,17,71
16157,2013,FEMALE,HISPANIC,Caroline,17,71
16158,2013,FEMALE,HISPANIC,Aliyah,17,71
16159,2013,FEMALE,HISPANIC,Angelica,17,71
16160,2013,FEMALE,HISPANIC,Kendra,17,71
16161,2013,FEMALE,HISPANIC,Madelyn,17,71
16162,2013,FEMALE,HISPANIC,Peyton,17,71
16163,2013,FEMALE,HISPANIC,Julianna,17,71
16164,2013,FEMALE,HISPANIC,Juliette,17,71
16165,2013,FEMALE,HISPANIC,Nylah,17,71
16166,2013,FEMALE,HISPANIC,Melina,16,72
16167,2013,FEMALE,HISPANIC,Isabelle,16,72
16168,2013,FEMALE,HISPANIC,Miranda,16,72
16169,2013,FEMALE,HISPANIC,Sabrina,16,72
16170,2013,FEMALE,HISPANIC,Lily,16,72
16171,2013,FEMALE,HISPANIC,Ayleen,16,72
16172,2013,FEMALE,HISPANIC,Dulce,16,72
16173,2013,FEMALE,HISPANIC,Heidi,16,72
16174,2013,FEMALE,HISPANIC,Nathaly,16,72
16175,2013,FEMALE,HISPANIC,Aileen,16,72
16176,2013,FEMALE,HISPANIC,Adrianna,16,72
16177,2013,FEMALE,HISPANIC,Karina,15,73
16178,2013,FEMALE,HISPANIC,Arianny,15,73
16179,2013,FEMALE,HISPANIC,Lucia,15,73
16180,2013,FEMALE,HISPANIC,Angelique,15,73
16181,2013,FEMALE,HISPANIC,Shirley,15,73
16182,2013,FEMALE,HISPANIC,Valery,15,73
16183,2013,FEMALE,HISPANIC,Bryanna,15,73
16184,2013,FEMALE,HISPANIC,Skylar,15,73
16185,2013,FEMALE,HISPANIC,Kelsey,15,73
16186,2013,FEMALE,HISPANIC,Natasha,15,73
16187,2013,FEMALE,HISPANIC,Itzel,15,73
16188,2013,FEMALE,HISPANIC,Annabelle,14,74
16189,2013,FEMALE,HISPANIC,Madeline,14,74
16190,2013,FEMALE,HISPANIC,Britney,14,74
16191,2013,FEMALE,HISPANIC,Carla,14,74
16192,2013,FEMALE,HISPANIC,Anabella,14,74
16193,2013,FEMALE,HISPANIC,Mariana,14,74
16194,2013,FEMALE,HISPANIC,Ella,14,74
16195,2013,FEMALE,HISPANIC,Marjorie,14,74
16196,2013,FEMALE,HISPANIC,Helen,14,74
16197,2013,FEMALE,HISPANIC,Johanna,14,74
16198,2013,FEMALE,HISPANIC,Liana,14,74
16199,2013,FEMALE,HISPANIC,Rihanna,14,74
16200,2013,FEMALE,HISPANIC,Alondra,14,74
16201,2013,FEMALE,HISPANIC,Janelle,13,75
16202,2013,FEMALE,HISPANIC,Noemi,13,75
16203,2013,FEMALE,HISPANIC,Laura,13,75
16204,2013,FEMALE,HISPANIC,Dayana,13,75
16205,2013,FEMALE,HISPANIC,Heidy,13,75
16206,2013,FEMALE,HISPANIC,Aubree,13,75
16207,2013,FEMALE,HISPANIC,Jazmine,13,75
16208,2013,FEMALE,HISPANIC,Riley,13,75
16209,2013,FEMALE,HISPANIC,Catalina,13,75
16210,2013,FEMALE,HISPANIC,Aimee,13,75
16211,2013,FEMALE,HISPANIC,Nayeli,13,75
16212,2013,FEMALE,HISPANIC,Alejandra,13,75
16213,2013,FEMALE,HISPANIC,Isis,13,75
16214,2013,FEMALE,HISPANIC,Emilia,13,75
16215,2013,FEMALE,HISPANIC,Miley,13,75
16216,2013,FEMALE,HISPANIC,Litzy,12,76
16217,2013,FEMALE,HISPANIC,Keyla,12,76
16218,2013,FEMALE,HISPANIC,April,12,76
16219,2013,FEMALE,HISPANIC,Alanna,12,76
16220,2013,FEMALE,HISPANIC,Iris,12,76
16221,2013,FEMALE,HISPANIC,Kaylie,12,76
16222,2013,FEMALE,HISPANIC,Alice,12,76
16223,2013,FEMALE,HISPANIC,Mariah,12,76
16224,2013,FEMALE,HISPANIC,Autumn,12,76
16225,2013,FEMALE,HISPANIC,Katelynn,12,76
16226,2013,FEMALE,HISPANIC,Yamileth,12,76
16227,2013,FEMALE,HISPANIC,Alessandra,12,76
16228,2013,FEMALE,HISPANIC,Luz,12,76
16229,2013,FEMALE,HISPANIC,Alani,12,76
16230,2013,FEMALE,HISPANIC,Jaylee,12,76
16231,2013,FEMALE,HISPANIC,Analia,12,76
16232,2013,FEMALE,HISPANIC,Kailyn,11,77
16233,2013,FEMALE,HISPANIC,Paris,11,77
16234,2013,FEMALE,HISPANIC,Alisson,11,77
16235,2013,FEMALE,HISPANIC,Anaya,11,77
16236,2013,FEMALE,HISPANIC,Elisa,11,77
16237,2013,FEMALE,HISPANIC,Miriam,11,77
16238,2013,FEMALE,HISPANIC,Anabel,11,77
16239,2013,FEMALE,HISPANIC,Cataleya,11,77
16240,2013,FEMALE,HISPANIC,Stella,11,77
16241,2013,FEMALE,HISPANIC,Shayla,11,77
16242,2013,FEMALE,HISPANIC,Alanis,11,77
16243,2013,FEMALE,HISPANIC,Brielle,11,77
16244,2013,FEMALE,HISPANIC,Tatiana,11,77
16245,2013,FEMALE,HISPANIC,Arielle,11,77
16246,2013,FEMALE,HISPANIC,Aurora,11,77
16247,2013,FEMALE,HISPANIC,Haley,11,77
16248,2013,FEMALE,HISPANIC,Erika,11,77
16249,2013,FEMALE,HISPANIC,Zara,11,77
16250,2013,FEMALE,HISPANIC,Ruby,11,77
16251,2013,FEMALE,HISPANIC,Brenda,11,77
16252,2013,FEMALE,HISPANIC,Fatima,11,77
16253,2013,FEMALE,HISPANIC,Summer,11,77
16254,2013,FEMALE,HISPANIC,Maia,11,77
16255,2013,FEMALE,HISPANIC,Rebecca,11,77
16256,2013,FEMALE,HISPANIC,Kate,11,77
16257,2013,FEMALE,HISPANIC,Lola,11,77
16258,2013,FEMALE,HISPANIC,Kaylin,11,77
16259,2013,FEMALE,HISPANIC,Trinity,10,78
16260,2013,FEMALE,HISPANIC,Camilla,10,78
16261,2013,FEMALE,HISPANIC,Vivian,10,78
16262,2013,FEMALE,HISPANIC,Stacy,10,78
16263,2013,FEMALE,HISPANIC,Milan,10,78
16264,2013,FEMALE,HISPANIC,Carmen,10,78
16265,2013,FEMALE,HISPANIC,Selena,10,78
16266,2013,FEMALE,HISPANIC,Isabela,10,78
16267,2013,FEMALE,HISPANIC,Nyah,10,78
16268,2013,FEMALE,HISPANIC,Alma,10,78
16269,2013,FEMALE,HISPANIC,Catherine,10,78
16270,2013,FEMALE,HISPANIC,Jaliyah,10,78
16271,2013,FEMALE,HISPANIC,Nina,10,78
16272,2013,FEMALE,HISPANIC,Skylah,10,78
16273,2013,FEMALE,HISPANIC,Raquel,10,78
16274,2013,FEMALE,HISPANIC,Jayda,10,78
16275,2013,FEMALE,HISPANIC,Eileen,10,78
16276,2013,FEMALE,HISPANIC,Paula,10,78
16277,2013,FEMALE,HISPANIC,Eliza,10,78
16278,2013,FEMALE,HISPANIC,Heaven,10,78
16279,2013,FEMALE,HISPANIC,Maite,10,78
16280,2013,FEMALE,HISPANIC,Leanna,10,78
16281,2013,FEMALE,HISPANIC,Abril,10,78
16282,2013,FEMALE,HISPANIC,Rose,10,78
16283,2013,FEMALE,HISPANIC,Leyla,10,78
16284,2013,FEMALE,HISPANIC,Nashley,10,78
16285,2013,FEMALE,HISPANIC,Malia,10,78
16286,2013,FEMALE,HISPANIC,Ariella,10,78
16287,2013,FEMALE,HISPANIC,Rachel,10,78
16288,2013,FEMALE,WHITE NON HISPANIC,Olivia,233,1
16289,2013,FEMALE,WHITE NON HISPANIC,Emma,228,2
16290,2013,FEMALE,WHITE NON HISPANIC,Esther,214,3
16291,2013,FEMALE,WHITE NON HISPANIC,Sophia,187,4
16292,2013,FEMALE,WHITE NON HISPANIC,Sarah,182,5
16293,2013,FEMALE,WHITE NON HISPANIC,Leah,179,6
16294,2013,FEMALE,WHITE NON HISPANIC,Rachel,176,7
16295,2013,FEMALE,WHITE NON HISPANIC,Chaya,175,8
16296,2013,FEMALE,WHITE NON HISPANIC,Miriam,160,9
16297,2013,FEMALE,WHITE NON HISPANIC,Chana,150,10
16298,2013,FEMALE,WHITE NON HISPANIC,Ava,150,10
16299,2013,FEMALE,WHITE NON HISPANIC,Isabella,143,11
16300,2013,FEMALE,WHITE NON HISPANIC,Charlotte,137,12
16301,2013,FEMALE,WHITE NON HISPANIC,Mia,134,13
16302,2013,FEMALE,WHITE NON HISPANIC,Sara,131,14
16303,2013,FEMALE,WHITE NON HISPANIC,Ella,127,15
16304,2013,FEMALE,WHITE NON HISPANIC,Maya,122,16
16305,2013,FEMALE,WHITE NON HISPANIC,Sofia,122,16
16306,2013,FEMALE,WHITE NON HISPANIC,Rivka,120,17
16307,2013,FEMALE,WHITE NON HISPANIC,Emily,115,18
16308,2013,FEMALE,WHITE NON HISPANIC,Hannah,102,19
16309,2013,FEMALE,WHITE NON HISPANIC,Victoria,100,20
16310,2013,FEMALE,WHITE NON HISPANIC,Alexandra,98,21
16311,2013,FEMALE,WHITE NON HISPANIC,Anna,98,21
16312,2013,FEMALE,WHITE NON HISPANIC,Abigail,96,22
16313,2013,FEMALE,WHITE NON HISPANIC,Chloe,95,23
16314,2013,FEMALE,WHITE NON HISPANIC,Elizabeth,91,24
16315,2013,FEMALE,WHITE NON HISPANIC,Julia,90,25
16316,2013,FEMALE,WHITE NON HISPANIC,Zoe,84,26
16317,2013,FEMALE,WHITE NON HISPANIC,Lily,83,27
16318,2013,FEMALE,WHITE NON HISPANIC,Madison,78,28
16319,2013,FEMALE,WHITE NON HISPANIC,Gitty,74,29
16320,2013,FEMALE,WHITE NON HISPANIC,Gabriella,73,30
16321,2013,FEMALE,WHITE NON HISPANIC,Malka,72,31
16322,2013,FEMALE,WHITE NON HISPANIC,Sophie,71,32
16323,2013,FEMALE,WHITE NON HISPANIC,Faigy,71,32
16324,2013,FEMALE,WHITE NON HISPANIC,Raizy,65,33
16325,2013,FEMALE,WHITE NON HISPANIC,Malky,65,33
16326,2013,FEMALE,WHITE NON HISPANIC,Grace,65,33
16327,2013,FEMALE,WHITE NON HISPANIC,Amelia,64,34
16328,2013,FEMALE,WHITE NON HISPANIC,Stella,64,34
16329,2013,FEMALE,WHITE NON HISPANIC,Rivky,60,35
16330,2013,FEMALE,WHITE NON HISPANIC,Penelope,59,36
16331,2013,FEMALE,WHITE NON HISPANIC,Violet,58,37
16332,2013,FEMALE,WHITE NON HISPANIC,Shaindy,58,37
16333,2013,FEMALE,WHITE NON HISPANIC,Mila,57,38
16334,2013,FEMALE,WHITE NON HISPANIC,Eva,57,38
16335,2013,FEMALE,WHITE NON HISPANIC,Gianna,57,38
16336,2013,FEMALE,WHITE NON HISPANIC,Sadie,57,38
16337,2013,FEMALE,WHITE NON HISPANIC,Eliana,57,38
16338,2013,FEMALE,WHITE NON HISPANIC,Madeline,56,39
16339,2013,FEMALE,WHITE NON HISPANIC,Evelyn,56,39
16340,2013,FEMALE,WHITE NON HISPANIC,Avery,55,40
16341,2013,FEMALE,WHITE NON HISPANIC,Alice,55,40
16342,2013,FEMALE,WHITE NON HISPANIC,Samantha,54,41
16343,2013,FEMALE,WHITE NON HISPANIC,Devorah,53,42
16344,2013,FEMALE,WHITE NON HISPANIC,Alexa,53,42
16345,2013,FEMALE,WHITE NON HISPANIC,Nora,53,42
16346,2013,FEMALE,WHITE NON HISPANIC,Baila,53,42
16347,2013,FEMALE,WHITE NON HISPANIC,Maria,51,43
16348,2013,FEMALE,WHITE NON HISPANIC,Toby,51,43
16349,2013,FEMALE,WHITE NON HISPANIC,Lucy,51,43
16350,2013,FEMALE,WHITE NON HISPANIC,Fiona,51,43
16351,2013,FEMALE,WHITE NON HISPANIC,Catherine,49,44
16352,2013,FEMALE,WHITE NON HISPANIC,Harper,48,45
16353,2013,FEMALE,WHITE NON HISPANIC,Scarlett,48,45
16354,2013,FEMALE,WHITE NON HISPANIC,Sienna,47,46
16355,2013,FEMALE,WHITE NON HISPANIC,Lillian,46,47
16356,2013,FEMALE,WHITE NON HISPANIC,Eleanor,46,47
16357,2013,FEMALE,WHITE NON HISPANIC,Vivian,46,47
16358,2013,FEMALE,WHITE NON HISPANIC,Rose,45,48
16359,2013,FEMALE,WHITE NON HISPANIC,Katherine,45,48
16360,2013,FEMALE,WHITE NON HISPANIC,Nicole,45,48
16361,2013,FEMALE,WHITE NON HISPANIC,Rebecca,44,49
16362,2013,FEMALE,WHITE NON HISPANIC,Angelina,43,50
16363,2013,FEMALE,WHITE NON HISPANIC,Nina,42,51
16364,2013,FEMALE,WHITE NON HISPANIC,Naomi,41,52
16365,2013,FEMALE,WHITE NON HISPANIC,Hindy,41,52
16366,2013,FEMALE,WHITE NON HISPANIC,Layla,41,52
16367,2013,FEMALE,WHITE NON HISPANIC,Molly,41,52
16368,2013,FEMALE,WHITE NON HISPANIC,Caroline,41,52
16369,2013,FEMALE,WHITE NON HISPANIC,Riley,41,52
16370,2013,FEMALE,WHITE NON HISPANIC,Talia,41,52
16371,2013,FEMALE,WHITE NON HISPANIC,Natalie,41,52
16372,2013,FEMALE,WHITE NON HISPANIC,Madeleine,41,52
16373,2013,FEMALE,WHITE NON HISPANIC,Ruby,40,53
16374,2013,FEMALE,WHITE NON HISPANIC,Yitty,40,53
16375,2013,FEMALE,WHITE NON HISPANIC,Rochel,39,54
16376,2013,FEMALE,WHITE NON HISPANIC,Emilia,38,55
16377,2013,FEMALE,WHITE NON HISPANIC,Daniella,38,55
16378,2013,FEMALE,WHITE NON HISPANIC,Chava,36,56
16379,2013,FEMALE,WHITE NON HISPANIC,Vivienne,36,56
16380,2013,FEMALE,WHITE NON HISPANIC,Dina,36,56
16381,2013,FEMALE,WHITE NON HISPANIC,Leila,35,57
16382,2013,FEMALE,WHITE NON HISPANIC,Ariella,35,57
16383,2013,FEMALE,WHITE NON HISPANIC,Kayla,35,57
16384,2013,FEMALE,WHITE NON HISPANIC,Audrey,35,57
16385,2013,FEMALE,WHITE NON HISPANIC,Giuliana,35,57
16386,2013,FEMALE,WHITE NON HISPANIC,Josephine,35,57
16387,2013,FEMALE,WHITE NON HISPANIC,Aria,35,57
16388,2013,FEMALE,WHITE NON HISPANIC,Blimy,34,58
16389,2013,FEMALE,WHITE NON HISPANIC,Libby,34,58
16390,2013,FEMALE,WHITE NON HISPANIC,Ariana,34,58
16391,2013,FEMALE,WHITE NON HISPANIC,Sydney,34,58
16392,2013,FEMALE,WHITE NON HISPANIC,Valentina,34,58
16393,2013,FEMALE,WHITE NON HISPANIC,Claire,33,59
16394,2013,FEMALE,WHITE NON HISPANIC,Anastasia,33,59
16395,2013,FEMALE,WHITE NON HISPANIC,Arianna,33,59
16396,2013,FEMALE,WHITE NON HISPANIC,Bella,32,60
16397,2013,FEMALE,WHITE NON HISPANIC,Chany,32,60
16398,2013,FEMALE,WHITE NON HISPANIC,Eliza,32,60
16399,2014,FEMALE,HISPANIC,Londyn,10,73
16400,2013,FEMALE,WHITE NON HISPANIC,Juliet,32,60
16401,2013,FEMALE,WHITE NON HISPANIC,Fraidy,32,60
16402,2013,FEMALE,WHITE NON HISPANIC,Goldy,32,60
16403,2013,FEMALE,WHITE NON HISPANIC,Juliette,31,61
16404,2013,FEMALE,WHITE NON HISPANIC,Mariam,31,61
16405,2013,FEMALE,WHITE NON HISPANIC,Pearl,31,61
16406,2013,FEMALE,WHITE NON HISPANIC,Michelle,30,62
16407,2013,FEMALE,WHITE NON HISPANIC,Batsheva,30,62
16408,2013,FEMALE,WHITE NON HISPANIC,Clara,30,62
16409,2013,FEMALE,WHITE NON HISPANIC,Pessy,29,63
16410,2013,FEMALE,WHITE NON HISPANIC,Esty,29,63
16411,2013,FEMALE,WHITE NON HISPANIC,Nechama,29,63
16412,2013,FEMALE,WHITE NON HISPANIC,Elena,29,63
16413,2013,FEMALE,WHITE NON HISPANIC,Lia,28,64
16414,2013,FEMALE,WHITE NON HISPANIC,Isla,28,64
16415,2013,FEMALE,WHITE NON HISPANIC,Eloise,28,64
16416,2013,FEMALE,WHITE NON HISPANIC,Natalia,28,64
16417,2013,FEMALE,WHITE NON HISPANIC,Yocheved,28,64
16418,2013,FEMALE,WHITE NON HISPANIC,Isabel,27,65
16419,2013,FEMALE,WHITE NON HISPANIC,Annabelle,27,65
16420,2013,FEMALE,WHITE NON HISPANIC,Juliana,27,65
16421,2013,FEMALE,WHITE NON HISPANIC,Sury,27,65
16422,2013,FEMALE,WHITE NON HISPANIC,Francesca,27,65
16423,2013,FEMALE,WHITE NON HISPANIC,Jane,27,65
16424,2013,FEMALE,WHITE NON HISPANIC,Lila,27,65
16425,2013,FEMALE,WHITE NON HISPANIC,Faiga,26,66
16426,2013,FEMALE,WHITE NON HISPANIC,Henny,26,66
16427,2013,FEMALE,WHITE NON HISPANIC,Addison,26,66
16428,2013,FEMALE,WHITE NON HISPANIC,Margaret,25,67
16429,2013,FEMALE,WHITE NON HISPANIC,Alexis,25,67
16430,2013,FEMALE,WHITE NON HISPANIC,Blima,25,67
16431,2013,FEMALE,WHITE NON HISPANIC,Sabrina,24,68
16432,2013,FEMALE,WHITE NON HISPANIC,Shaina,24,68
16433,2013,FEMALE,WHITE NON HISPANIC,Lena,24,68
16434,2013,FEMALE,WHITE NON HISPANIC,Maeve,24,68
16435,2013,FEMALE,WHITE NON HISPANIC,Phoebe,24,68
16436,2013,FEMALE,WHITE NON HISPANIC,Sloane,24,68
16437,2013,FEMALE,WHITE NON HISPANIC,Mindy,24,68
16438,2013,FEMALE,WHITE NON HISPANIC,Zoey,24,68
16439,2013,FEMALE,WHITE NON HISPANIC,Taylor,24,68
16440,2013,FEMALE,WHITE NON HISPANIC,Georgia,23,69
16441,2013,FEMALE,WHITE NON HISPANIC,Hailey,23,69
16442,2013,FEMALE,WHITE NON HISPANIC,Lea,23,69
16443,2013,FEMALE,WHITE NON HISPANIC,Malak,23,69
16444,2013,FEMALE,WHITE NON HISPANIC,Mary,22,70
16445,2013,FEMALE,WHITE NON HISPANIC,Lauren,22,70
16446,2013,FEMALE,WHITE NON HISPANIC,Cora,22,70
16447,2013,FEMALE,WHITE NON HISPANIC,Keira,22,70
16448,2013,FEMALE,WHITE NON HISPANIC,Valerie,22,70
16449,2013,FEMALE,WHITE NON HISPANIC,Cecilia,22,70
16450,2013,FEMALE,WHITE NON HISPANIC,Danielle,22,70
16451,2013,FEMALE,WHITE NON HISPANIC,Adele,21,71
16452,2013,FEMALE,WHITE NON HISPANIC,Hanna,21,71
16453,2013,FEMALE,WHITE NON HISPANIC,Mackenzie,21,71
16454,2013,FEMALE,WHITE NON HISPANIC,Noa,21,71
16455,2013,FEMALE,WHITE NON HISPANIC,Julianna,21,71
16456,2013,FEMALE,WHITE NON HISPANIC,Devora,21,71
16457,2013,FEMALE,WHITE NON HISPANIC,Liliana,21,71
16458,2013,FEMALE,WHITE NON HISPANIC,Skylar,21,71
16459,2013,FEMALE,WHITE NON HISPANIC,Gia,21,71
16460,2013,FEMALE,WHITE NON HISPANIC,Isabelle,21,71
16461,2013,FEMALE,WHITE NON HISPANIC,Veronica,20,72
16462,2013,FEMALE,WHITE NON HISPANIC,Lola,20,72
16463,2013,FEMALE,WHITE NON HISPANIC,Beatrice,20,72
16464,2013,FEMALE,WHITE NON HISPANIC,Jenna,20,72
16465,2013,FEMALE,WHITE NON HISPANIC,Shira,20,72
16466,2013,FEMALE,WHITE NON HISPANIC,Yehudis,20,72
16467,2013,FEMALE,WHITE NON HISPANIC,Zissy,20,72
16468,2013,FEMALE,WHITE NON HISPANIC,Eve,20,72
16469,2013,FEMALE,WHITE NON HISPANIC,Adriana,20,72
16470,2013,FEMALE,WHITE NON HISPANIC,Ellie,20,72
16471,2013,FEMALE,WHITE NON HISPANIC,Madelyn,20,72
16472,2013,FEMALE,WHITE NON HISPANIC,Quinn,20,72
16473,2013,FEMALE,WHITE NON HISPANIC,Brooke,20,72
16474,2013,FEMALE,WHITE NON HISPANIC,Hazel,20,72
16475,2013,FEMALE,WHITE NON HISPANIC,Etty,20,72
16476,2013,FEMALE,WHITE NON HISPANIC,Simone,20,72
16477,2013,FEMALE,WHITE NON HISPANIC,Hana,19,73
16478,2013,FEMALE,WHITE NON HISPANIC,Lucia,19,73
16479,2013,FEMALE,WHITE NON HISPANIC,Diana,19,73
16480,2013,FEMALE,WHITE NON HISPANIC,Milana,19,73
16481,2013,FEMALE,WHITE NON HISPANIC,Olive,19,73
16482,2013,FEMALE,WHITE NON HISPANIC,Liv,19,73
16483,2013,FEMALE,WHITE NON HISPANIC,Yides,19,73
16484,2013,FEMALE,WHITE NON HISPANIC,Bracha,19,73
16485,2013,FEMALE,WHITE NON HISPANIC,Alyssa,19,73
16486,2013,FEMALE,WHITE NON HISPANIC,Kaitlyn,18,74
16487,2013,FEMALE,WHITE NON HISPANIC,Savannah,18,74
16488,2013,FEMALE,WHITE NON HISPANIC,Liana,18,74
16489,2013,FEMALE,WHITE NON HISPANIC,Matilda,18,74
16490,2013,FEMALE,WHITE NON HISPANIC,Aliza,18,74
16491,2013,FEMALE,WHITE NON HISPANIC,Helena,18,74
16492,2013,FEMALE,WHITE NON HISPANIC,Laila,18,74
16493,2013,FEMALE,WHITE NON HISPANIC,Mirel,18,74
16494,2013,FEMALE,WHITE NON HISPANIC,Lyla,18,74
16495,2013,FEMALE,WHITE NON HISPANIC,Gabrielle,18,74
16496,2013,FEMALE,WHITE NON HISPANIC,Gemma,18,74
16497,2013,FEMALE,WHITE NON HISPANIC,Willa,18,74
16498,2013,FEMALE,WHITE NON HISPANIC,Ahuva,18,74
16499,2013,FEMALE,WHITE NON HISPANIC,Reese,18,74
16500,2013,FEMALE,WHITE NON HISPANIC,Shifra,17,75
16501,2013,FEMALE,WHITE NON HISPANIC,Elisheva,17,75
16502,2013,FEMALE,WHITE NON HISPANIC,Amira,17,75
16503,2013,FEMALE,WHITE NON HISPANIC,Kate,17,75
16504,2013,FEMALE,WHITE NON HISPANIC,Daphne,17,75
16505,2013,FEMALE,WHITE NON HISPANIC,Joyce,17,75
16506,2013,FEMALE,WHITE NON HISPANIC,Paige,17,75
16507,2013,FEMALE,WHITE NON HISPANIC,Gabriela,17,75
16508,2013,FEMALE,WHITE NON HISPANIC,Peyton,17,75
16509,2013,FEMALE,WHITE NON HISPANIC,Piper,17,75
16510,2013,FEMALE,WHITE NON HISPANIC,Adina,17,75
16511,2013,FEMALE,WHITE NON HISPANIC,Jessica,17,75
16512,2013,FEMALE,WHITE NON HISPANIC,Jacqueline,16,76
16513,2013,FEMALE,WHITE NON HISPANIC,Beatrix,16,76
16514,2013,FEMALE,WHITE NON HISPANIC,Morgan,16,76
16515,2013,FEMALE,WHITE NON HISPANIC,Kylie,16,76
16516,2013,FEMALE,WHITE NON HISPANIC,Tzipora,16,76
16517,2013,FEMALE,WHITE NON HISPANIC,Luna,16,76
16518,2013,FEMALE,WHITE NON HISPANIC,Claudia,16,76
16519,2013,FEMALE,WHITE NON HISPANIC,Ivy,16,76
16520,2013,FEMALE,WHITE NON HISPANIC,Margot,16,76
16521,2013,FEMALE,WHITE NON HISPANIC,Colette,16,76
16522,2013,FEMALE,WHITE NON HISPANIC,Jana,16,76
16523,2013,FEMALE,WHITE NON HISPANIC,Iris,16,76
16524,2013,FEMALE,WHITE NON HISPANIC,Melanie,15,77
16525,2013,FEMALE,WHITE NON HISPANIC,Norah,15,77
16526,2013,FEMALE,WHITE NON HISPANIC,Alina,15,77
16527,2013,FEMALE,WHITE NON HISPANIC,Amina,15,77
16528,2013,FEMALE,WHITE NON HISPANIC,Yael,15,77
16529,2013,FEMALE,WHITE NON HISPANIC,Amelie,15,77
16530,2013,FEMALE,WHITE NON HISPANIC,Emerson,15,77
16531,2013,FEMALE,WHITE NON HISPANIC,Reagan,15,77
16532,2013,FEMALE,WHITE NON HISPANIC,Raizel,15,77
16533,2013,FEMALE,WHITE NON HISPANIC,Vanessa,15,77
16534,2013,FEMALE,WHITE NON HISPANIC,Judy,15,77
16535,2013,FEMALE,WHITE NON HISPANIC,Tova,15,77
16536,2013,FEMALE,WHITE NON HISPANIC,Annabel,15,77
16537,2013,FEMALE,WHITE NON HISPANIC,Breindy,15,77
16538,2013,FEMALE,WHITE NON HISPANIC,Eden,15,77
16539,2013,FEMALE,WHITE NON HISPANIC,Yasmin,14,78
16540,2013,FEMALE,WHITE NON HISPANIC,Sasha,14,78
16541,2013,FEMALE,WHITE NON HISPANIC,Mikayla,14,78
16542,2013,FEMALE,WHITE NON HISPANIC,Alessandra,14,78
16543,2013,FEMALE,WHITE NON HISPANIC,Genevieve,14,78
16544,2013,FEMALE,WHITE NON HISPANIC,Amy,14,78
16545,2013,FEMALE,WHITE NON HISPANIC,Louisa,14,78
16546,2013,FEMALE,WHITE NON HISPANIC,Lucille,14,78
16547,2013,FEMALE,WHITE NON HISPANIC,Ruchy,14,78
16548,2013,FEMALE,WHITE NON HISPANIC,Salma,14,78
16549,2013,FEMALE,WHITE NON HISPANIC,Brielle,14,78
16550,2013,FEMALE,WHITE NON HISPANIC,Livia,14,78
16551,2013,FEMALE,WHITE NON HISPANIC,Hadley,14,78
16552,2013,FEMALE,WHITE NON HISPANIC,Aubrey,14,78
16553,2013,FEMALE,WHITE NON HISPANIC,Lina,13,79
16554,2013,FEMALE,WHITE NON HISPANIC,Idy,13,79
16555,2013,FEMALE,WHITE NON HISPANIC,Perl,13,79
16556,2013,FEMALE,WHITE NON HISPANIC,Ashley,13,79
16557,2013,FEMALE,WHITE NON HISPANIC,Suri,13,79
16558,2013,FEMALE,WHITE NON HISPANIC,Siena,13,79
16559,2013,FEMALE,WHITE NON HISPANIC,Elise,13,79
16560,2013,FEMALE,WHITE NON HISPANIC,Laura,13,79
16561,2013,FEMALE,WHITE NON HISPANIC,Shoshana,13,79
16562,2013,FEMALE,WHITE NON HISPANIC,Shaindel,13,79
16563,2013,FEMALE,WHITE NON HISPANIC,Ana,13,79
16564,2013,FEMALE,WHITE NON HISPANIC,Frimet,13,79
16565,2013,FEMALE,WHITE NON HISPANIC,Hadassah,13,79
16566,2013,FEMALE,WHITE NON HISPANIC,Anisa,13,79
16567,2013,FEMALE,WHITE NON HISPANIC,Fradel,13,79
16568,2013,FEMALE,WHITE NON HISPANIC,Dahlia,13,79
16569,2013,FEMALE,WHITE NON HISPANIC,Jasmine,13,79
16570,2013,FEMALE,WHITE NON HISPANIC,Gittel,13,79
16571,2013,FEMALE,WHITE NON HISPANIC,Louise,13,79
16572,2013,FEMALE,WHITE NON HISPANIC,Amanda,13,79
16573,2013,FEMALE,WHITE NON HISPANIC,June,13,79
16574,2013,FEMALE,WHITE NON HISPANIC,Mira,13,79
16575,2013,FEMALE,WHITE NON HISPANIC,Liba,13,79
16576,2013,FEMALE,WHITE NON HISPANIC,Mina,13,79
16577,2013,FEMALE,WHITE NON HISPANIC,Adeline,12,80
16578,2013,FEMALE,WHITE NON HISPANIC,Aviva,12,80
16579,2013,FEMALE,WHITE NON HISPANIC,Rifky,12,80
16580,2013,FEMALE,WHITE NON HISPANIC,Miri,12,80
16581,2013,FEMALE,WHITE NON HISPANIC,Adelaide,12,80
16582,2013,FEMALE,WHITE NON HISPANIC,Sima,12,80
16583,2013,FEMALE,WHITE NON HISPANIC,Margaux,12,80
16584,2013,FEMALE,WHITE NON HISPANIC,Mushka,12,80
16585,2013,FEMALE,WHITE NON HISPANIC,Nadia,12,80
16586,2013,FEMALE,WHITE NON HISPANIC,Tessa,12,80
16587,2013,FEMALE,WHITE NON HISPANIC,Lilly,12,80
16588,2013,FEMALE,WHITE NON HISPANIC,Edith,12,80
16589,2013,FEMALE,WHITE NON HISPANIC,Leona,12,80
16590,2013,FEMALE,WHITE NON HISPANIC,Dylan,12,80
16591,2013,FEMALE,WHITE NON HISPANIC,Golda,12,80
16592,2013,FEMALE,WHITE NON HISPANIC,Basya,12,80
16593,2013,FEMALE,WHITE NON HISPANIC,Allison,12,80
16594,2013,FEMALE,WHITE NON HISPANIC,Kaylee,12,80
16595,2013,FEMALE,WHITE NON HISPANIC,Camille,12,80
16596,2013,FEMALE,WHITE NON HISPANIC,Ilana,12,80
16597,2013,FEMALE,WHITE NON HISPANIC,Bridget,12,80
16598,2013,FEMALE,WHITE NON HISPANIC,Amalia,12,80
16599,2013,FEMALE,WHITE NON HISPANIC,Frances,12,80
16600,2013,FEMALE,WHITE NON HISPANIC,Alessia,12,80
16601,2013,FEMALE,WHITE NON HISPANIC,Serena,12,80
16602,2013,FEMALE,WHITE NON HISPANIC,Megan,12,80
16603,2013,FEMALE,WHITE NON HISPANIC,Kira,12,80
16604,2013,FEMALE,WHITE NON HISPANIC,Sabina,11,81
16605,2013,FEMALE,WHITE NON HISPANIC,Giselle,11,81
16606,2013,FEMALE,WHITE NON HISPANIC,Zelda,11,81
16607,2013,FEMALE,WHITE NON HISPANIC,Aisha,11,81
16608,2013,FEMALE,WHITE NON HISPANIC,Leyla,11,81
16609,2013,FEMALE,WHITE NON HISPANIC,Leora,11,81
16610,2013,FEMALE,WHITE NON HISPANIC,Alisa,11,81
16611,2013,FEMALE,WHITE NON HISPANIC,Elsa,11,81
16612,2013,FEMALE,WHITE NON HISPANIC,Anne,11,81
16613,2013,FEMALE,WHITE NON HISPANIC,Antonia,11,81
16614,2013,FEMALE,WHITE NON HISPANIC,Brianna,11,81
16615,2013,FEMALE,WHITE NON HISPANIC,Athena,11,81
16616,2013,FEMALE,WHITE NON HISPANIC,Bruchy,11,81
16617,2013,FEMALE,WHITE NON HISPANIC,Caitlin,11,81
16618,2013,FEMALE,WHITE NON HISPANIC,Ada,11,81
16619,2013,FEMALE,WHITE NON HISPANIC,Adrianna,11,81
16620,2013,FEMALE,WHITE NON HISPANIC,Maryam,11,81
16621,2013,FEMALE,WHITE NON HISPANIC,Mae,11,81
16622,2013,FEMALE,WHITE NON HISPANIC,Luciana,11,81
16623,2013,FEMALE,WHITE NON HISPANIC,Aleksandra,11,81
16624,2013,FEMALE,WHITE NON HISPANIC,Emmeline,11,81
16625,2013,FEMALE,WHITE NON HISPANIC,Farah,11,81
16626,2013,FEMALE,WHITE NON HISPANIC,Layan,11,81
16627,2013,FEMALE,WHITE NON HISPANIC,Julie,11,81
16628,2013,FEMALE,WHITE NON HISPANIC,Poppy,11,81
16629,2013,FEMALE,WHITE NON HISPANIC,Summer,11,81
16630,2013,FEMALE,WHITE NON HISPANIC,Alexia,10,82
16631,2013,FEMALE,WHITE NON HISPANIC,Camilla,10,82
16632,2013,FEMALE,WHITE NON HISPANIC,Romy,10,82
16633,2013,FEMALE,WHITE NON HISPANIC,Katerina,10,82
16634,2013,FEMALE,WHITE NON HISPANIC,Clementine,10,82
16635,2013,FEMALE,WHITE NON HISPANIC,Avigail,10,82
16636,2013,FEMALE,WHITE NON HISPANIC,Freya,10,82
16637,2013,FEMALE,WHITE NON HISPANIC,Sage,10,82
16638,2013,FEMALE,WHITE NON HISPANIC,Renee,10,82
16639,2013,FEMALE,WHITE NON HISPANIC,Trany,10,82
16640,2013,FEMALE,WHITE NON HISPANIC,Sylvia,10,82
16641,2013,FEMALE,WHITE NON HISPANIC,Michal,10,82
16642,2013,FEMALE,WHITE NON HISPANIC,Lydia,10,82
16643,2013,FEMALE,WHITE NON HISPANIC,Tamar,10,82
16644,2013,FEMALE,WHITE NON HISPANIC,Christina,10,82
16645,2013,FEMALE,WHITE NON HISPANIC,Lara,10,82
16646,2013,FEMALE,WHITE NON HISPANIC,Roiza,10,82
16647,2013,FEMALE,WHITE NON HISPANIC,Jordyn,10,82
16648,2013,FEMALE,WHITE NON HISPANIC,Daisy,10,82
16649,2013,FEMALE,WHITE NON HISPANIC,Jordan,10,82
16650,2013,FEMALE,WHITE NON HISPANIC,Celine,10,82
16651,2013,FEMALE,WHITE NON HISPANIC,Aurora,10,82
16652,2013,FEMALE,WHITE NON HISPANIC,Chiara,10,82
16653,2013,FEMALE,WHITE NON HISPANIC,Jasmina,10,82
16654,2013,FEMALE,WHITE NON HISPANIC,Chavy,10,82
16655,2013,FEMALE,WHITE NON HISPANIC,Hinda,10,82
16656,2013,FEMALE,WHITE NON HISPANIC,Alma,10,82
16657,2013,FEMALE,WHITE NON HISPANIC,Cassidy,10,82
16658,2013,FEMALE,WHITE NON HISPANIC,Ester,10,82
16659,2013,FEMALE,WHITE NON HISPANIC,Fatima,10,82
17660,2012,FEMALE,ASIAN AND PACI,CHLOE,172,1
17661,2012,FEMALE,ASIAN AND PACI,SOPHIA,144,2
17662,2012,FEMALE,ASIAN AND PACI,OLIVIA,132,3
17663,2012,FEMALE,ASIAN AND PACI,EMILY,110,4
17664,2012,FEMALE,ASIAN AND PACI,EMMA,97,5
17665,2012,FEMALE,ASIAN AND PACI,ISABELLA,64,6
17666,2012,FEMALE,ASIAN AND PACI,ELLA,52,7
17667,2012,FEMALE,ASIAN AND PACI,ANGELA,52,7
17668,2012,FEMALE,ASIAN AND PACI,GRACE,51,8
17669,2012,FEMALE,ASIAN AND PACI,HAILEY,50,9
17670,2012,FEMALE,ASIAN AND PACI,FIONA,49,10
17671,2012,FEMALE,ASIAN AND PACI,MIA,49,10
17672,2012,FEMALE,ASIAN AND PACI,MICHELLE,48,11
17673,2012,FEMALE,ASIAN AND PACI,AVA,47,12
17674,2012,FEMALE,ASIAN AND PACI,SARAH,47,12
17675,2012,FEMALE,ASIAN AND PACI,HANNAH,46,13
17676,2012,FEMALE,ASIAN AND PACI,ASHLEY,45,14
17677,2012,FEMALE,ASIAN AND PACI,TIFFANY,42,15
17678,2012,FEMALE,ASIAN AND PACI,SELINA,41,16
17679,2012,FEMALE,ASIAN AND PACI,VIVIAN,40,17
17680,2012,FEMALE,ASIAN AND PACI,JESSICA,40,17
17681,2012,FEMALE,ASIAN AND PACI,SOPHIE,40,17
17682,2012,FEMALE,ASIAN AND PACI,ANNA,39,18
17683,2012,FEMALE,ASIAN AND PACI,ALICE,37,19
17684,2012,FEMALE,ASIAN AND PACI,JOANNA,37,19
17685,2012,FEMALE,ASIAN AND PACI,KATHERINE,37,19
17686,2012,FEMALE,ASIAN AND PACI,EVELYN,37,19
17687,2012,FEMALE,ASIAN AND PACI,AUDREY,35,20
17688,2012,FEMALE,ASIAN AND PACI,IVY,35,20
17689,2012,FEMALE,ASIAN AND PACI,SAMANTHA,34,21
17690,2012,FEMALE,ASIAN AND PACI,FATIMA,33,22
17691,2012,FEMALE,ASIAN AND PACI,STELLA,33,22
17692,2012,FEMALE,ASIAN AND PACI,ZOE,32,23
17693,2012,FEMALE,ASIAN AND PACI,NICOLE,32,23
17694,2012,FEMALE,ASIAN AND PACI,ELIZABETH,31,24
17695,2012,FEMALE,ASIAN AND PACI,TENZIN,31,24
17696,2012,FEMALE,ASIAN AND PACI,ALINA,30,25
17697,2012,FEMALE,ASIAN AND PACI,ABIGAIL,29,26
17698,2012,FEMALE,ASIAN AND PACI,WINNIE,29,26
17699,2012,FEMALE,ASIAN AND PACI,NATALIE,29,26
17700,2012,FEMALE,ASIAN AND PACI,EVA,28,27
17701,2012,FEMALE,ASIAN AND PACI,JOYCE,28,27
17702,2012,FEMALE,ASIAN AND PACI,MAYA,28,27
17703,2012,FEMALE,ASIAN AND PACI,CLAIRE,27,28
17704,2012,FEMALE,ASIAN AND PACI,MELODY,26,29
17705,2012,FEMALE,ASIAN AND PACI,JASMINE,26,29
17706,2012,FEMALE,ASIAN AND PACI,JENNY,26,29
17707,2012,FEMALE,ASIAN AND PACI,CATHERINE,26,29
17708,2012,FEMALE,ASIAN AND PACI,VICTORIA,25,30
17709,2012,FEMALE,ASIAN AND PACI,ANNIE,25,30
17710,2012,FEMALE,ASIAN AND PACI,VICKY,25,30
17711,2012,FEMALE,ASIAN AND PACI,SOFIA,24,31
17712,2012,FEMALE,ASIAN AND PACI,RACHEL,24,31
17713,2012,FEMALE,ASIAN AND PACI,KAYLEE,24,31
17714,2012,FEMALE,ASIAN AND PACI,SARA,24,31
17715,2012,FEMALE,ASIAN AND PACI,ERICA,23,32
17716,2012,FEMALE,ASIAN AND PACI,IRENE,23,32
17717,2012,FEMALE,ASIAN AND PACI,AMY,23,32
17718,2012,FEMALE,ASIAN AND PACI,JENNIFER,23,32
17719,2012,FEMALE,ASIAN AND PACI,CHARLOTTE,22,33
17720,2012,FEMALE,ASIAN AND PACI,SERENA,22,33
17721,2012,FEMALE,ASIAN AND PACI,PHOEBE,22,33
17722,2012,FEMALE,ASIAN AND PACI,SELENA,22,33
17723,2012,FEMALE,ASIAN AND PACI,AMANDA,22,33
17724,2012,FEMALE,ASIAN AND PACI,LILY,22,33
17725,2012,FEMALE,ASIAN AND PACI,SABRINA,22,33
17726,2012,FEMALE,ASIAN AND PACI,ARIA,22,33
17727,2012,FEMALE,ASIAN AND PACI,IRIS,21,34
17728,2012,FEMALE,ASIAN AND PACI,ARIANNA,21,34
17729,2012,FEMALE,ASIAN AND PACI,AVERY,21,34
17730,2012,FEMALE,ASIAN AND PACI,ELAINE,21,34
17731,2012,FEMALE,ASIAN AND PACI,AMELIA,20,35
17732,2012,FEMALE,ASIAN AND PACI,ZOEY,20,35
17733,2012,FEMALE,ASIAN AND PACI,MADISON,20,35
17734,2012,FEMALE,ASIAN AND PACI,KAITLYN,20,35
17735,2012,FEMALE,ASIAN AND PACI,QUEENIE,20,35
17736,2012,FEMALE,ASIAN AND PACI,SHIRLEY,20,35
17737,2012,FEMALE,ASIAN AND PACI,AYESHA,19,36
17738,2012,FEMALE,ASIAN AND PACI,JOCELYN,19,36
17739,2012,FEMALE,ASIAN AND PACI,BELLA,19,36
17740,2012,FEMALE,ASIAN AND PACI,CYNTHIA,19,36
17741,2012,FEMALE,ASIAN AND PACI,STEPHANIE,19,36
17742,2012,FEMALE,ASIAN AND PACI,AMBER,19,36
17743,2012,FEMALE,ASIAN AND PACI,ANYA,19,36
17744,2012,FEMALE,ASIAN AND PACI,MEGAN,19,36
17745,2012,FEMALE,ASIAN AND PACI,ALEXIS,18,37
17746,2012,FEMALE,ASIAN AND PACI,JANNAT,18,37
17747,2012,FEMALE,ASIAN AND PACI,ZAINAB,18,37
17748,2012,FEMALE,ASIAN AND PACI,CHELSEA,18,37
17749,2012,FEMALE,ASIAN AND PACI,ARIANA,18,37
17750,2012,FEMALE,ASIAN AND PACI,ALYSSA,18,37
17751,2012,FEMALE,ASIAN AND PACI,CHRISTINA,18,37
17752,2012,FEMALE,ASIAN AND PACI,AMINA,18,37
17753,2012,FEMALE,ASIAN AND PACI,ANGELINA,17,38
17754,2012,FEMALE,ASIAN AND PACI,ZARA,17,38
17755,2012,FEMALE,ASIAN AND PACI,LINDA,17,38
17756,2012,FEMALE,ASIAN AND PACI,ELLIE,17,38
17757,2012,FEMALE,ASIAN AND PACI,ISABELLE,17,38
17758,2012,FEMALE,ASIAN AND PACI,KAYLA,17,38
17759,2012,FEMALE,ASIAN AND PACI,NINA,17,38
17760,2012,FEMALE,ASIAN AND PACI,CRYSTAL,17,38
17761,2012,FEMALE,ASIAN AND PACI,KATE,17,38
17762,2012,FEMALE,ASIAN AND PACI,XIN,17,38
17763,2012,FEMALE,ASIAN AND PACI,ERIN,16,39
17764,2012,FEMALE,ASIAN AND PACI,ESTHER,16,39
17765,2012,FEMALE,ASIAN AND PACI,LEAH,16,39
17766,2012,FEMALE,ASIAN AND PACI,ALLISON,16,39
17767,2012,FEMALE,ASIAN AND PACI,LILLIAN,16,39
17768,2012,FEMALE,ASIAN AND PACI,MAGGIE,16,39
17769,2012,FEMALE,ASIAN AND PACI,KYLIE,15,40
17770,2012,FEMALE,ASIAN AND PACI,GABRIELLA,15,40
17771,2012,FEMALE,ASIAN AND PACI,EILEEN,15,40
17772,2012,FEMALE,ASIAN AND PACI,ELEANOR,15,40
17773,2012,FEMALE,ASIAN AND PACI,VANESSA,15,40
17774,2012,FEMALE,ASIAN AND PACI,CINDY,15,40
17775,2012,FEMALE,ASIAN AND PACI,TINA,15,40
17776,2012,FEMALE,ASIAN AND PACI,CONNIE,15,40
17777,2012,FEMALE,ASIAN AND PACI,MANHA,15,40
17778,2012,FEMALE,ASIAN AND PACI,MANDY,15,40
17779,2012,FEMALE,ASIAN AND PACI,JANICE,14,41
17780,2012,FEMALE,ASIAN AND PACI,REBECCA,14,41
17781,2012,FEMALE,ASIAN AND PACI,JOY,14,41
17782,2012,FEMALE,ASIAN AND PACI,ANGEL,14,41
17783,2012,FEMALE,ASIAN AND PACI,MILA,14,41
17784,2012,FEMALE,ASIAN AND PACI,SHARON,14,41
17785,2012,FEMALE,ASIAN AND PACI,CHRISTINE,14,41
17786,2012,FEMALE,ASIAN AND PACI,ZAHRA,14,41
17787,2012,FEMALE,ASIAN AND PACI,ANISHA,14,41
17788,2012,FEMALE,ASIAN AND PACI,ELINA,14,41
17789,2012,FEMALE,ASIAN AND PACI,KELLY,13,42
17790,2012,FEMALE,ASIAN AND PACI,KIMBERLY,13,42
17791,2012,FEMALE,ASIAN AND PACI,KAREN,13,42
17792,2012,FEMALE,ASIAN AND PACI,DORIS,13,42
17793,2012,FEMALE,ASIAN AND PACI,LAYLA,13,42
17794,2012,FEMALE,ASIAN AND PACI,ALISHA,13,42
17795,2012,FEMALE,ASIAN AND PACI,MARYAM,13,42
17796,2012,FEMALE,ASIAN AND PACI,ARYA,13,42
17797,2012,FEMALE,ASIAN AND PACI,SHERRY,13,42
17798,2012,FEMALE,ASIAN AND PACI,LYDIA,13,42
17799,2012,FEMALE,ASIAN AND PACI,SYDNEY,13,42
17800,2012,FEMALE,ASIAN AND PACI,LAUREN,12,43
17801,2012,FEMALE,ASIAN AND PACI,HELEN,12,43
17802,2012,FEMALE,ASIAN AND PACI,BONNIE,12,43
17803,2012,FEMALE,ASIAN AND PACI,ANNABELLE,12,43
17804,2012,FEMALE,ASIAN AND PACI,ARIEL,12,43
17805,2012,FEMALE,ASIAN AND PACI,CECILIA,12,43
17806,2012,FEMALE,ASIAN AND PACI,ANAYA,12,43
17807,2012,FEMALE,ASIAN AND PACI,ALEXANDRA,12,43
17808,2012,FEMALE,ASIAN AND PACI,ADA,12,43
17809,2012,FEMALE,ASIAN AND PACI,KATELYN,12,43
17810,2012,FEMALE,ASIAN AND PACI,KHLOE,12,43
17811,2012,FEMALE,ASIAN AND PACI,KATIE,12,43
17812,2012,FEMALE,ASIAN AND PACI,ELENA,11,44
17813,2012,FEMALE,ASIAN AND PACI,AISHA,11,44
17814,2012,FEMALE,ASIAN AND PACI,ABBY,11,44
17815,2012,FEMALE,ASIAN AND PACI,SAVANNAH,11,44
17816,2012,FEMALE,ASIAN AND PACI,HAREEM,11,44
17817,2012,FEMALE,ASIAN AND PACI,MIRANDA,11,44
17818,2012,FEMALE,ASIAN AND PACI,CAROLINE,11,44
17819,2012,FEMALE,ASIAN AND PACI,ARISHA,11,44
17820,2012,FEMALE,ASIAN AND PACI,AMAYA,11,44
17821,2012,FEMALE,ASIAN AND PACI,DAPHNE,11,44
17822,2012,FEMALE,ASIAN AND PACI,MELANIE,11,44
17823,2012,FEMALE,ASIAN AND PACI,HAFSA,11,44
17824,2012,FEMALE,ASIAN AND PACI,DIYA,11,44
17825,2012,FEMALE,ASIAN AND PACI,ATHENA,10,45
17826,2012,FEMALE,ASIAN AND PACI,BRIANNA,10,45
17827,2012,FEMALE,ASIAN AND PACI,HAZEL,10,45
17828,2012,FEMALE,ASIAN AND PACI,PENELOPE,10,45
17829,2012,FEMALE,ASIAN AND PACI,JOLIN,10,45
17830,2012,FEMALE,ASIAN AND PACI,JULIA,10,45
17831,2012,FEMALE,ASIAN AND PACI,TASNIM,10,45
17832,2012,FEMALE,ASIAN AND PACI,SYEDA,10,45
17833,2012,FEMALE,ASIAN AND PACI,VIOLET,10,45
17834,2012,FEMALE,ASIAN AND PACI,RILEY,10,45
17835,2012,FEMALE,ASIAN AND PACI,MADELEINE,10,45
17836,2012,FEMALE,ASIAN AND PACI,SUMMER,10,45
17837,2012,FEMALE,ASIAN AND PACI,JUDY,10,45
17838,2012,FEMALE,ASIAN AND PACI,FAITH,10,45
17839,2012,FEMALE,BLACK NON HISP,MADISON,159,1
17840,2012,FEMALE,BLACK NON HISP,LONDON,87,2
17841,2012,FEMALE,BLACK NON HISP,TAYLOR,71,3
17842,2012,FEMALE,BLACK NON HISP,CHLOE,70,4
17843,2012,FEMALE,BLACK NON HISP,ABIGAIL,66,5
17844,2012,FEMALE,BLACK NON HISP,KAYLA,62,6
17845,2012,FEMALE,BLACK NON HISP,SERENITY,59,7
17846,2012,FEMALE,BLACK NON HISP,OLIVIA,58,8
17847,2012,FEMALE,BLACK NON HISP,NEVAEH,57,9
17848,2012,FEMALE,BLACK NON HISP,AALIYAH,55,10
17849,2012,FEMALE,BLACK NON HISP,MAKAYLA,53,11
17850,2012,FEMALE,BLACK NON HISP,KHLOE,49,12
17851,2012,FEMALE,BLACK NON HISP,AVA,48,13
17852,2012,FEMALE,BLACK NON HISP,NYLA,47,14
17853,2012,FEMALE,BLACK NON HISP,FATOUMATA,46,15
17854,2012,FEMALE,BLACK NON HISP,ISABELLA,43,16
17855,2012,FEMALE,BLACK NON HISP,SKYLAR,43,16
17856,2012,FEMALE,BLACK NON HISP,BRIELLE,42,17
17857,2012,FEMALE,BLACK NON HISP,FAITH,42,17
17858,2012,FEMALE,BLACK NON HISP,GABRIELLE,42,17
17859,2012,FEMALE,BLACK NON HISP,MIA,41,18
17860,2012,FEMALE,BLACK NON HISP,VICTORIA,39,19
17861,2012,FEMALE,BLACK NON HISP,ARIANNA,38,20
17862,2012,FEMALE,BLACK NON HISP,DESTINY,38,20
17863,2012,FEMALE,BLACK NON HISP,LAILA,38,20
17864,2012,FEMALE,BLACK NON HISP,SAVANNAH,37,21
17865,2012,FEMALE,BLACK NON HISP,AMAYA,37,21
17866,2012,FEMALE,BLACK NON HISP,ARIEL,36,22
17867,2012,FEMALE,BLACK NON HISP,ZOE,36,22
17868,2012,FEMALE,BLACK NON HISP,PEYTON,36,22
17869,2012,FEMALE,BLACK NON HISP,LEAH,35,23
17870,2012,FEMALE,BLACK NON HISP,EMILY,35,23
17871,2012,FEMALE,BLACK NON HISP,IMANI,34,24
17872,2012,FEMALE,BLACK NON HISP,MARIAM,34,24
17873,2012,FEMALE,BLACK NON HISP,NAOMI,33,25
17874,2012,FEMALE,BLACK NON HISP,LAUREN,32,26
17875,2012,FEMALE,BLACK NON HISP,BRIANNA,32,26
17876,2012,FEMALE,BLACK NON HISP,NIA,32,26
17877,2012,FEMALE,BLACK NON HISP,JADE,32,26
17878,2012,FEMALE,BLACK NON HISP,NYLAH,31,27
17879,2012,FEMALE,BLACK NON HISP,KYLIE,31,27
17880,2012,FEMALE,BLACK NON HISP,ELIZABETH,31,27
17881,2012,FEMALE,BLACK NON HISP,ALYSSA,30,28
17882,2012,FEMALE,BLACK NON HISP,ANIYAH,30,28
17883,2012,FEMALE,BLACK NON HISP,KAYLEE,30,28
17884,2012,FEMALE,BLACK NON HISP,AUTUMN,29,29
17885,2012,FEMALE,BLACK NON HISP,FATIMA,29,29
17886,2012,FEMALE,BLACK NON HISP,PARIS,29,29
17887,2012,FEMALE,BLACK NON HISP,CHELSEA,29,29
17888,2012,FEMALE,BLACK NON HISP,SARAH,29,29
17889,2012,FEMALE,BLACK NON HISP,SKYLA,29,29
17890,2012,FEMALE,BLACK NON HISP,MAYA,29,29
17891,2012,FEMALE,BLACK NON HISP,JADA,28,30
17892,2012,FEMALE,BLACK NON HISP,HAILEY,28,30
17893,2012,FEMALE,BLACK NON HISP,AMIRAH,27,31
17894,2012,FEMALE,BLACK NON HISP,EMMA,27,31
17895,2012,FEMALE,BLACK NON HISP,AUBREY,27,31
17896,2012,FEMALE,BLACK NON HISP,SUMMER,27,31
17897,2012,FEMALE,BLACK NON HISP,JASMINE,27,31
17898,2012,FEMALE,BLACK NON HISP,HEAVEN,25,32
17899,2012,FEMALE,BLACK NON HISP,KENNEDY,25,32
17900,2012,FEMALE,BLACK NON HISP,PAIGE,25,32
17901,2012,FEMALE,BLACK NON HISP,JAYLA,25,32
17902,2012,FEMALE,BLACK NON HISP,GABRIELLA,25,32
17903,2012,FEMALE,BLACK NON HISP,ALANA,25,32
17904,2012,FEMALE,BLACK NON HISP,MORGAN,24,33
17905,2012,FEMALE,BLACK NON HISP,MARIAMA,24,33
17906,2012,FEMALE,BLACK NON HISP,KIMORA,23,34
17907,2012,FEMALE,BLACK NON HISP,MELANIE,23,34
17908,2012,FEMALE,BLACK NON HISP,RILEY,23,34
17909,2012,FEMALE,BLACK NON HISP,SOPHIA,23,34
17910,2012,FEMALE,BLACK NON HISP,ARIELLE,23,34
17911,2012,FEMALE,BLACK NON HISP,MILAN,23,34
17912,2012,FEMALE,BLACK NON HISP,SANAA,22,35
17913,2012,FEMALE,BLACK NON HISP,HARMONY,22,35
17914,2012,FEMALE,BLACK NON HISP,ZOEY,22,35
17915,2012,FEMALE,BLACK NON HISP,MARIAH,22,35
17916,2012,FEMALE,BLACK NON HISP,HANNAH,22,35
17917,2012,FEMALE,BLACK NON HISP,MCKENZIE,22,35
17918,2012,FEMALE,BLACK NON HISP,GENESIS,21,36
17919,2012,FEMALE,BLACK NON HISP,MALIA,21,36
17920,2012,FEMALE,BLACK NON HISP,MYA,21,36
17921,2012,FEMALE,BLACK NON HISP,LONDYN,20,37
17922,2012,FEMALE,BLACK NON HISP,AMINATA,20,37
17923,2012,FEMALE,BLACK NON HISP,TAMIA,20,37
17924,2012,FEMALE,BLACK NON HISP,LAYLA,20,37
17925,2012,FEMALE,BLACK NON HISP,GRACE,20,37
17926,2012,FEMALE,BLACK NON HISP,MACKENZIE,20,37
17927,2012,FEMALE,BLACK NON HISP,ALIYAH,20,37
17928,2012,FEMALE,BLACK NON HISP,AISHA,19,38
17929,2012,FEMALE,BLACK NON HISP,JORDYN,19,38
17930,2012,FEMALE,BLACK NON HISP,TRINITY,19,38
17931,2012,FEMALE,BLACK NON HISP,SANAI,19,38
17932,2012,FEMALE,BLACK NON HISP,ARIANA,19,38
17933,2012,FEMALE,BLACK NON HISP,ARIA,19,38
17934,2012,FEMALE,BLACK NON HISP,MIRACLE,18,39
17935,2012,FEMALE,BLACK NON HISP,SAMANTHA,18,39
17936,2012,FEMALE,BLACK NON HISP,VANESSA,17,40
17937,2012,FEMALE,BLACK NON HISP,SYDNEY,17,40
17938,2012,FEMALE,BLACK NON HISP,MIKAYLA,17,40
17939,2012,FEMALE,BLACK NON HISP,JANELLE,17,40
17940,2012,FEMALE,BLACK NON HISP,LEILANI,17,40
17941,2012,FEMALE,BLACK NON HISP,GIANNA,17,40
17942,2012,FEMALE,BLACK NON HISP,TIANA,17,40
17943,2012,FEMALE,BLACK NON HISP,ASHLEY,17,40
17944,2012,FEMALE,BLACK NON HISP,AMIRA,16,41
17945,2012,FEMALE,BLACK NON HISP,AMELIA,16,41
17946,2012,FEMALE,BLACK NON HISP,KELSEY,16,41
17947,2012,FEMALE,BLACK NON HISP,FANTA,16,41
17948,2012,FEMALE,BLACK NON HISP,SANIYAH,16,41
17949,2012,FEMALE,BLACK NON HISP,SARAI,16,41
17950,2012,FEMALE,BLACK NON HISP,LYRIC,16,41
17951,2012,FEMALE,BLACK NON HISP,JALIYAH,16,41
17952,2012,FEMALE,BLACK NON HISP,SARIAH,15,42
17953,2012,FEMALE,BLACK NON HISP,KYLA,15,42
17954,2012,FEMALE,BLACK NON HISP,KYLEE,15,42
17955,2012,FEMALE,BLACK NON HISP,JANIYAH,15,42
17956,2012,FEMALE,BLACK NON HISP,SAMARA,15,42
17957,2012,FEMALE,BLACK NON HISP,ALICIA,15,42
17958,2012,FEMALE,BLACK NON HISP,MELODY,14,43
17959,2012,FEMALE,BLACK NON HISP,MALIYAH,14,43
17960,2012,FEMALE,BLACK NON HISP,AUBREE,14,43
17961,2012,FEMALE,BLACK NON HISP,BELLA,14,43
17962,2012,FEMALE,BLACK NON HISP,MICHELLE,14,43
17963,2012,FEMALE,BLACK NON HISP,KAITLYN,14,43
17964,2012,FEMALE,BLACK NON HISP,CHRISTINA,14,43
17965,2012,FEMALE,BLACK NON HISP,AICHA,14,43
17966,2012,FEMALE,BLACK NON HISP,SKYLAH,14,43
17967,2012,FEMALE,BLACK NON HISP,AMIYAH,14,43
17968,2012,FEMALE,BLACK NON HISP,ANGEL,14,43
17969,2012,FEMALE,BLACK NON HISP,ALANI,13,44
17970,2012,FEMALE,BLACK NON HISP,HAWA,13,44
17971,2012,FEMALE,BLACK NON HISP,SASHA,13,44
17972,2012,FEMALE,BLACK NON HISP,KIARA,13,44
17973,2012,FEMALE,BLACK NON HISP,OUMOU,13,44
17974,2012,FEMALE,BLACK NON HISP,AYANNA,13,44
17975,2012,FEMALE,BLACK NON HISP,SKYE,13,44
17976,2012,FEMALE,BLACK NON HISP,AISSATOU,13,44
17977,2012,FEMALE,BLACK NON HISP,ANGELINA,13,44
17978,2012,FEMALE,BLACK NON HISP,TORI,13,44
17979,2012,FEMALE,BLACK NON HISP,ALEXIS,12,45
17980,2012,FEMALE,BLACK NON HISP,JAYDA,12,45
17981,2012,FEMALE,BLACK NON HISP,LILY,12,45
17982,2012,FEMALE,BLACK NON HISP,ALEXA,12,45
17983,2012,FEMALE,BLACK NON HISP,SAMIYAH,12,45
17984,2012,FEMALE,BLACK NON HISP,ADRIANNA,11,46
17985,2012,FEMALE,BLACK NON HISP,AMINA,11,46
17986,2012,FEMALE,BLACK NON HISP,ANIYA,11,46
17987,2012,FEMALE,BLACK NON HISP,AMANDA,11,46
17988,2012,FEMALE,BLACK NON HISP,JESSICA,11,46
17989,2012,FEMALE,BLACK NON HISP,BINTOU,11,46
17990,2012,FEMALE,BLACK NON HISP,VIOLET,11,46
17991,2012,FEMALE,BLACK NON HISP,PHOENIX,11,46
17992,2012,FEMALE,BLACK NON HISP,TALIA,11,46
17993,2012,FEMALE,BLACK NON HISP,ERIN,11,46
17994,2012,FEMALE,BLACK NON HISP,MAKENZIE,11,46
17995,2012,FEMALE,BLACK NON HISP,PRINCESS,11,46
17996,2012,FEMALE,BLACK NON HISP,MEGAN,11,46
17997,2012,FEMALE,BLACK NON HISP,CAMILLE,10,47
17998,2012,FEMALE,BLACK NON HISP,SHAYLA,10,47
17999,2012,FEMALE,BLACK NON HISP,AMBER,10,47
18000,2012,FEMALE,BLACK NON HISP,STEPHANIE,10,47
18001,2012,FEMALE,BLACK NON HISP,JORDAN,10,47
18002,2012,FEMALE,BLACK NON HISP,ELISE,10,47
18003,2012,FEMALE,BLACK NON HISP,CHEYENNE,10,47
18004,2012,FEMALE,BLACK NON HISP,KALIYAH,10,47
18005,2012,FEMALE,BLACK NON HISP,DANIELLE,10,47
18006,2012,FEMALE,BLACK NON HISP,AWA,10,47
18007,2012,FEMALE,BLACK NON HISP,WYNTER,10,47
18008,2012,FEMALE,BLACK NON HISP,ZURI,10,47
18009,2012,FEMALE,BLACK NON HISP,DEBORAH,10,47
18010,2012,FEMALE,HISPANIC,ISABELLA,327,1
18011,2012,FEMALE,HISPANIC,SOPHIA,236,2
18012,2012,FEMALE,HISPANIC,MIA,207,3
18013,2012,FEMALE,HISPANIC,EMILY,186,4
18014,2012,FEMALE,HISPANIC,SOFIA,165,5
18015,2012,FEMALE,HISPANIC,CAMILA,161,6
18016,2012,FEMALE,HISPANIC,ASHLEY,159,7
18017,2012,FEMALE,HISPANIC,MADISON,140,8
18018,2012,FEMALE,HISPANIC,EMMA,125,9
18019,2012,FEMALE,HISPANIC,GENESIS,117,10
18020,2012,FEMALE,HISPANIC,SAMANTHA,109,11
18021,2012,FEMALE,HISPANIC,MELANIE,107,12
18022,2012,FEMALE,HISPANIC,BRIANNA,105,13
18023,2012,FEMALE,HISPANIC,LEAH,103,14
18024,2012,FEMALE,HISPANIC,ABIGAIL,99,15
18025,2012,FEMALE,HISPANIC,HAILEY,95,16
18026,2012,FEMALE,HISPANIC,KAYLEE,92,17
18027,2012,FEMALE,HISPANIC,VICTORIA,91,18
18028,2012,FEMALE,HISPANIC,ALLISON,86,19
18029,2012,FEMALE,HISPANIC,KIMBERLY,85,20
18030,2012,FEMALE,HISPANIC,GABRIELLA,79,21
18031,2012,FEMALE,HISPANIC,ARIANNA,77,22
18032,2012,FEMALE,HISPANIC,OLIVIA,77,22
18033,2012,FEMALE,HISPANIC,AVA,76,23
18034,2012,FEMALE,HISPANIC,EMELY,71,24
18035,2012,FEMALE,HISPANIC,ELIZABETH,69,25
18036,2012,FEMALE,HISPANIC,AALIYAH,68,26
18037,2012,FEMALE,HISPANIC,AMY,68,26
18038,2012,FEMALE,HISPANIC,VALENTINA,68,26
18039,2012,FEMALE,HISPANIC,ZOE,67,27
18040,2012,FEMALE,HISPANIC,ALEXA,66,28
18041,2012,FEMALE,HISPANIC,SCARLETT,64,29
18042,2012,FEMALE,HISPANIC,GABRIELA,64,29
18043,2012,FEMALE,HISPANIC,ARIANA,63,30
18044,2012,FEMALE,HISPANIC,DANIELA,60,31
18045,2012,FEMALE,HISPANIC,JENNIFER,60,31
18046,2012,FEMALE,HISPANIC,ANGELINA,59,32
18047,2012,FEMALE,HISPANIC,ADRIANA,59,32
18048,2012,FEMALE,HISPANIC,KAYLA,58,33
18049,2012,FEMALE,HISPANIC,NICOLE,58,33
18050,2012,FEMALE,HISPANIC,JADE,57,34
18051,2012,FEMALE,HISPANIC,CHLOE,57,34
18052,2012,FEMALE,HISPANIC,MARIA,55,35
18053,2012,FEMALE,HISPANIC,SERENITY,54,36
18054,2012,FEMALE,HISPANIC,VALERIE,53,37
18055,2012,FEMALE,HISPANIC,MELISSA,51,38
18056,2012,FEMALE,HISPANIC,KHLOE,50,39
18057,2012,FEMALE,HISPANIC,ANDREA,49,40
18059,2012,FEMALE,HISPANIC,STEPHANIE,48,41
18060,2012,FEMALE,HISPANIC,GIANNA,48,41
18061,2012,FEMALE,HISPANIC,ALYSSA,48,41
18062,2012,FEMALE,HISPANIC,YARETZI,48,41
18063,2012,FEMALE,HISPANIC,EVELYN,47,42
18064,2012,FEMALE,HISPANIC,LAYLA,47,42
18065,2012,FEMALE,HISPANIC,BELLA,46,43
18066,2012,FEMALE,HISPANIC,CHELSEA,45,44
18067,2012,FEMALE,HISPANIC,VANESSA,44,45
18068,2012,FEMALE,HISPANIC,SARAH,43,46
18069,2012,FEMALE,HISPANIC,DIANA,42,47
18070,2012,FEMALE,HISPANIC,MICHELLE,42,47
18071,2012,FEMALE,HISPANIC,AMELIA,42,47
18072,2012,FEMALE,HISPANIC,EVA,42,47
18073,2012,FEMALE,HISPANIC,AMANDA,42,47
18074,2012,FEMALE,HISPANIC,SAVANNAH,41,48
18075,2012,FEMALE,HISPANIC,ALEXANDRA,41,48
18076,2012,FEMALE,HISPANIC,DESTINY,40,49
18077,2012,FEMALE,HISPANIC,GISELLE,40,49
18078,2012,FEMALE,HISPANIC,ISABEL,40,49
18079,2012,FEMALE,HISPANIC,MAYA,39,50
18080,2012,FEMALE,HISPANIC,NATALIE,39,50
18081,2012,FEMALE,HISPANIC,JOCELYN,39,50
18082,2012,FEMALE,HISPANIC,ANA,38,51
18083,2012,FEMALE,HISPANIC,VALERIA,37,52
18084,2012,FEMALE,HISPANIC,LONDON,37,52
18085,2012,FEMALE,HISPANIC,KATHERINE,37,52
18086,2012,FEMALE,HISPANIC,AMAYA,36,53
18087,2012,FEMALE,HISPANIC,NATALIA,36,53
18088,2012,FEMALE,HISPANIC,JAYLEEN,36,53
18089,2012,FEMALE,HISPANIC,NAOMI,35,54
18090,2012,FEMALE,HISPANIC,LEILANI,35,54
18091,2012,FEMALE,HISPANIC,KYLIE,35,54
18092,2012,FEMALE,HISPANIC,GUADALUPE,34,55
18093,2012,FEMALE,HISPANIC,BRIANA,34,55
18094,2012,FEMALE,HISPANIC,LESLIE,34,55
18095,2012,FEMALE,HISPANIC,ELIANA,34,55
18096,2012,FEMALE,HISPANIC,MYA,33,56
18097,2012,FEMALE,HISPANIC,DANNA,32,57
18098,2012,FEMALE,HISPANIC,SHERLYN,32,57
18099,2012,FEMALE,HISPANIC,ALISON,32,57
18100,2012,FEMALE,HISPANIC,KAITLYN,31,58
18101,2012,FEMALE,HISPANIC,LUNA,31,58
18102,2012,FEMALE,HISPANIC,ZOEY,31,58
18103,2012,FEMALE,HISPANIC,HANNAH,30,59
18104,2012,FEMALE,HISPANIC,GRACE,30,59
18105,2012,FEMALE,HISPANIC,LAILA,30,59
18106,2012,FEMALE,HISPANIC,MELODY,30,59
18107,2012,FEMALE,HISPANIC,JACQUELINE,30,59
18108,2012,FEMALE,HISPANIC,MELANY,30,59
18109,2012,FEMALE,HISPANIC,JASMINE,30,59
18110,2012,FEMALE,HISPANIC,LIA,30,59
18111,2012,FEMALE,HISPANIC,KAMILA,29,60
18112,2012,FEMALE,HISPANIC,LITZY,29,60
18113,2012,FEMALE,HISPANIC,DAYANA,29,60
18114,2012,FEMALE,HISPANIC,ELENA,28,61
18115,2012,FEMALE,HISPANIC,KAREN,28,61
18116,2012,FEMALE,HISPANIC,LEILA,27,62
18117,2012,FEMALE,HISPANIC,AILEEN,27,62
18118,2012,FEMALE,HISPANIC,JESSICA,27,62
18119,2012,FEMALE,HISPANIC,ANGELIQUE,26,63
18120,2012,FEMALE,HISPANIC,MILA,26,63
18121,2012,FEMALE,HISPANIC,ANGELA,26,63
18122,2012,FEMALE,HISPANIC,AUBREY,26,63
18123,2012,FEMALE,HISPANIC,LIZBETH,25,64
18124,2012,FEMALE,HISPANIC,AMBER,25,64
18125,2012,FEMALE,HISPANIC,DELILAH,25,64
18126,2012,FEMALE,HISPANIC,KIARA,25,64
18127,2012,FEMALE,HISPANIC,DAISY,25,64
18128,2012,FEMALE,HISPANIC,CATALINA,25,64
18129,2012,FEMALE,HISPANIC,MARIAH,25,64
18130,2012,FEMALE,HISPANIC,JAYLA,24,65
18131,2012,FEMALE,HISPANIC,ESMERALDA,24,65
18132,2012,FEMALE,HISPANIC,NATASHA,24,65
18133,2012,FEMALE,HISPANIC,JAYLENE,24,65
18134,2012,FEMALE,HISPANIC,IZABELLA,23,66
18135,2012,FEMALE,HISPANIC,JOSELYN,23,66
18136,2012,FEMALE,HISPANIC,BIANCA,22,67
18137,2012,FEMALE,HISPANIC,NAYELI,22,67
18138,2012,FEMALE,HISPANIC,JULIET,22,67
18139,2012,FEMALE,HISPANIC,PERLA,22,67
18140,2012,FEMALE,HISPANIC,TIFFANY,22,67
18141,2012,FEMALE,HISPANIC,ITZEL,22,67
18142,2012,FEMALE,HISPANIC,RACHEL,22,67
18143,2012,FEMALE,HISPANIC,ALICE,22,67
18144,2012,FEMALE,HISPANIC,JAZLYN,22,67
18145,2012,FEMALE,HISPANIC,DANIELLA,21,68
18146,2012,FEMALE,HISPANIC,BRITTANY,21,68
18147,2012,FEMALE,HISPANIC,LILIANA,21,68
18148,2012,FEMALE,HISPANIC,KATELYN,21,68
18149,2012,FEMALE,HISPANIC,NEVAEH,21,68
18150,2012,FEMALE,HISPANIC,MAKAYLA,21,68
18151,2012,FEMALE,HISPANIC,KELLY,21,68
18152,2012,FEMALE,HISPANIC,FAITH,21,68
18153,2012,FEMALE,HISPANIC,SARA,21,68
18154,2012,FEMALE,HISPANIC,JULIETTE,20,69
18155,2012,FEMALE,HISPANIC,AYLIN,20,69
18156,2012,FEMALE,HISPANIC,LUZ,20,69
18157,2012,FEMALE,HISPANIC,SCARLET,20,69
18158,2012,FEMALE,HISPANIC,ANGIE,20,69
18159,2012,FEMALE,HISPANIC,JULIA,20,69
18160,2012,FEMALE,HISPANIC,ADRIANNA,20,69
18161,2012,FEMALE,HISPANIC,CARMEN,19,70
18162,2012,FEMALE,HISPANIC,SARAI,19,70
18163,2012,FEMALE,HISPANIC,NATHALIE,19,70
18164,2012,FEMALE,HISPANIC,ANGELICA,19,70
18165,2012,FEMALE,HISPANIC,ELLA,19,70
18166,2012,FEMALE,HISPANIC,KARLA,19,70
18167,2012,FEMALE,HISPANIC,REBECCA,18,71
18168,2012,FEMALE,HISPANIC,ALLYSON,18,71
18169,2012,FEMALE,HISPANIC,EMILIA,18,71
18170,2012,FEMALE,HISPANIC,ALINA,18,71
18171,2012,FEMALE,HISPANIC,ALANA,18,71
18172,2012,FEMALE,HISPANIC,ALICIA,18,71
18173,2012,FEMALE,HISPANIC,JAYLAH,18,71
18174,2012,FEMALE,HISPANIC,LAUREN,18,71
18175,2012,FEMALE,HISPANIC,LILY,17,72
18176,2012,FEMALE,HISPANIC,CRYSTAL,17,72
18177,2012,FEMALE,HISPANIC,BRIELLE,17,72
18178,2012,FEMALE,HISPANIC,ALONDRA,17,72
18179,2012,FEMALE,HISPANIC,AVERY,17,72
18180,2012,FEMALE,HISPANIC,ALESSANDRA,17,72
18181,2012,FEMALE,HISPANIC,ALIYAH,17,72
18182,2012,FEMALE,HISPANIC,PENELOPE,17,72
18183,2012,FEMALE,HISPANIC,HALEY,17,72
18184,2012,FEMALE,HISPANIC,MILEY,17,72
18185,2012,FEMALE,HISPANIC,ATHENA,17,72
18186,2012,FEMALE,HISPANIC,HEAVEN,17,72
18187,2012,FEMALE,HISPANIC,RUBY,17,72
18188,2012,FEMALE,HISPANIC,KAILEY,17,72
18189,2012,FEMALE,HISPANIC,JAMIE,17,72
18190,2012,FEMALE,HISPANIC,VIOLET,17,72
18191,2012,FEMALE,HISPANIC,NATHALY,16,73
18192,2012,FEMALE,HISPANIC,SOPHIE,16,73
18193,2012,FEMALE,HISPANIC,SKYLAR,16,73
18194,2012,FEMALE,HISPANIC,SKYLA,16,73
18195,2012,FEMALE,HISPANIC,SIENNA,16,73
18196,2012,FEMALE,HISPANIC,PEYTON,16,73
18197,2012,FEMALE,HISPANIC,PARIS,16,73
18198,2012,FEMALE,HISPANIC,NYLAH,16,73
18199,2012,FEMALE,HISPANIC,MIRANDA,16,73
18200,2012,FEMALE,HISPANIC,JULISSA,16,73
18201,2012,FEMALE,HISPANIC,JOHANNA,16,73
18202,2012,FEMALE,HISPANIC,FATIMA,16,73
18203,2012,FEMALE,HISPANIC,BRYANNA,16,73
18204,2012,FEMALE,HISPANIC,ARIEL,16,73
18205,2012,FEMALE,HISPANIC,ALISSON,16,73
18206,2012,FEMALE,HISPANIC,ANALIA,15,74
18207,2012,FEMALE,HISPANIC,XIMENA,15,74
18208,2012,FEMALE,HISPANIC,NATALY,15,74
18209,2012,FEMALE,HISPANIC,JAZMINE,15,74
18210,2012,FEMALE,HISPANIC,ROSELYN,15,74
18211,2012,FEMALE,HISPANIC,JAZMIN,15,74
18212,2012,FEMALE,HISPANIC,JAYLIN,15,74
18213,2012,FEMALE,HISPANIC,CATHERINE,15,74
18214,2012,FEMALE,HISPANIC,APRIL,15,74
18215,2012,FEMALE,HISPANIC,SELENA,15,74
18216,2012,FEMALE,HISPANIC,VERONICA,15,74
18217,2012,FEMALE,HISPANIC,HAZEL,15,74
18218,2012,FEMALE,HISPANIC,BRITNEY,15,74
18219,2012,FEMALE,HISPANIC,LESLY,15,74
18220,2012,FEMALE,HISPANIC,DANA,14,75
18221,2012,FEMALE,HISPANIC,ALEJANDRA,14,75
18222,2012,FEMALE,HISPANIC,TATIANA,14,75
18223,2012,FEMALE,HISPANIC,CAROLINE,14,75
18224,2012,FEMALE,HISPANIC,JULIANA,14,75
18225,2012,FEMALE,HISPANIC,ALANI,14,75
18226,2012,FEMALE,HISPANIC,MADELINE,14,75
18227,2012,FEMALE,HISPANIC,MIKAELA,14,75
18228,2012,FEMALE,HISPANIC,KEYLA,14,75
18229,2012,FEMALE,HISPANIC,ANIYAH,14,75
18230,2012,FEMALE,HISPANIC,JULIANNA,14,75
18231,2012,FEMALE,HISPANIC,HEIDY,13,76
18232,2012,FEMALE,HISPANIC,RUTH,13,76
18233,2012,FEMALE,HISPANIC,ROSA,13,76
18234,2012,FEMALE,HISPANIC,RIHANNA,13,76
18235,2012,FEMALE,HISPANIC,ESTHER,13,76
18236,2012,FEMALE,HISPANIC,PAOLA,13,76
18237,2012,FEMALE,HISPANIC,NOEMI,13,76
18238,2012,FEMALE,HISPANIC,STACY,13,76
18239,2012,FEMALE,HISPANIC,ISABELA,13,76
18240,2012,FEMALE,HISPANIC,MIKAYLA,13,76
18241,2012,FEMALE,HISPANIC,LUCIA,13,76
18242,2012,FEMALE,HISPANIC,MCKENZIE,13,76
18243,2012,FEMALE,HISPANIC,KASSANDRA,13,76
18244,2012,FEMALE,HISPANIC,JIMENA,13,76
18245,2012,FEMALE,HISPANIC,CAROLINA,13,76
18246,2012,FEMALE,HISPANIC,SUMMER,13,76
18247,2012,FEMALE,HISPANIC,HELEN,13,76
18248,2012,FEMALE,HISPANIC,KAYLIE,13,76
18249,2012,FEMALE,HISPANIC,JADA,13,76
18250,2012,FEMALE,HISPANIC,KATIE,13,76
18251,2012,FEMALE,HISPANIC,CYNTHIA,12,77
18252,2012,FEMALE,HISPANIC,ARIA,12,77
18253,2012,FEMALE,HISPANIC,SABRINA,12,77
18254,2012,FEMALE,HISPANIC,MELINA,12,77
18255,2012,FEMALE,HISPANIC,VIVIANA,12,77
18256,2012,FEMALE,HISPANIC,YAMILETH,12,77
18257,2012,FEMALE,HISPANIC,IVANNA,12,77
18258,2012,FEMALE,HISPANIC,GIA,12,77
18259,2012,FEMALE,HISPANIC,BRENDA,12,77
18260,2012,FEMALE,HISPANIC,CHARLOTTE,12,77
18261,2012,FEMALE,HISPANIC,CAMILLA,12,77
18262,2012,FEMALE,HISPANIC,ALEXIA,12,77
18263,2012,FEMALE,HISPANIC,ARELY,12,77
18264,2012,FEMALE,HISPANIC,STACEY,11,78
18265,2012,FEMALE,HISPANIC,AVRIL,11,78
18266,2012,FEMALE,HISPANIC,YESENIA,11,78
18267,2012,FEMALE,HISPANIC,WENDY,11,78
18268,2012,FEMALE,HISPANIC,MACKENZIE,11,78
18269,2012,FEMALE,HISPANIC,EILEEN,11,78
18270,2012,FEMALE,HISPANIC,CINDY,11,78
18271,2012,FEMALE,HISPANIC,ELISA,11,78
18272,2012,FEMALE,HISPANIC,SAVANNA,11,78
18273,2012,FEMALE,HISPANIC,GERALDINE,11,78
18274,2012,FEMALE,HISPANIC,LAURA,11,78
18275,2012,FEMALE,HISPANIC,MIAH,11,78
18276,2012,FEMALE,HISPANIC,ERIKA,11,78
18277,2012,FEMALE,HISPANIC,AMELIE,11,78
18278,2012,FEMALE,HISPANIC,MADELYN,11,78
18279,2012,FEMALE,HISPANIC,KARINA,11,78
18280,2012,FEMALE,HISPANIC,KELSEY,11,78
18281,2012,FEMALE,HISPANIC,MARIANA,11,78
18282,2012,FEMALE,HISPANIC,MARILYN,11,78
18283,2012,FEMALE,HISPANIC,AMBERLY,11,78
18284,2012,FEMALE,HISPANIC,AURORA,11,78
18285,2012,FEMALE,HISPANIC,ANNA,10,79
18286,2012,FEMALE,HISPANIC,AMALIA,10,79
18287,2012,FEMALE,HISPANIC,ANAIS,10,79
18288,2012,FEMALE,HISPANIC,ARIELLE,10,79
18289,2012,FEMALE,HISPANIC,CHRISTINA,10,79
18290,2012,FEMALE,HISPANIC,DENISE,10,79
18291,2012,FEMALE,HISPANIC,DULCE,10,79
18292,2012,FEMALE,HISPANIC,ELIANNY,10,79
18293,2012,FEMALE,HISPANIC,EVANGELINE,10,79
18294,2012,FEMALE,HISPANIC,FERNANDA,10,79
18295,2012,FEMALE,HISPANIC,HAYLEE,10,79
18296,2012,FEMALE,HISPANIC,HEIDI,10,79
18297,2012,FEMALE,HISPANIC,JAELYN,10,79
18298,2012,FEMALE,HISPANIC,JASMIN,10,79
18299,2012,FEMALE,HISPANIC,JAZZLYN,10,79
18300,2012,FEMALE,HISPANIC,JULIE,10,79
18301,2012,FEMALE,HISPANIC,KAYLIN,10,79
18302,2012,FEMALE,HISPANIC,LESLEY,10,79
18303,2012,FEMALE,HISPANIC,LIANA,10,79
18304,2012,FEMALE,HISPANIC,LIZ,10,79
18305,2012,FEMALE,HISPANIC,MEGAN,10,79
18306,2012,FEMALE,HISPANIC,MILAGROS,10,79
18307,2012,FEMALE,HISPANIC,MIRIAM,10,79
18308,2012,FEMALE,HISPANIC,NATHALIA,10,79
18309,2012,FEMALE,HISPANIC,PAULA,10,79
18310,2012,FEMALE,HISPANIC,SALOME,10,79
18311,2012,FEMALE,HISPANIC,SANDRA,10,79
18312,2012,FEMALE,HISPANIC,STELLA,10,79
18313,2012,FEMALE,WHITE NON HISP,EMMA,228,1
18314,2012,FEMALE,WHITE NON HISP,LEAH,219,2
18315,2012,FEMALE,WHITE NON HISP,SARAH,209,3
18316,2012,FEMALE,WHITE NON HISP,OLIVIA,198,4
18317,2012,FEMALE,WHITE NON HISP,SOPHIA,198,4
18318,2012,FEMALE,WHITE NON HISP,ESTHER,192,5
18319,2012,FEMALE,WHITE NON HISP,RACHEL,186,6
18320,2012,FEMALE,WHITE NON HISP,CHAYA,174,7
18321,2012,FEMALE,WHITE NON HISP,AVA,165,8
18322,2012,FEMALE,WHITE NON HISP,CHANA,155,9
18323,2012,FEMALE,WHITE NON HISP,MIRIAM,150,10
18324,2012,FEMALE,WHITE NON HISP,ELLA,148,11
18325,2012,FEMALE,WHITE NON HISP,EMILY,137,12
18326,2012,FEMALE,WHITE NON HISP,MIA,136,13
18327,2012,FEMALE,WHITE NON HISP,SARA,133,14
18328,2012,FEMALE,WHITE NON HISP,CHARLOTTE,126,15
18329,2012,FEMALE,WHITE NON HISP,ISABELLA,123,16
18330,2012,FEMALE,WHITE NON HISP,MAYA,120,17
18331,2012,FEMALE,WHITE NON HISP,ELIZABETH,116,18
18332,2012,FEMALE,WHITE NON HISP,ABIGAIL,113,19
18333,2012,FEMALE,WHITE NON HISP,ALEXANDRA,110,20
18334,2012,FEMALE,WHITE NON HISP,VICTORIA,109,21
18335,2012,FEMALE,WHITE NON HISP,LILY,104,22
18336,2012,FEMALE,WHITE NON HISP,SOFIA,100,23
18337,2012,FEMALE,WHITE NON HISP,RIVKA,96,24
18338,2012,FEMALE,WHITE NON HISP,CHLOE,96,24
18339,2012,FEMALE,WHITE NON HISP,ZOE,93,25
18340,2012,FEMALE,WHITE NON HISP,JULIA,91,26
18341,2012,FEMALE,WHITE NON HISP,ANNA,90,27
18342,2012,FEMALE,WHITE NON HISP,SOPHIE,90,27
18343,2012,FEMALE,WHITE NON HISP,GABRIELLA,86,28
18344,2012,FEMALE,WHITE NON HISP,AMELIA,86,28
18345,2012,FEMALE,WHITE NON HISP,HANNAH,83,29
18346,2012,FEMALE,WHITE NON HISP,GRACE,79,30
18347,2012,FEMALE,WHITE NON HISP,AVERY,76,31
18348,2012,FEMALE,WHITE NON HISP,SAMANTHA,74,32
18349,2012,FEMALE,WHITE NON HISP,STELLA,74,32
18350,2012,FEMALE,WHITE NON HISP,SHAINDY,71,33
18351,2012,FEMALE,WHITE NON HISP,FAIGY,70,34
18352,2012,FEMALE,WHITE NON HISP,GITTY,69,35
18353,2012,FEMALE,WHITE NON HISP,MADISON,66,36
18354,2012,FEMALE,WHITE NON HISP,MALKY,65,37
18355,2012,FEMALE,WHITE NON HISP,EVA,64,38
18356,2012,FEMALE,WHITE NON HISP,MALKA,57,39
18357,2012,FEMALE,WHITE NON HISP,BATSHEVA,57,39
18358,2012,FEMALE,WHITE NON HISP,ALEXA,56,40
18359,2012,FEMALE,WHITE NON HISP,MADELINE,55,41
18360,2012,FEMALE,WHITE NON HISP,LUCY,54,42
18361,2012,FEMALE,WHITE NON HISP,PENELOPE,54,42
18362,2012,FEMALE,WHITE NON HISP,ALICE,54,42
18363,2012,FEMALE,WHITE NON HISP,TOBY,52,43
18364,2012,FEMALE,WHITE NON HISP,EVELYN,52,43
18365,2012,FEMALE,WHITE NON HISP,RAIZY,52,43
18366,2012,FEMALE,WHITE NON HISP,LILA,50,44
18367,2012,FEMALE,WHITE NON HISP,RIVKY,50,44
18368,2012,FEMALE,WHITE NON HISP,ANGELINA,48,45
18369,2012,FEMALE,WHITE NON HISP,CAROLINE,48,45
18370,2012,FEMALE,WHITE NON HISP,GIANNA,48,45
18371,2012,FEMALE,WHITE NON HISP,NICOLE,48,45
18372,2012,FEMALE,WHITE NON HISP,VIOLET,47,46
18373,2012,FEMALE,WHITE NON HISP,NATALIE,46,47
18374,2012,FEMALE,WHITE NON HISP,MOLLY,45,48
18375,2012,FEMALE,WHITE NON HISP,CLAIRE,45,48
18376,2012,FEMALE,WHITE NON HISP,BAILA,45,48
18377,2012,FEMALE,WHITE NON HISP,ELEANOR,45,48
18378,2012,FEMALE,WHITE NON HISP,REBECCA,45,48
18379,2012,FEMALE,WHITE NON HISP,MARIA,44,49
18380,2012,FEMALE,WHITE NON HISP,CHANY,44,49
18381,2012,FEMALE,WHITE NON HISP,EMILIA,44,49
18382,2012,FEMALE,WHITE NON HISP,DINA,44,49
18383,2012,FEMALE,WHITE NON HISP,SCARLETT,43,50
18384,2012,FEMALE,WHITE NON HISP,YITTY,43,50
18385,2012,FEMALE,WHITE NON HISP,ELIANA,43,50
18386,2012,FEMALE,WHITE NON HISP,LAYLA,43,50
18387,2012,FEMALE,WHITE NON HISP,ADRIANA,43,50
18388,2012,FEMALE,WHITE NON HISP,LILLIAN,43,50
18389,2012,FEMALE,WHITE NON HISP,HARPER,43,50
18390,2012,FEMALE,WHITE NON HISP,CLARA,42,51
18391,2012,FEMALE,WHITE NON HISP,GIULIANA,42,51
18392,2012,FEMALE,WHITE NON HISP,NINA,42,51
18393,2012,FEMALE,WHITE NON HISP,KATHERINE,41,52
18394,2012,FEMALE,WHITE NON HISP,HINDY,40,53
18395,2012,FEMALE,WHITE NON HISP,RILEY,40,53
18396,2012,FEMALE,WHITE NON HISP,MILA,40,53
18397,2012,FEMALE,WHITE NON HISP,SIENNA,39,54
18398,2012,FEMALE,WHITE NON HISP,CHAVA,38,55
18399,2012,FEMALE,WHITE NON HISP,AUDREY,38,55
18400,2012,FEMALE,WHITE NON HISP,RUBY,38,55
18401,2012,FEMALE,WHITE NON HISP,JULIET,38,55
18402,2012,FEMALE,WHITE NON HISP,KAYLA,38,55
18403,2012,FEMALE,WHITE NON HISP,MICHELLE,38,55
18404,2012,FEMALE,WHITE NON HISP,SYDNEY,38,55
18405,2012,FEMALE,WHITE NON HISP,VIVIENNE,37,56
18406,2012,FEMALE,WHITE NON HISP,DEVORAH,37,56
18407,2012,FEMALE,WHITE NON HISP,BLIMA,37,56
18408,2012,FEMALE,WHITE NON HISP,HAILEY,36,57
18409,2012,FEMALE,WHITE NON HISP,VALENTINA,36,57
18410,2012,FEMALE,WHITE NON HISP,SADIE,36,57
18411,2012,FEMALE,WHITE NON HISP,GIA,36,57
18412,2012,FEMALE,WHITE NON HISP,ROSE,36,57
18413,2012,FEMALE,WHITE NON HISP,TALIA,35,58
18414,2012,FEMALE,WHITE NON HISP,MADELEINE,35,58
18415,2012,FEMALE,WHITE NON HISP,DANIELLA,34,59
18416,2012,FEMALE,WHITE NON HISP,JOSEPHINE,34,59
18417,2012,FEMALE,WHITE NON HISP,BRACHA,33,60
18418,2012,FEMALE,WHITE NON HISP,CATHERINE,33,60
18419,2012,FEMALE,WHITE NON HISP,FRANCESCA,33,60
18420,2012,FEMALE,WHITE NON HISP,ADDISON,32,61
18421,2012,FEMALE,WHITE NON HISP,JULIANA,32,61
18422,2012,FEMALE,WHITE NON HISP,ZISSY,32,61
18423,2012,FEMALE,WHITE NON HISP,YOCHEVED,32,61
18424,2012,FEMALE,WHITE NON HISP,NORA,32,61
18425,2012,FEMALE,WHITE NON HISP,LUCIA,32,61
18426,2012,FEMALE,WHITE NON HISP,SURY,31,62
18427,2012,FEMALE,WHITE NON HISP,PEARL,31,62
18428,2012,FEMALE,WHITE NON HISP,ELOISE,31,62
18429,2012,FEMALE,WHITE NON HISP,NAOMI,30,63
18430,2012,FEMALE,WHITE NON HISP,LEILA,30,63
18431,2012,FEMALE,WHITE NON HISP,MINDY,30,63
18432,2012,FEMALE,WHITE NON HISP,SABRINA,29,64
18433,2012,FEMALE,WHITE NON HISP,YIDES,29,64
18434,2012,FEMALE,WHITE NON HISP,ARIANA,29,64
18435,2012,FEMALE,WHITE NON HISP,ASHLEY,29,64
18436,2012,FEMALE,WHITE NON HISP,FIONA,29,64
18437,2012,FEMALE,WHITE NON HISP,MARGARET,29,64
18438,2012,FEMALE,WHITE NON HISP,ARIANNA,29,64
18439,2012,FEMALE,WHITE NON HISP,BEATRICE,29,64
18440,2012,FEMALE,WHITE NON HISP,FAIGA,29,64
18441,2012,FEMALE,WHITE NON HISP,ARIELLA,28,65
18442,2012,FEMALE,WHITE NON HISP,CECILIA,28,65
18443,2012,FEMALE,WHITE NON HISP,SKYLAR,28,65
18444,2012,FEMALE,WHITE NON HISP,NOA,28,65
18445,2012,FEMALE,WHITE NON HISP,VERONICA,27,66
18446,2012,FEMALE,WHITE NON HISP,PESSY,27,66
18447,2012,FEMALE,WHITE NON HISP,EDEN,26,67
18448,2012,FEMALE,WHITE NON HISP,TAYLOR,26,67
18449,2012,FEMALE,WHITE NON HISP,JACQUELINE,26,67
18450,2012,FEMALE,WHITE NON HISP,BROOKE,26,67
18451,2012,FEMALE,WHITE NON HISP,NECHAMA,25,68
18452,2012,FEMALE,WHITE NON HISP,REESE,25,68
18453,2012,FEMALE,WHITE NON HISP,LAUREN,25,68
18454,2012,FEMALE,WHITE NON HISP,JULIETTE,25,68
18455,2012,FEMALE,WHITE NON HISP,GOLDY,25,68
18456,2012,FEMALE,WHITE NON HISP,ZOEY,25,68
18457,2012,FEMALE,WHITE NON HISP,LILIANA,24,69
18458,2012,FEMALE,WHITE NON HISP,LIBBY,24,69
18459,2012,FEMALE,WHITE NON HISP,BRIANNA,24,69
18460,2012,FEMALE,WHITE NON HISP,ISABEL,24,69
18461,2012,FEMALE,WHITE NON HISP,KEIRA,24,69
18462,2012,FEMALE,WHITE NON HISP,ELLIE,23,70
18463,2012,FEMALE,WHITE NON HISP,VIVIAN,23,70
18464,2012,FEMALE,WHITE NON HISP,ALEXIS,23,70
18465,2012,FEMALE,WHITE NON HISP,YAEL,23,70
18466,2012,FEMALE,WHITE NON HISP,DYLAN,23,70
18467,2012,FEMALE,WHITE NON HISP,MARY,23,70
18468,2012,FEMALE,WHITE NON HISP,HANNA,23,70
18469,2012,FEMALE,WHITE NON HISP,LEA,23,70
18470,2012,FEMALE,WHITE NON HISP,ADRIANNA,23,70
18471,2012,FEMALE,WHITE NON HISP,MACKENZIE,22,71
18472,2012,FEMALE,WHITE NON HISP,SAVANNAH,22,71
18473,2012,FEMALE,WHITE NON HISP,GEMMA,22,71
18474,2012,FEMALE,WHITE NON HISP,BELLA,22,71
18475,2012,FEMALE,WHITE NON HISP,REAGAN,22,71
18476,2012,FEMALE,WHITE NON HISP,ISLA,22,71
18477,2012,FEMALE,WHITE NON HISP,RUCHY,22,71
18478,2012,FEMALE,WHITE NON HISP,ALYSSA,22,71
18479,2012,FEMALE,WHITE NON HISP,MORGAN,22,71
18480,2012,FEMALE,WHITE NON HISP,GITTEL,21,72
18481,2012,FEMALE,WHITE NON HISP,BLIMY,21,72
18482,2012,FEMALE,WHITE NON HISP,MADELYN,21,72
18483,2012,FEMALE,WHITE NON HISP,ISABELLE,21,72
18484,2012,FEMALE,WHITE NON HISP,VANESSA,21,72
18485,2012,FEMALE,WHITE NON HISP,MAEVE,21,72
18486,2012,FEMALE,WHITE NON HISP,BRUCHY,21,72
18487,2012,FEMALE,WHITE NON HISP,QUINN,20,73
18488,2012,FEMALE,WHITE NON HISP,ROCHEL,20,73
18489,2012,FEMALE,WHITE NON HISP,ALIZA,20,73
18490,2012,FEMALE,WHITE NON HISP,ELLE,20,73
18491,2012,FEMALE,WHITE NON HISP,MARIAM,20,73
18492,2012,FEMALE,WHITE NON HISP,ELENA,20,73
18493,2012,FEMALE,WHITE NON HISP,DIANA,20,73
18494,2012,FEMALE,WHITE NON HISP,PHOEBE,20,73
18495,2012,FEMALE,WHITE NON HISP,JANE,20,73
18496,2012,FEMALE,WHITE NON HISP,SIMONE,20,73
18497,2012,FEMALE,WHITE NON HISP,ADINA,20,73
18498,2012,FEMALE,WHITE NON HISP,LIA,19,74
18499,2012,FEMALE,WHITE NON HISP,LILLY,19,74
18500,2012,FEMALE,WHITE NON HISP,ANASTASIA,19,74
18501,2012,FEMALE,WHITE NON HISP,SLOANE,19,74
18502,2012,FEMALE,WHITE NON HISP,LAILA,19,74
18503,2012,FEMALE,WHITE NON HISP,ETTY,19,74
18504,2012,FEMALE,WHITE NON HISP,SHIFRA,19,74
18505,2012,FEMALE,WHITE NON HISP,ADELAIDE,19,74
18506,2012,FEMALE,WHITE NON HISP,MALAK,18,75
18507,2012,FEMALE,WHITE NON HISP,AYLA,18,75
18508,2012,FEMALE,WHITE NON HISP,PIPER,18,75
18509,2012,FEMALE,WHITE NON HISP,VERA,18,75
18510,2012,FEMALE,WHITE NON HISP,GENEVIEVE,18,75
18511,2012,FEMALE,WHITE NON HISP,FRAIDY,18,75
18512,2012,FEMALE,WHITE NON HISP,OLIVE,18,75
18513,2012,FEMALE,WHITE NON HISP,ELIZA,18,75
18514,2012,FEMALE,WHITE NON HISP,ELISHEVA,17,76
18515,2012,FEMALE,WHITE NON HISP,NATALIA,17,76
18516,2012,FEMALE,WHITE NON HISP,GABRIELLE,17,76
18517,2012,FEMALE,WHITE NON HISP,COLETTE,17,76
18518,2012,FEMALE,WHITE NON HISP,KATHRYN,17,76
18519,2012,FEMALE,WHITE NON HISP,SIENA,17,76
18520,2012,FEMALE,WHITE NON HISP,VALERIE,17,76
18521,2012,FEMALE,WHITE NON HISP,WILLA,17,76
18522,2012,FEMALE,WHITE NON HISP,CORA,17,76
18523,2012,FEMALE,WHITE NON HISP,YEHUDIS,17,76
18524,2012,FEMALE,WHITE NON HISP,JULIANNA,17,76
18525,2012,FEMALE,WHITE NON HISP,JESSICA,17,76
18526,2012,FEMALE,WHITE NON HISP,AMANDA,17,76
18527,2012,FEMALE,WHITE NON HISP,PERRY,17,76
18528,2012,FEMALE,WHITE NON HISP,ARIA,17,76
18529,2012,FEMALE,WHITE NON HISP,RAIZEL,17,76
18530,2012,FEMALE,WHITE NON HISP,JENNA,17,76
18531,2012,FEMALE,WHITE NON HISP,IVY,17,76
18532,2012,FEMALE,WHITE NON HISP,JULIE,17,76
18533,2012,FEMALE,WHITE NON HISP,KATE,17,76
18534,2012,FEMALE,WHITE NON HISP,RUTH,17,76
18535,2012,FEMALE,WHITE NON HISP,GEORGIA,16,77
18536,2012,FEMALE,WHITE NON HISP,SYLVIA,16,77
18537,2012,FEMALE,WHITE NON HISP,LOUISA,16,77
18538,2012,FEMALE,WHITE NON HISP,ARIELLE,16,77
18539,2012,FEMALE,WHITE NON HISP,ESME,16,77
18540,2012,FEMALE,WHITE NON HISP,SHIRA,16,77
18541,2012,FEMALE,WHITE NON HISP,HAZEL,16,77
18542,2012,FEMALE,WHITE NON HISP,ALLISON,16,77
18543,2012,FEMALE,WHITE NON HISP,JANA,16,77
18544,2012,FEMALE,WHITE NON HISP,DAPHNE,16,77
18545,2012,FEMALE,WHITE NON HISP,ALESSIA,16,77
18546,2012,FEMALE,WHITE NON HISP,PAIGE,16,77
18547,2012,FEMALE,WHITE NON HISP,LARA,16,77
18548,2012,FEMALE,WHITE NON HISP,ALINA,16,77
18549,2012,FEMALE,WHITE NON HISP,DEVORA,16,77
18550,2012,FEMALE,WHITE NON HISP,AMINA,16,77
18551,2012,FEMALE,WHITE NON HISP,KAITLYN,16,77
18552,2012,FEMALE,WHITE NON HISP,ROSA,15,78
18553,2012,FEMALE,WHITE NON HISP,SHOSHANA,15,78
18554,2012,FEMALE,WHITE NON HISP,HINDA,15,78
18555,2012,FEMALE,WHITE NON HISP,SALMA,15,78
18556,2012,FEMALE,WHITE NON HISP,MATILDA,15,78
18557,2012,FEMALE,WHITE NON HISP,EVANGELINE,15,78
18558,2012,FEMALE,WHITE NON HISP,HELENA,15,78
18559,2012,FEMALE,WHITE NON HISP,AHUVA,15,78
18560,2012,FEMALE,WHITE NON HISP,ADELE,15,78
18561,2012,FEMALE,WHITE NON HISP,IRIS,15,78
18562,2012,FEMALE,WHITE NON HISP,LENA,15,78
18563,2012,FEMALE,WHITE NON HISP,ALESSANDRA,15,78
18564,2012,FEMALE,WHITE NON HISP,LOLA,15,78
18565,2012,FEMALE,WHITE NON HISP,CHRISTINA,15,78
18566,2012,FEMALE,WHITE NON HISP,IDY,15,78
18567,2012,FEMALE,WHITE NON HISP,SIMA,15,78
18568,2012,FEMALE,WHITE NON HISP,DAHLIA,15,78
18569,2012,FEMALE,WHITE NON HISP,MIREL,14,79
18570,2012,FEMALE,WHITE NON HISP,NICOLETTE,14,79
18571,2012,FEMALE,WHITE NON HISP,ELSA,14,79
18572,2012,FEMALE,WHITE NON HISP,ADA,14,79
18573,2012,FEMALE,WHITE NON HISP,ELISE,14,79
18574,2012,FEMALE,WHITE NON HISP,ANNABELLE,14,79
18575,2012,FEMALE,WHITE NON HISP,LIVIA,14,79
18576,2012,FEMALE,WHITE NON HISP,LANA,14,79
18577,2012,FEMALE,WHITE NON HISP,HENNY,14,79
18578,2012,FEMALE,WHITE NON HISP,CHAVY,14,79
18579,2012,FEMALE,WHITE NON HISP,HELEN,14,79
18580,2012,FEMALE,WHITE NON HISP,RIFKY,14,79
18581,2012,FEMALE,WHITE NON HISP,CHELSEA,14,79
18582,2012,FEMALE,WHITE NON HISP,SHAINA,14,79
18583,2012,FEMALE,WHITE NON HISP,LAURA,14,79
18584,2012,FEMALE,WHITE NON HISP,MICHAELA,13,80
18585,2012,FEMALE,WHITE NON HISP,LILAH,13,80
18586,2012,FEMALE,WHITE NON HISP,SASHA,13,80
18587,2012,FEMALE,WHITE NON HISP,AMY,13,80
18588,2012,FEMALE,WHITE NON HISP,MIRI,13,80
18589,2012,FEMALE,WHITE NON HISP,PEREL,13,80
18590,2012,FEMALE,WHITE NON HISP,AMIRA,13,80
18591,2012,FEMALE,WHITE NON HISP,RYAN,13,80
18592,2012,FEMALE,WHITE NON HISP,LEORA,13,80
18593,2012,FEMALE,WHITE NON HISP,KIRA,13,80
18594,2012,FEMALE,WHITE NON HISP,LIBA,13,80
18595,2012,FEMALE,WHITE NON HISP,GRETA,13,80
18596,2012,FEMALE,WHITE NON HISP,LIANA,13,80
18597,2012,FEMALE,WHITE NON HISP,HADLEY,13,80
18598,2012,FEMALE,WHITE NON HISP,TZIPORA,13,80
18599,2012,FEMALE,WHITE NON HISP,JUDY,13,80
18600,2012,FEMALE,WHITE NON HISP,MELISSA,13,80
18601,2012,FEMALE,WHITE NON HISP,FRANCES,13,80
18602,2012,FEMALE,WHITE NON HISP,AVIGAIL,13,80
18603,2012,FEMALE,WHITE NON HISP,GOLDA,13,80
18604,2012,FEMALE,WHITE NON HISP,GIADA,13,80
18605,2012,FEMALE,WHITE NON HISP,DANIELLE,13,80
18606,2012,FEMALE,WHITE NON HISP,FRIMET,13,80
18607,2012,FEMALE,WHITE NON HISP,HANA,13,80
18608,2012,FEMALE,WHITE NON HISP,EVE,13,80
18609,2012,FEMALE,WHITE NON HISP,JENNIFER,13,80
18610,2012,FEMALE,WHITE NON HISP,ANTONIA,12,81
18611,2012,FEMALE,WHITE NON HISP,RAQUEL,12,81
18612,2012,FEMALE,WHITE NON HISP,POLINA,12,81
18613,2012,FEMALE,WHITE NON HISP,PERL,12,81
18614,2012,FEMALE,WHITE NON HISP,JORDAN,12,81
18615,2012,FEMALE,WHITE NON HISP,NOOR,12,81
18616,2012,FEMALE,WHITE NON HISP,MIKAYLA,12,81
18617,2012,FEMALE,WHITE NON HISP,LINA,12,81
18618,2012,FEMALE,WHITE NON HISP,KATIE,12,81
18619,2012,FEMALE,WHITE NON HISP,KATELYN,12,81
18620,2012,FEMALE,WHITE NON HISP,JUNE,12,81
18621,2012,FEMALE,WHITE NON HISP,ALISA,12,81
18622,2012,FEMALE,WHITE NON HISP,YITTA,12,81
18623,2012,FEMALE,WHITE NON HISP,BREINDY,12,81
18624,2012,FEMALE,WHITE NON HISP,GIULIA,12,81
18625,2012,FEMALE,WHITE NON HISP,FATIMA,12,81
18626,2012,FEMALE,WHITE NON HISP,ESTY,12,81
18627,2012,FEMALE,WHITE NON HISP,VIRGINIA,12,81
18628,2012,FEMALE,WHITE NON HISP,AVIVA,12,81
18629,2012,FEMALE,WHITE NON HISP,ATHENA,12,81
18630,2012,FEMALE,WHITE NON HISP,ANNE,12,81
18631,2012,FEMALE,WHITE NON HISP,ALANA,12,81
18632,2012,FEMALE,WHITE NON HISP,TAMAR,12,81
18633,2012,FEMALE,WHITE NON HISP,AMELIE,11,82
18634,2012,FEMALE,WHITE NON HISP,DAISY,11,82
18635,2012,FEMALE,WHITE NON HISP,ESTELLE,11,82
18636,2012,FEMALE,WHITE NON HISP,CELIA,11,82
18637,2012,FEMALE,WHITE NON HISP,MARGOT,11,82
18638,2012,FEMALE,WHITE NON HISP,JADE,11,82
18639,2012,FEMALE,WHITE NON HISP,EMERSON,11,82
18640,2012,FEMALE,WHITE NON HISP,ELLIANA,11,82
18641,2012,FEMALE,WHITE NON HISP,ANNABEL,11,82
18642,2012,FEMALE,WHITE NON HISP,TESSA,11,82
18643,2012,FEMALE,WHITE NON HISP,AYA,11,82
18644,2012,FEMALE,WHITE NON HISP,ARIEL,11,82
18645,2012,FEMALE,WHITE NON HISP,AMALIA,11,82
18646,2012,FEMALE,WHITE NON HISP,JOLIE,11,82
18647,2012,FEMALE,WHITE NON HISP,LYLA,11,82
18648,2012,FEMALE,WHITE NON HISP,JOANNA,11,82
18649,2012,FEMALE,WHITE NON HISP,DALIA,11,82
18650,2012,FEMALE,WHITE NON HISP,PEYTON,11,82
18651,2012,FEMALE,WHITE NON HISP,ROIZY,11,82
18652,2012,FEMALE,WHITE NON HISP,TZIVIA,11,82
18653,2012,FEMALE,WHITE NON HISP,FRADY,11,82
18654,2012,FEMALE,WHITE NON HISP,ESTER,11,82
18655,2012,FEMALE,WHITE NON HISP,ALEXANDRIA,10,83
18656,2012,FEMALE,WHITE NON HISP,ALMA,10,83
18657,2012,FEMALE,WHITE NON HISP,SYLVIE,10,83
18658,2012,FEMALE,WHITE NON HISP,FAITH,10,83
18659,2012,FEMALE,WHITE NON HISP,ROSIE,10,83
18660,2012,FEMALE,WHITE NON HISP,GABRIELA,10,83
18661,2012,FEMALE,WHITE NON HISP,KAYLEE,10,83
18662,2012,FEMALE,WHITE NON HISP,KAYA,10,83
18663,2012,FEMALE,WHITE NON HISP,CASSANDRA,10,83
18664,2012,FEMALE,WHITE NON HISP,JASMINE,10,83
18665,2012,FEMALE,WHITE NON HISP,CAROLINA,10,83
18666,2012,FEMALE,WHITE NON HISP,YARA,10,83
18667,2012,FEMALE,WHITE NON HISP,SONIA,10,83
18668,2012,FEMALE,WHITE NON HISP,REEM,10,83
18669,2012,FEMALE,WHITE NON HISP,SELMA,10,83
18670,2012,FEMALE,WHITE NON HISP,MELANIE,10,83
18671,2012,FEMALE,WHITE NON HISP,SAGE,10,83
18672,2012,FEMALE,WHITE NON HISP,MARYAM,10,83
18673,2012,FEMALE,WHITE NON HISP,MARINA,10,83
18674,2012,FEMALE,WHITE NON HISP,MAE,10,83
18675,2012,FEMALE,WHITE NON HISP,LIV,10,83
18676,2012,FEMALE,WHITE NON HISP,JOYCE,10,83
18677,2012,FEMALE,WHITE NON HISP,INES,10,83
18678,2012,FEMALE,WHITE NON HISP,HADASSAH,10,83
18679,2012,FEMALE,WHITE NON HISP,DANIELA,10,83
18680,2012,FEMALE,WHITE NON HISP,CAITLIN,10,83
18681,2012,FEMALE,WHITE NON HISP,CHANIE,10,83
18682,2012,FEMALE,WHITE NON HISP,BIANCA,10,83
18683,2012,FEMALE,WHITE NON HISP,AUBREY,10,83
19666,2011,FEMALE,ASIAN AND PACIFIC ISLANDER,SOPHIA,119,1
19667,2011,FEMALE,ASIAN AND PACIFIC ISLANDER,CHLOE,106,2
19668,2011,FEMALE,ASIAN AND PACIFIC ISLANDER,EMILY,93,3
19669,2011,FEMALE,ASIAN AND PACIFIC ISLANDER,OLIVIA,89,4
19670,2011,FEMALE,ASIAN AND PACIFIC ISLANDER,EMMA,75,5
19671,2011,FEMALE,ASIAN AND PACIFIC ISLANDER,ISABELLA,67,6
19672,2011,FEMALE,ASIAN AND PACIFIC ISLANDER,TIFFANY,54,7
19673,2011,FEMALE,ASIAN AND PACIFIC ISLANDER,ASHLEY,52,8
19674,2011,FEMALE,ASIAN AND PACIFIC ISLANDER,FIONA,48,9
19675,2011,FEMALE,ASIAN AND PACIFIC ISLANDER,ANGELA,47,10
19676,2011,FEMALE,ASIAN AND PACIFIC ISLANDER,VIVIAN,44,11
19677,2011,FEMALE,ASIAN AND PACIFIC ISLANDER,MICHELLE,42,12
19678,2011,FEMALE,ASIAN AND PACIFIC ISLANDER,JOANNA,38,13
19679,2011,FEMALE,ASIAN AND PACIFIC ISLANDER,SARAH,38,13
19680,2011,FEMALE,ASIAN AND PACIFIC ISLANDER,MIA,36,14
19681,2011,FEMALE,ASIAN AND PACIFIC ISLANDER,IVY,35,15
19682,2011,FEMALE,ASIAN AND PACIFIC ISLANDER,GRACE,33,16
19683,2011,FEMALE,ASIAN AND PACIFIC ISLANDER,NICOLE,33,16
19684,2011,FEMALE,ASIAN AND PACIFIC ISLANDER,VICKY,32,17
19685,2011,FEMALE,ASIAN AND PACIFIC ISLANDER,JASMINE,31,18
19686,2011,FEMALE,ASIAN AND PACIFIC ISLANDER,ANNA,30,19
19687,2011,FEMALE,ASIAN AND PACIFIC ISLANDER,ELAINE,28,20
19688,2011,FEMALE,ASIAN AND PACIFIC ISLANDER,MAYA,27,21
19689,2011,FEMALE,ASIAN AND PACIFIC ISLANDER,CATHERINE,27,21
19690,2011,FEMALE,ASIAN AND PACIFIC ISLANDER,JENNY,27,21
19691,2011,FEMALE,ASIAN AND PACIFIC ISLANDER,ALICE,27,21
19692,2011,FEMALE,ASIAN AND PACIFIC ISLANDER,CLAIRE,27,21
19693,2011,FEMALE,ASIAN AND PACIFIC ISLANDER,IRIS,26,22
19694,2011,FEMALE,ASIAN AND PACIFIC ISLANDER,TENZIN,26,22
19695,2011,FEMALE,ASIAN AND PACIFIC ISLANDER,SELINA,26,22
19696,2011,FEMALE,ASIAN AND PACIFIC ISLANDER,JESSICA,26,22
19697,2011,FEMALE,ASIAN AND PACIFIC ISLANDER,ANGELINA,26,22
19698,2011,FEMALE,ASIAN AND PACIFIC ISLANDER,ALYSSA,26,22
19699,2011,FEMALE,ASIAN AND PACIFIC ISLANDER,ALINA,25,23
19700,2011,FEMALE,ASIAN AND PACIFIC ISLANDER,SOPHIE,25,23
19701,2011,FEMALE,ASIAN AND PACIFIC ISLANDER,WINNIE,25,23
19702,2011,FEMALE,ASIAN AND PACIFIC ISLANDER,ZOE,25,23
19703,2011,FEMALE,ASIAN AND PACIFIC ISLANDER,ELLA,25,23
19704,2011,FEMALE,ASIAN AND PACIFIC ISLANDER,JULIA,24,24
19705,2011,FEMALE,ASIAN AND PACIFIC ISLANDER,FATIMA,24,24
19706,2011,FEMALE,ASIAN AND PACIFIC ISLANDER,ABIGAIL,24,24
19707,2011,FEMALE,ASIAN AND PACIFIC ISLANDER,AMY,24,24
19708,2011,FEMALE,ASIAN AND PACIFIC ISLANDER,SARA,24,24
19709,2011,FEMALE,ASIAN AND PACIFIC ISLANDER,ZAINAB,23,25
19710,2011,FEMALE,ASIAN AND PACIFIC ISLANDER,SABRINA,23,25
19711,2011,FEMALE,ASIAN AND PACIFIC ISLANDER,HANNAH,23,25
19712,2011,FEMALE,ASIAN AND PACIFIC ISLANDER,AVA,23,25
19713,2011,FEMALE,ASIAN AND PACIFIC ISLANDER,ANGEL,22,26
19714,2011,FEMALE,ASIAN AND PACIFIC ISLANDER,EVA,22,26
19715,2011,FEMALE,ASIAN AND PACIFIC ISLANDER,AMANDA,22,26
19716,2011,FEMALE,ASIAN AND PACIFIC ISLANDER,SAMANTHA,22,26
19717,2011,FEMALE,ASIAN AND PACIFIC ISLANDER,KELLY,22,26
19718,2011,FEMALE,ASIAN AND PACIFIC ISLANDER,KAREN,22,26
19719,2011,FEMALE,ASIAN AND PACIFIC ISLANDER,VICTORIA,22,26
19720,2011,FEMALE,ASIAN AND PACIFIC ISLANDER,JOYCE,22,26
19721,2011,FEMALE,ASIAN AND PACIFIC ISLANDER,STEPHANIE,22,26
19722,2011,FEMALE,ASIAN AND PACIFIC ISLANDER,NINA,21,27
19723,2011,FEMALE,ASIAN AND PACIFIC ISLANDER,KATHERINE,21,27
19724,2011,FEMALE,ASIAN AND PACIFIC ISLANDER,KAYLA,21,27
19725,2011,FEMALE,ASIAN AND PACIFIC ISLANDER,KAYLEE,20,28
19726,2011,FEMALE,ASIAN AND PACIFIC ISLANDER,SHARON,20,28
19727,2011,FEMALE,ASIAN AND PACIFIC ISLANDER,ANNIE,20,28
19728,2011,FEMALE,ASIAN AND PACIFIC ISLANDER,IRENE,20,28
19729,2011,FEMALE,ASIAN AND PACIFIC ISLANDER,NATALIE,20,28
19730,2011,FEMALE,ASIAN AND PACIFIC ISLANDER,CHRISTINA,20,28
19731,2011,FEMALE,ASIAN AND PACIFIC ISLANDER,AUDREY,19,29
19732,2011,FEMALE,ASIAN AND PACIFIC ISLANDER,MADISON,19,29
19733,2011,FEMALE,ASIAN AND PACIFIC ISLANDER,ERICA,19,29
19734,2011,FEMALE,ASIAN AND PACIFIC ISLANDER,ZAHRA,19,29
19735,2011,FEMALE,ASIAN AND PACIFIC ISLANDER,SOFIA,19,29
19736,2011,FEMALE,ASIAN AND PACIFIC ISLANDER,KATIE,18,30
19737,2011,FEMALE,ASIAN AND PACIFIC ISLANDER,RACHEL,18,30
19738,2011,FEMALE,ASIAN AND PACIFIC ISLANDER,XIN,18,30
19739,2011,FEMALE,ASIAN AND PACIFIC ISLANDER,PHOEBE,18,30
19740,2011,FEMALE,ASIAN AND PACIFIC ISLANDER,JESSIE,18,30
19741,2011,FEMALE,ASIAN AND PACIFIC ISLANDER,JENNIFER,18,30
19742,2011,FEMALE,ASIAN AND PACIFIC ISLANDER,EILEEN,18,30
19743,2011,FEMALE,ASIAN AND PACIFIC ISLANDER,MARYAM,17,31
19744,2011,FEMALE,ASIAN AND PACIFIC ISLANDER,EVELYN,17,31
19745,2011,FEMALE,ASIAN AND PACIFIC ISLANDER,AYESHA,17,31
19746,2011,FEMALE,ASIAN AND PACIFIC ISLANDER,ALLISON,17,31
19747,2011,FEMALE,ASIAN AND PACIFIC ISLANDER,SERENA,17,31
19748,2011,FEMALE,ASIAN AND PACIFIC ISLANDER,MILA,17,31
19749,2011,FEMALE,ASIAN AND PACIFIC ISLANDER,BELLA,16,32
19750,2011,FEMALE,ASIAN AND PACIFIC ISLANDER,WENDY,16,32
19751,2011,FEMALE,ASIAN AND PACIFIC ISLANDER,SYEDA,16,32
19752,2011,FEMALE,ASIAN AND PACIFIC ISLANDER,LILLIAN,16,32
19753,2011,FEMALE,ASIAN AND PACIFIC ISLANDER,LEAH,16,32
19754,2011,FEMALE,ASIAN AND PACIFIC ISLANDER,HAILEY,16,32
19755,2011,FEMALE,ASIAN AND PACIFIC ISLANDER,LILY,15,33
19756,2011,FEMALE,ASIAN AND PACIFIC ISLANDER,JOCELYN,15,33
19757,2011,FEMALE,ASIAN AND PACIFIC ISLANDER,QUEENIE,15,33
19758,2011,FEMALE,ASIAN AND PACIFIC ISLANDER,ARIANA,15,33
19759,2011,FEMALE,ASIAN AND PACIFIC ISLANDER,VANESSA,15,33
19760,2011,FEMALE,ASIAN AND PACIFIC ISLANDER,ELIZABETH,15,33
19761,2011,FEMALE,ASIAN AND PACIFIC ISLANDER,KATELYN,14,34
19762,2011,FEMALE,ASIAN AND PACIFIC ISLANDER,TINA,14,34
19763,2011,FEMALE,ASIAN AND PACIFIC ISLANDER,AMELIA,14,34
19764,2011,FEMALE,ASIAN AND PACIFIC ISLANDER,CHARLOTTE,14,34
19765,2011,FEMALE,ASIAN AND PACIFIC ISLANDER,ANIKA,14,34
19766,2011,FEMALE,ASIAN AND PACIFIC ISLANDER,CINDY,14,34
19767,2011,FEMALE,ASIAN AND PACIFIC ISLANDER,CYNTHIA,14,34
19768,2011,FEMALE,ASIAN AND PACIFIC ISLANDER,JANICE,14,34
19769,2011,FEMALE,ASIAN AND PACIFIC ISLANDER,JOY,14,34
19770,2011,FEMALE,ASIAN AND PACIFIC ISLANDER,ZARA,14,34
19771,2011,FEMALE,ASIAN AND PACIFIC ISLANDER,YU,13,35
19772,2011,FEMALE,ASIAN AND PACIFIC ISLANDER,GIANNA,13,35
19773,2011,FEMALE,ASIAN AND PACIFIC ISLANDER,BRIANNA,13,35
19774,2011,FEMALE,ASIAN AND PACIFIC ISLANDER,ADA,13,35
19775,2011,FEMALE,ASIAN AND PACIFIC ISLANDER,JANNAT,13,35
19776,2011,FEMALE,ASIAN AND PACIFIC ISLANDER,ERIN,13,35
19777,2011,FEMALE,ASIAN AND PACIFIC ISLANDER,AMBER,13,35
19778,2011,FEMALE,ASIAN AND PACIFIC ISLANDER,LAUREN,13,35
19779,2011,FEMALE,ASIAN AND PACIFIC ISLANDER,KHLOE,13,35
19780,2011,FEMALE,ASIAN AND PACIFIC ISLANDER,REBECCA,13,35
19781,2011,FEMALE,ASIAN AND PACIFIC ISLANDER,SELENA,13,35
19782,2011,FEMALE,ASIAN AND PACIFIC ISLANDER,ALEXANDRA,13,35
19783,2011,FEMALE,ASIAN AND PACIFIC ISLANDER,MELODY,13,35
19784,2011,FEMALE,ASIAN AND PACIFIC ISLANDER,AISHA,13,35
19785,2011,FEMALE,ASIAN AND PACIFIC ISLANDER,CHRISTY,12,36
19786,2011,FEMALE,ASIAN AND PACIFIC ISLANDER,ARYA,12,36
19787,2011,FEMALE,ASIAN AND PACIFIC ISLANDER,CECILIA,12,36
19788,2011,FEMALE,ASIAN AND PACIFIC ISLANDER,ARIA,12,36
19789,2011,FEMALE,ASIAN AND PACIFIC ISLANDER,ALEENA,12,36
19790,2011,FEMALE,ASIAN AND PACIFIC ISLANDER,SHIRLEY,12,36
19791,2011,FEMALE,ASIAN AND PACIFIC ISLANDER,DIYA,12,36
19792,2011,FEMALE,ASIAN AND PACIFIC ISLANDER,ELENA,12,36
19793,2011,FEMALE,ASIAN AND PACIFIC ISLANDER,ISABEL,12,36
19794,2011,FEMALE,ASIAN AND PACIFIC ISLANDER,MANDY,12,36
19795,2011,FEMALE,ASIAN AND PACIFIC ISLANDER,ALIYAH,12,36
19796,2011,FEMALE,ASIAN AND PACIFIC ISLANDER,ERIKA,12,36
19797,2011,FEMALE,ASIAN AND PACIFIC ISLANDER,JIA,12,36
19798,2011,FEMALE,ASIAN AND PACIFIC ISLANDER,MINA,12,36
19799,2011,FEMALE,ASIAN AND PACIFIC ISLANDER,RAINA,11,37
19800,2011,FEMALE,ASIAN AND PACIFIC ISLANDER,KAITLYN,11,37
19801,2011,FEMALE,ASIAN AND PACIFIC ISLANDER,ESHAL,11,37
19802,2011,FEMALE,ASIAN AND PACIFIC ISLANDER,ISABELLE,11,37
19803,2011,FEMALE,ASIAN AND PACIFIC ISLANDER,KYLIE,11,37
19804,2011,FEMALE,ASIAN AND PACIFIC ISLANDER,ELINA,11,37
19805,2011,FEMALE,ASIAN AND PACIFIC ISLANDER,DAISY,11,37
19806,2011,FEMALE,ASIAN AND PACIFIC ISLANDER,ARIANNA,11,37
19807,2011,FEMALE,ASIAN AND PACIFIC ISLANDER,STELLA,11,37
19808,2011,FEMALE,ASIAN AND PACIFIC ISLANDER,CHRISTINE,11,37
19809,2011,FEMALE,ASIAN AND PACIFIC ISLANDER,AIZA,10,38
19810,2011,FEMALE,ASIAN AND PACIFIC ISLANDER,BONNIE,10,38
19811,2011,FEMALE,ASIAN AND PACIFIC ISLANDER,RENEE,10,38
19812,2011,FEMALE,ASIAN AND PACIFIC ISLANDER,TANISHA,10,38
19813,2011,FEMALE,ASIAN AND PACIFIC ISLANDER,LEELA,10,38
19814,2011,FEMALE,ASIAN AND PACIFIC ISLANDER,ANGIE,10,38
19815,2011,FEMALE,ASIAN AND PACIFIC ISLANDER,MAGGIE,10,38
19816,2011,FEMALE,ASIAN AND PACIFIC ISLANDER,ALISHA,10,38
19817,2011,FEMALE,ASIAN AND PACIFIC ISLANDER,MEGAN,10,38
19818,2011,FEMALE,ASIAN AND PACIFIC ISLANDER,ALEXA,10,38
19819,2011,FEMALE,ASIAN AND PACIFIC ISLANDER,ANNABELLE,10,38
19820,2011,FEMALE,ASIAN AND PACIFIC ISLANDER,HELEN,10,38
19821,2011,FEMALE,ASIAN AND PACIFIC ISLANDER,KATE,10,38
19822,2011,FEMALE,BLACK NON HISPANIC,MADISON,176,1
19823,2011,FEMALE,BLACK NON HISPANIC,LONDON,92,2
19824,2011,FEMALE,BLACK NON HISPANIC,KAYLA,78,3
19825,2011,FEMALE,BLACK NON HISPANIC,CHLOE,72,4
19826,2011,FEMALE,BLACK NON HISPANIC,AALIYAH,69,5
19827,2011,FEMALE,BLACK NON HISPANIC,MAKAYLA,67,6
19828,2011,FEMALE,BLACK NON HISPANIC,NEVAEH,60,7
19829,2011,FEMALE,BLACK NON HISPANIC,GABRIELLE,55,8
19830,2011,FEMALE,BLACK NON HISPANIC,TAYLOR,53,9
19831,2011,FEMALE,BLACK NON HISPANIC,OLIVIA,52,10
19832,2011,FEMALE,BLACK NON HISPANIC,JADA,52,10
19833,2011,FEMALE,BLACK NON HISPANIC,SERENITY,52,10
19834,2011,FEMALE,BLACK NON HISPANIC,ABIGAIL,51,11
19835,2011,FEMALE,BLACK NON HISPANIC,FATOUMATA,51,11
19836,2011,FEMALE,BLACK NON HISPANIC,FAITH,46,12
19837,2011,FEMALE,BLACK NON HISPANIC,ZOE,43,13
19838,2011,FEMALE,BLACK NON HISPANIC,NYLA,43,13
19839,2011,FEMALE,BLACK NON HISPANIC,SAVANNAH,42,14
19840,2011,FEMALE,BLACK NON HISPANIC,KHLOE,42,14
19841,2011,FEMALE,BLACK NON HISPANIC,NYLAH,42,14
19842,2011,FEMALE,BLACK NON HISPANIC,AVA,40,15
19843,2011,FEMALE,BLACK NON HISPANIC,SARAH,40,15
19844,2011,FEMALE,BLACK NON HISPANIC,LEAH,39,16
19845,2011,FEMALE,BLACK NON HISPANIC,LAILA,39,16
19846,2011,FEMALE,BLACK NON HISPANIC,BRIANNA,38,17
19847,2011,FEMALE,BLACK NON HISPANIC,JAYLA,38,17
19848,2011,FEMALE,BLACK NON HISPANIC,NIA,38,17
19849,2011,FEMALE,BLACK NON HISPANIC,ARIANNA,38,17
19850,2011,FEMALE,BLACK NON HISPANIC,CHELSEA,37,18
19851,2011,FEMALE,BLACK NON HISPANIC,VICTORIA,36,19
19852,2011,FEMALE,BLACK NON HISPANIC,MIA,36,19
19853,2011,FEMALE,BLACK NON HISPANIC,DESTINY,35,20
19854,2011,FEMALE,BLACK NON HISPANIC,BRIELLE,35,20
19855,2011,FEMALE,BLACK NON HISPANIC,ANIYAH,35,20
19856,2011,FEMALE,BLACK NON HISPANIC,ISABELLA,35,20
19857,2011,FEMALE,BLACK NON HISPANIC,ALYSSA,35,20
19858,2011,FEMALE,BLACK NON HISPANIC,NAOMI,34,21
19859,2011,FEMALE,BLACK NON HISPANIC,PAIGE,33,22
19860,2011,FEMALE,BLACK NON HISPANIC,MYA,32,23
19861,2011,FEMALE,BLACK NON HISPANIC,JASMINE,32,23
19862,2011,FEMALE,BLACK NON HISPANIC,AMAYA,32,23
19863,2011,FEMALE,BLACK NON HISPANIC,HEAVEN,32,23
19864,2011,FEMALE,BLACK NON HISPANIC,MARIAM,32,23
19865,2011,FEMALE,BLACK NON HISPANIC,ARIEL,32,23
19866,2011,FEMALE,BLACK NON HISPANIC,PARIS,32,23
19867,2011,FEMALE,BLACK NON HISPANIC,MORGAN,31,24
19868,2011,FEMALE,BLACK NON HISPANIC,HAILEY,31,24
19869,2011,FEMALE,BLACK NON HISPANIC,SOPHIA,30,25
19870,2011,FEMALE,BLACK NON HISPANIC,LAYLA,30,25
19871,2011,FEMALE,BLACK NON HISPANIC,EMILY,30,25
19872,2011,FEMALE,BLACK NON HISPANIC,ZOEY,29,26
19873,2011,FEMALE,BLACK NON HISPANIC,MILAN,28,27
19874,2011,FEMALE,BLACK NON HISPANIC,IMANI,28,27
19875,2011,FEMALE,BLACK NON HISPANIC,TRINITY,28,27
19876,2011,FEMALE,BLACK NON HISPANIC,SAMANTHA,27,28
19877,2011,FEMALE,BLACK NON HISPANIC,LAUREN,27,28
19878,2011,FEMALE,BLACK NON HISPANIC,AUTUMN,26,29
19879,2011,FEMALE,BLACK NON HISPANIC,SANAA,26,29
19880,2011,FEMALE,BLACK NON HISPANIC,LONDYN,25,30
19881,2011,FEMALE,BLACK NON HISPANIC,MAYA,25,30
19882,2011,FEMALE,BLACK NON HISPANIC,KAYLEE,25,30
19883,2011,FEMALE,BLACK NON HISPANIC,AMINATA,25,30
19884,2011,FEMALE,BLACK NON HISPANIC,MCKENZIE,25,30
19885,2011,FEMALE,BLACK NON HISPANIC,SYDNEY,24,31
19886,2011,FEMALE,BLACK NON HISPANIC,HANNAH,24,31
19887,2011,FEMALE,BLACK NON HISPANIC,GABRIELLA,24,31
19888,2011,FEMALE,BLACK NON HISPANIC,FATIMA,24,31
19889,2011,FEMALE,BLACK NON HISPANIC,KIMORA,23,32
19890,2011,FEMALE,BLACK NON HISPANIC,ALIYAH,23,32
19891,2011,FEMALE,BLACK NON HISPANIC,MARIAMA,22,33
19892,2011,FEMALE,BLACK NON HISPANIC,AMIRAH,22,33
19893,2011,FEMALE,BLACK NON HISPANIC,ELIZABETH,22,33
19894,2011,FEMALE,BLACK NON HISPANIC,MARIAH,21,34
19895,2011,FEMALE,BLACK NON HISPANIC,KAITLYN,21,34
19896,2011,FEMALE,BLACK NON HISPANIC,SANAI,21,34
19897,2011,FEMALE,BLACK NON HISPANIC,MIKAYLA,21,34
19898,2011,FEMALE,BLACK NON HISPANIC,SKYLAR,20,35
19899,2011,FEMALE,BLACK NON HISPANIC,ARIELLE,20,35
19900,2011,FEMALE,BLACK NON HISPANIC,HARMONY,20,35
19901,2011,FEMALE,BLACK NON HISPANIC,AMIYAH,20,35
19902,2011,FEMALE,BLACK NON HISPANIC,PEYTON,20,35
19903,2011,FEMALE,BLACK NON HISPANIC,DANIELLE,20,35
19904,2011,FEMALE,BLACK NON HISPANIC,SKYLA,19,36
19905,2011,FEMALE,BLACK NON HISPANIC,KYLIE,19,36
19906,2011,FEMALE,BLACK NON HISPANIC,ANIYA,19,36
19907,2011,FEMALE,BLACK NON HISPANIC,TIANA,19,36
19908,2011,FEMALE,BLACK NON HISPANIC,AMELIA,19,36
19909,2011,FEMALE,BLACK NON HISPANIC,SAMIYAH,18,37
19910,2011,FEMALE,BLACK NON HISPANIC,ALANA,18,37
19911,2011,FEMALE,BLACK NON HISPANIC,AMBER,18,37
19912,2011,FEMALE,BLACK NON HISPANIC,JADE,18,37
19913,2011,FEMALE,BLACK NON HISPANIC,MELANIE,18,37
19914,2011,FEMALE,BLACK NON HISPANIC,AMANDA,17,38
19915,2011,FEMALE,BLACK NON HISPANIC,CHRISTINA,17,38
19916,2011,FEMALE,BLACK NON HISPANIC,MALIA,17,38
19917,2011,FEMALE,BLACK NON HISPANIC,SARIAH,17,38
19918,2011,FEMALE,BLACK NON HISPANIC,TAMIA,17,38
19919,2011,FEMALE,BLACK NON HISPANIC,SADE,16,39
19920,2011,FEMALE,BLACK NON HISPANIC,ANGEL,16,39
19921,2011,FEMALE,BLACK NON HISPANIC,TORI,16,39
19922,2011,FEMALE,BLACK NON HISPANIC,JAYDA,16,39
19923,2011,FEMALE,BLACK NON HISPANIC,PRINCESS,16,39
19924,2011,FEMALE,BLACK NON HISPANIC,AUBREY,16,39
19925,2011,FEMALE,BLACK NON HISPANIC,NADIA,16,39
19926,2011,FEMALE,BLACK NON HISPANIC,ASHLEY,16,39
19927,2011,FEMALE,BLACK NON HISPANIC,JORDYN,16,39
19928,2011,FEMALE,BLACK NON HISPANIC,SUMMER,15,40
19929,2011,FEMALE,BLACK NON HISPANIC,AMANI,15,40
19930,2011,FEMALE,BLACK NON HISPANIC,EMMA,15,40
19931,2011,FEMALE,BLACK NON HISPANIC,EGYPT,15,40
19932,2011,FEMALE,BLACK NON HISPANIC,DAKOTA,15,40
19933,2011,FEMALE,BLACK NON HISPANIC,RILEY,15,40
19934,2011,FEMALE,BLACK NON HISPANIC,SKYE,15,40
19935,2011,FEMALE,BLACK NON HISPANIC,SHILOH,15,40
19936,2011,FEMALE,BLACK NON HISPANIC,SARAI,15,40
19937,2011,FEMALE,BLACK NON HISPANIC,GRACE,15,40
19938,2011,FEMALE,BLACK NON HISPANIC,GENESIS,15,40
19939,2011,FEMALE,BLACK NON HISPANIC,AMIRA,15,40
19940,2011,FEMALE,BLACK NON HISPANIC,HAWA,15,40
19941,2011,FEMALE,BLACK NON HISPANIC,FANTA,15,40
19942,2011,FEMALE,BLACK NON HISPANIC,AMINA,14,41
19943,2011,FEMALE,BLACK NON HISPANIC,MALIYAH,14,41
19944,2011,FEMALE,BLACK NON HISPANIC,ZARIAH,14,41
19945,2011,FEMALE,BLACK NON HISPANIC,SASHA,14,41
19946,2011,FEMALE,BLACK NON HISPANIC,SHANIA,14,41
19947,2011,FEMALE,BLACK NON HISPANIC,AICHA,14,41
19948,2011,FEMALE,BLACK NON HISPANIC,KALIYAH,14,41
19949,2011,FEMALE,BLACK NON HISPANIC,ARIANA,13,42
19950,2011,FEMALE,BLACK NON HISPANIC,ZARIA,13,42
19951,2011,FEMALE,BLACK NON HISPANIC,SYMPHONY,13,42
19952,2011,FEMALE,BLACK NON HISPANIC,ADDISON,13,42
19953,2011,FEMALE,BLACK NON HISPANIC,AISSATOU,13,42
19954,2011,FEMALE,BLACK NON HISPANIC,ALEXIS,13,42
19955,2011,FEMALE,BLACK NON HISPANIC,JANIYA,13,42
19956,2011,FEMALE,BLACK NON HISPANIC,TIANNA,13,42
19957,2011,FEMALE,BLACK NON HISPANIC,SANIYA,13,42
19958,2011,FEMALE,BLACK NON HISPANIC,MICHELLE,13,42
19959,2011,FEMALE,BLACK NON HISPANIC,SANIYAH,13,42
19960,2011,FEMALE,BLACK NON HISPANIC,LEILANI,13,42
19961,2011,FEMALE,BLACK NON HISPANIC,KENNEDY,13,42
19962,2011,FEMALE,BLACK NON HISPANIC,ARIA,13,42
19963,2011,FEMALE,BLACK NON HISPANIC,KIARA,13,42
19964,2011,FEMALE,BLACK NON HISPANIC,NAHLA,13,42
19965,2011,FEMALE,BLACK NON HISPANIC,LYRIC,13,42
19966,2011,FEMALE,BLACK NON HISPANIC,ANAYA,12,43
19967,2011,FEMALE,BLACK NON HISPANIC,KENDRA,12,43
19968,2011,FEMALE,BLACK NON HISPANIC,KYLA,12,43
19969,2011,FEMALE,BLACK NON HISPANIC,BROOKE,12,43
19970,2011,FEMALE,BLACK NON HISPANIC,NATALIA,12,43
19971,2011,FEMALE,BLACK NON HISPANIC,CAMILLE,12,43
19972,2011,FEMALE,BLACK NON HISPANIC,JANIYAH,12,43
19973,2011,FEMALE,BLACK NON HISPANIC,REBECCA,12,43
19974,2011,FEMALE,BLACK NON HISPANIC,FATOU,12,43
19975,2011,FEMALE,BLACK NON HISPANIC,TARAJI,12,43
19976,2011,FEMALE,BLACK NON HISPANIC,SAMARA,11,44
19977,2011,FEMALE,BLACK NON HISPANIC,SHANIYA,11,44
19978,2011,FEMALE,BLACK NON HISPANIC,ZARA,11,44
19979,2011,FEMALE,BLACK NON HISPANIC,ALICIA,11,44
19980,2011,FEMALE,BLACK NON HISPANIC,ANGELINA,11,44
19981,2011,FEMALE,BLACK NON HISPANIC,DYLAN,11,44
19982,2011,FEMALE,BLACK NON HISPANIC,EDEN,11,44
19983,2011,FEMALE,BLACK NON HISPANIC,ESSENCE,11,44
19984,2011,FEMALE,BLACK NON HISPANIC,EVA,11,44
19985,2011,FEMALE,BLACK NON HISPANIC,JANELLE,11,44
19986,2011,FEMALE,BLACK NON HISPANIC,KELSEY,11,44
19987,2011,FEMALE,BLACK NON HISPANIC,NATALIE,11,44
19988,2011,FEMALE,BLACK NON HISPANIC,JULIA,10,45
19989,2011,FEMALE,BLACK NON HISPANIC,MARYAM,10,45
19990,2011,FEMALE,BLACK NON HISPANIC,KAI,10,45
19991,2011,FEMALE,BLACK NON HISPANIC,RACHEL,10,45
19992,2011,FEMALE,BLACK NON HISPANIC,SAMIYA,10,45
19993,2011,FEMALE,BLACK NON HISPANIC,SORAYA,10,45
19994,2011,FEMALE,BLACK NON HISPANIC,AISHA,10,45
19995,2011,FEMALE,BLACK NON HISPANIC,NANA,10,45
19996,2011,FEMALE,BLACK NON HISPANIC,MACKENZIE,10,45
19997,2011,FEMALE,BLACK NON HISPANIC,CHEYENNE,10,45
19998,2011,FEMALE,BLACK NON HISPANIC,JALIYAH,10,45
19999,2011,FEMALE,BLACK NON HISPANIC,KENYA,10,45
20000,2011,FEMALE,BLACK NON HISPANIC,KAMIYAH,10,45
20001,2011,FEMALE,BLACK NON HISPANIC,ERIN,10,45
20002,2011,FEMALE,BLACK NON HISPANIC,ZANIYAH,10,45
20003,2011,FEMALE,BLACK NON HISPANIC,TABITHA,10,45
20004,2011,FEMALE,BLACK NON HISPANIC,ZURI,10,45
20005,2011,FEMALE,BLACK NON HISPANIC,ZAHARA,10,45
20006,2011,FEMALE,HISPANIC,ISABELLA,331,1
20007,2011,FEMALE,HISPANIC,MIA,229,2
20008,2011,FEMALE,HISPANIC,SOPHIA,223,3
20009,2011,FEMALE,HISPANIC,ASHLEY,190,4
20010,2011,FEMALE,HISPANIC,CAMILA,188,5
20011,2011,FEMALE,HISPANIC,SOFIA,165,6
20012,2011,FEMALE,HISPANIC,EMILY,162,7
20013,2011,FEMALE,HISPANIC,HAILEY,126,8
20014,2011,FEMALE,HISPANIC,LEAH,123,9
20015,2011,FEMALE,HISPANIC,MADISON,122,10
20016,2011,FEMALE,HISPANIC,VICTORIA,114,11
20017,2011,FEMALE,HISPANIC,BRIANNA,114,11
20018,2011,FEMALE,HISPANIC,EMMA,114,11
20019,2011,FEMALE,HISPANIC,MELANIE,109,12
20020,2011,FEMALE,HISPANIC,KIMBERLY,103,13
20021,2011,FEMALE,HISPANIC,SAMANTHA,100,14
20022,2011,FEMALE,HISPANIC,GENESIS,94,15
20023,2011,FEMALE,HISPANIC,ALLISON,90,16
20024,2011,FEMALE,HISPANIC,AMY,87,17
20025,2011,FEMALE,HISPANIC,GABRIELLA,86,18
20026,2011,FEMALE,HISPANIC,OLIVIA,86,18
20027,2011,FEMALE,HISPANIC,VALENTINA,85,19
20028,2011,FEMALE,HISPANIC,KAYLEE,83,20
20029,2011,FEMALE,HISPANIC,ABIGAIL,80,21
20030,2011,FEMALE,HISPANIC,GABRIELA,78,22
20031,2011,FEMALE,HISPANIC,ARIANNA,77,23
20032,2011,FEMALE,HISPANIC,ANGELINA,72,24
20033,2011,FEMALE,HISPANIC,NICOLE,71,25
20034,2011,FEMALE,HISPANIC,BELLA,67,26
20035,2011,FEMALE,HISPANIC,LESLIE,66,27
20036,2011,FEMALE,HISPANIC,SCARLETT,65,28
20037,2011,FEMALE,HISPANIC,ZOE,65,28
20038,2011,FEMALE,HISPANIC,ADRIANA,65,28
20039,2011,FEMALE,HISPANIC,DANIELA,64,29
20040,2011,FEMALE,HISPANIC,AALIYAH,63,30
20041,2011,FEMALE,HISPANIC,ALYSSA,63,30
20042,2011,FEMALE,HISPANIC,ELIZABETH,63,30
20043,2011,FEMALE,HISPANIC,EVELYN,63,30
20044,2011,FEMALE,HISPANIC,KAYLA,62,31
20045,2011,FEMALE,HISPANIC,ANDREA,61,32
20046,2011,FEMALE,HISPANIC,ARIANA,61,32
20047,2011,FEMALE,HISPANIC,CHLOE,60,33
20048,2011,FEMALE,HISPANIC,KATHERINE,60,33
20049,2011,FEMALE,HISPANIC,JENNIFER,59,34
20050,2011,FEMALE,HISPANIC,MARIA,59,34
20051,2011,FEMALE,HISPANIC,KHLOE,57,35
20052,2011,FEMALE,HISPANIC,ALEXA,55,36
20053,2011,FEMALE,HISPANIC,AVA,54,37
20054,2011,FEMALE,HISPANIC,SARAH,53,38
20055,2011,FEMALE,HISPANIC,VALERIE,53,38
20056,2011,FEMALE,HISPANIC,LAYLA,52,39
20057,2011,FEMALE,HISPANIC,DIANA,51,40
20058,2011,FEMALE,HISPANIC,JAYLEEN,51,40
20059,2011,FEMALE,HISPANIC,MICHELLE,51,40
20060,2011,FEMALE,HISPANIC,EMELY,50,41
20061,2011,FEMALE,HISPANIC,MELISSA,50,41
20062,2011,FEMALE,HISPANIC,NATALIA,50,41
20063,2011,FEMALE,HISPANIC,STEPHANIE,50,41
20064,2011,FEMALE,HISPANIC,JADE,50,41
20065,2011,FEMALE,HISPANIC,GIANNA,49,42
20066,2011,FEMALE,HISPANIC,MAYA,49,42
20067,2011,FEMALE,HISPANIC,EVA,47,43
20068,2011,FEMALE,HISPANIC,ALEXANDRA,47,43
20069,2011,FEMALE,HISPANIC,JOCELYN,46,44
20070,2011,FEMALE,HISPANIC,JESSICA,46,44
20071,2011,FEMALE,HISPANIC,NATALIE,46,44
20072,2011,FEMALE,HISPANIC,VALERIA,45,45
20073,2011,FEMALE,HISPANIC,CHELSEA,43,46
20074,2011,FEMALE,HISPANIC,VANESSA,42,47
20075,2011,FEMALE,HISPANIC,JASMINE,41,48
20076,2011,FEMALE,HISPANIC,KELLY,41,48
20077,2011,FEMALE,HISPANIC,KAREN,41,48
20078,2011,FEMALE,HISPANIC,ANGELICA,40,49
20079,2011,FEMALE,HISPANIC,DANNA,39,50
20080,2011,FEMALE,HISPANIC,GISELLE,38,51
20081,2011,FEMALE,HISPANIC,SAVANNAH,38,51
20082,2011,FEMALE,HISPANIC,SERENITY,37,52
20083,2011,FEMALE,HISPANIC,KYLIE,37,52
20084,2011,FEMALE,HISPANIC,KIARA,36,53
20085,2011,FEMALE,HISPANIC,KAMILA,36,53
20086,2011,FEMALE,HISPANIC,GRACE,36,53
20087,2011,FEMALE,HISPANIC,DESTINY,34,54
20088,2011,FEMALE,HISPANIC,ELIANA,34,54
20089,2011,FEMALE,HISPANIC,AMELIA,33,55
20090,2011,FEMALE,HISPANIC,ANA,33,55
20091,2011,FEMALE,HISPANIC,MARIAH,33,55
20092,2011,FEMALE,HISPANIC,JAYLA,33,55
20093,2011,FEMALE,HISPANIC,LEILANI,33,55
20094,2011,FEMALE,HISPANIC,NEVAEH,32,56
20095,2011,FEMALE,HISPANIC,MAKAYLA,32,56
20096,2011,FEMALE,HISPANIC,BRIANA,32,56
20097,2011,FEMALE,HISPANIC,ELLA,32,56
20098,2011,FEMALE,HISPANIC,ALISON,32,56
20099,2011,FEMALE,HISPANIC,AMAYA,31,57
20100,2011,FEMALE,HISPANIC,KAITLYN,31,57
20101,2011,FEMALE,HISPANIC,JOSELYN,30,58
20102,2011,FEMALE,HISPANIC,DAISY,30,58
20103,2011,FEMALE,HISPANIC,ANGELIQUE,30,58
20104,2011,FEMALE,HISPANIC,JACQUELINE,30,58
20105,2011,FEMALE,HISPANIC,AMANDA,30,58
20106,2011,FEMALE,HISPANIC,LIZBETH,30,58
20107,2011,FEMALE,HISPANIC,DELILAH,29,59
20108,2011,FEMALE,HISPANIC,LAILA,29,59
20109,2011,FEMALE,HISPANIC,SCARLET,29,59
20110,2011,FEMALE,HISPANIC,SARA,29,59
20111,2011,FEMALE,HISPANIC,MYA,29,59
20112,2011,FEMALE,HISPANIC,ISABEL,28,60
20113,2011,FEMALE,HISPANIC,LILIANA,28,60
20114,2011,FEMALE,HISPANIC,DANIELLA,28,60
20115,2011,FEMALE,HISPANIC,ITZEL,27,61
20116,2011,FEMALE,HISPANIC,ESMERALDA,27,61
20117,2011,FEMALE,HISPANIC,KATE,27,61
20118,2011,FEMALE,HISPANIC,ZOEY,27,61
20119,2011,FEMALE,HISPANIC,LONDON,27,61
20120,2011,FEMALE,HISPANIC,NATHALIE,26,62
20121,2011,FEMALE,HISPANIC,MIKAYLA,26,62
20122,2011,FEMALE,HISPANIC,GUADALUPE,26,62
20123,2011,FEMALE,HISPANIC,LIA,26,62
20124,2011,FEMALE,HISPANIC,CRYSTAL,26,62
20125,2011,FEMALE,HISPANIC,ADRIANNA,26,62
20126,2011,FEMALE,HISPANIC,RACHEL,25,63
20127,2011,FEMALE,HISPANIC,LUZ,25,63
20128,2011,FEMALE,HISPANIC,AMBER,25,63
20129,2011,FEMALE,HISPANIC,AUBREY,25,63
20130,2011,FEMALE,HISPANIC,KARLA,25,63
20131,2011,FEMALE,HISPANIC,FAITH,25,63
20132,2011,FEMALE,HISPANIC,SABRINA,25,63
20133,2011,FEMALE,HISPANIC,SARAI,24,64
20134,2011,FEMALE,HISPANIC,LUNA,24,64
20135,2011,FEMALE,HISPANIC,JAZMIN,24,64
20136,2011,FEMALE,HISPANIC,BIANCA,24,64
20137,2011,FEMALE,HISPANIC,TIFFANY,24,64
20138,2011,FEMALE,HISPANIC,ALICIA,24,64
20139,2011,FEMALE,HISPANIC,KATELYN,23,65
20140,2011,FEMALE,HISPANIC,MELODY,23,65
20141,2011,FEMALE,HISPANIC,IZABELLA,23,65
20142,2011,FEMALE,HISPANIC,JULIA,22,66
20143,2011,FEMALE,HISPANIC,DAYANA,22,66
20144,2011,FEMALE,HISPANIC,JAYLENE,22,66
20145,2011,FEMALE,HISPANIC,YARETZI,22,66
20146,2011,FEMALE,HISPANIC,NAOMI,22,66
20147,2011,FEMALE,HISPANIC,BRITTANY,22,66
20148,2011,FEMALE,HISPANIC,ALIYAH,22,66
20149,2011,FEMALE,HISPANIC,RIHANNA,21,67
20150,2011,FEMALE,HISPANIC,JULIANNA,21,67
20151,2011,FEMALE,HISPANIC,GIA,21,67
20152,2011,FEMALE,HISPANIC,SKYLA,21,67
20153,2011,FEMALE,HISPANIC,LAUREN,21,67
20154,2011,FEMALE,HISPANIC,JADA,21,67
20155,2011,FEMALE,HISPANIC,LILY,21,67
20156,2011,FEMALE,HISPANIC,AILEEN,21,67
20157,2011,FEMALE,HISPANIC,ANGELA,20,68
20158,2011,FEMALE,HISPANIC,RUBY,20,68
20159,2011,FEMALE,HISPANIC,NATHALY,20,68
20160,2011,FEMALE,HISPANIC,LUCIA,20,68
20161,2011,FEMALE,HISPANIC,LEILA,20,68
20162,2011,FEMALE,HISPANIC,KAILEY,20,68
20163,2011,FEMALE,HISPANIC,JULIET,20,68
20164,2011,FEMALE,HISPANIC,JASMIN,20,68
20165,2011,FEMALE,HISPANIC,DULCE,20,68
20166,2011,FEMALE,HISPANIC,ANGIE,19,69
20167,2011,FEMALE,HISPANIC,KAYLEEN,19,69
20168,2011,FEMALE,HISPANIC,MILA,19,69
20169,2011,FEMALE,HISPANIC,ALLYSON,19,69
20170,2011,FEMALE,HISPANIC,ISABELLE,18,70
20171,2011,FEMALE,HISPANIC,XIMENA,18,70
20172,2011,FEMALE,HISPANIC,LIANA,18,70
20173,2011,FEMALE,HISPANIC,DANA,18,70
20174,2011,FEMALE,HISPANIC,MIAH,17,71
20175,2011,FEMALE,HISPANIC,BRENDA,17,71
20176,2011,FEMALE,HISPANIC,ANALIA,17,71
20177,2011,FEMALE,HISPANIC,HANNAH,17,71
20178,2011,FEMALE,HISPANIC,KEILY,17,71
20179,2011,FEMALE,HISPANIC,NAYELI,17,71
20180,2011,FEMALE,HISPANIC,ARIEL,17,71
20181,2011,FEMALE,HISPANIC,SIENNA,17,71
20182,2011,FEMALE,HISPANIC,HAYLEE,17,71
20183,2011,FEMALE,HISPANIC,MILEY,17,71
20184,2011,FEMALE,HISPANIC,ELISA,17,71
20185,2011,FEMALE,HISPANIC,AURORA,16,72
20186,2011,FEMALE,HISPANIC,JULIANA,16,72
20187,2011,FEMALE,HISPANIC,ROSELYN,16,72
20188,2011,FEMALE,HISPANIC,ELENA,16,72
20189,2011,FEMALE,HISPANIC,ALONDRA,16,72
20190,2011,FEMALE,HISPANIC,JULISSA,16,72
20191,2011,FEMALE,HISPANIC,ALEJANDRA,16,72
20192,2011,FEMALE,HISPANIC,MADELYN,16,72
20193,2011,FEMALE,HISPANIC,JAZLYN,16,72
20194,2011,FEMALE,HISPANIC,HEIDY,16,72
20195,2011,FEMALE,HISPANIC,NYLA,16,72
20196,2011,FEMALE,HISPANIC,AYLIN,16,72
20197,2011,FEMALE,HISPANIC,BRYANNA,16,72
20198,2011,FEMALE,HISPANIC,DENISE,16,72
20199,2011,FEMALE,HISPANIC,LESLY,16,72
20200,2011,FEMALE,HISPANIC,ALICE,16,72
20201,2011,FEMALE,HISPANIC,HEIDI,15,73
20202,2011,FEMALE,HISPANIC,SHIRLEY,15,73
20203,2011,FEMALE,HISPANIC,HEAVEN,15,73
20204,2011,FEMALE,HISPANIC,ERIKA,15,73
20205,2011,FEMALE,HISPANIC,ESTRELLA,15,73
20206,2011,FEMALE,HISPANIC,ALISSON,15,73
20207,2011,FEMALE,HISPANIC,JULIETTE,15,73
20208,2011,FEMALE,HISPANIC,MADELINE,15,73
20209,2011,FEMALE,HISPANIC,KAYLIE,15,73
20210,2011,FEMALE,HISPANIC,SELENA,15,73
20211,2011,FEMALE,HISPANIC,JAZMINE,14,74
20212,2011,FEMALE,HISPANIC,LAURA,14,74
20213,2011,FEMALE,HISPANIC,MELANY,14,74
20214,2011,FEMALE,HISPANIC,MIKAELA,14,74
20215,2011,FEMALE,HISPANIC,HALEY,14,74
20216,2011,FEMALE,HISPANIC,EILEEN,14,74
20217,2011,FEMALE,HISPANIC,PENELOPE,14,74
20218,2011,FEMALE,HISPANIC,AYLEEN,14,74
20219,2011,FEMALE,HISPANIC,ESTHER,14,74
20220,2011,FEMALE,HISPANIC,NADIA,14,74
20221,2011,FEMALE,HISPANIC,GABRIELLE,14,74
20222,2011,FEMALE,HISPANIC,FERNANDA,14,74
20223,2011,FEMALE,HISPANIC,VIOLET,14,74
20224,2011,FEMALE,HISPANIC,ARIELLA,14,74
20225,2011,FEMALE,HISPANIC,ANIYAH,14,74
20226,2011,FEMALE,HISPANIC,NATALY,13,75
20227,2011,FEMALE,HISPANIC,ASHLY,13,75
20228,2011,FEMALE,HISPANIC,KRYSTAL,13,75
20229,2011,FEMALE,HISPANIC,GERALDINE,13,75
20230,2011,FEMALE,HISPANIC,JAYLIN,13,75
20231,2011,FEMALE,HISPANIC,CINDY,13,75
20232,2011,FEMALE,HISPANIC,ALESSANDRA,13,75
20233,2011,FEMALE,HISPANIC,HELEN,13,75
20234,2011,FEMALE,HISPANIC,HAYLEY,13,75
20235,2011,FEMALE,HISPANIC,APRIL,13,75
20236,2011,FEMALE,HISPANIC,ANNABELLE,13,75
20237,2011,FEMALE,HISPANIC,ANNA,13,75
20238,2011,FEMALE,HISPANIC,ISIS,13,75
20239,2011,FEMALE,HISPANIC,AISHA,13,75
20240,2011,FEMALE,HISPANIC,SHERLYN,13,75
20241,2011,FEMALE,HISPANIC,TAYLOR,13,75
20242,2011,FEMALE,HISPANIC,SAMARA,12,76
20243,2011,FEMALE,HISPANIC,CARMEN,12,76
20244,2011,FEMALE,HISPANIC,CAROLINE,12,76
20245,2011,FEMALE,HISPANIC,SKYLAR,12,76
20246,2011,FEMALE,HISPANIC,JOHANNA,12,76
20247,2011,FEMALE,HISPANIC,JANELLE,12,76
20248,2011,FEMALE,HISPANIC,ARELY,12,76
20249,2011,FEMALE,HISPANIC,WENDY,12,76
20250,2011,FEMALE,HISPANIC,KAYLIN,12,76
20251,2011,FEMALE,HISPANIC,KEYLA,12,76
20252,2011,FEMALE,HISPANIC,FATIMA,12,76
20253,2011,FEMALE,HISPANIC,MARIANA,12,76
20254,2011,FEMALE,HISPANIC,LINDSAY,12,76
20255,2011,FEMALE,HISPANIC,ATHENA,12,76
20256,2011,FEMALE,HISPANIC,ELIANNY,12,76
20257,2011,FEMALE,HISPANIC,LESLEY,12,76
20258,2011,FEMALE,HISPANIC,SOPHIE,12,76
20259,2011,FEMALE,HISPANIC,DANIELLE,12,76
20260,2011,FEMALE,HISPANIC,AIMEE,12,76
20261,2011,FEMALE,HISPANIC,RILEY,12,76
20262,2011,FEMALE,HISPANIC,KATIE,12,76
20263,2011,FEMALE,HISPANIC,PERLA,12,76
20264,2011,FEMALE,HISPANIC,BRITNEY,12,76
20265,2011,FEMALE,HISPANIC,JAYLAH,12,76
20266,2011,FEMALE,HISPANIC,STELLA,11,77
20267,2011,FEMALE,HISPANIC,NATASHA,11,77
20268,2011,FEMALE,HISPANIC,NINA,11,77
20269,2011,FEMALE,HISPANIC,NOEMI,11,77
20270,2011,FEMALE,HISPANIC,YAMILET,11,77
20271,2011,FEMALE,HISPANIC,RAQUEL,11,77
20272,2011,FEMALE,HISPANIC,ROSE,11,77
20273,2011,FEMALE,HISPANIC,SADIE,11,77
20274,2011,FEMALE,HISPANIC,ALANA,11,77
20275,2011,FEMALE,HISPANIC,MIRIAM,11,77
20276,2011,FEMALE,HISPANIC,ALYSON,11,77
20277,2011,FEMALE,HISPANIC,STEPHANY,11,77
20278,2011,FEMALE,HISPANIC,ANAYA,11,77
20279,2011,FEMALE,HISPANIC,TATIANA,11,77
20280,2011,FEMALE,HISPANIC,TIANA,11,77
20281,2011,FEMALE,HISPANIC,ANGELY,11,77
20282,2011,FEMALE,HISPANIC,KAILYN,11,77
20283,2011,FEMALE,HISPANIC,KAELYN,11,77
20284,2011,FEMALE,HISPANIC,VIVIANA,11,77
20285,2011,FEMALE,HISPANIC,BRIELLE,11,77
20286,2011,FEMALE,HISPANIC,JIMENA,11,77
20287,2011,FEMALE,HISPANIC,CAROLINA,11,77
20288,2011,FEMALE,HISPANIC,CELESTE,11,77
20289,2011,FEMALE,HISPANIC,CHARLOTTE,11,77
20290,2011,FEMALE,HISPANIC,CHRISTINA,11,77
20291,2011,FEMALE,HISPANIC,CLARA,11,77
20292,2011,FEMALE,HISPANIC,DAMARIS,11,77
20293,2011,FEMALE,HISPANIC,ELIANNA,11,77
20294,2011,FEMALE,HISPANIC,JASLENE,11,77
20295,2011,FEMALE,HISPANIC,JAMIE,11,77
20296,2011,FEMALE,HISPANIC,JAELYNN,11,77
20297,2011,FEMALE,HISPANIC,IRENE,11,77
20298,2011,FEMALE,HISPANIC,INGRID,11,77
20299,2011,FEMALE,HISPANIC,IMANI,11,77
20300,2011,FEMALE,HISPANIC,MIRANDA,11,77
20301,2011,FEMALE,HISPANIC,MEGAN,11,77
20302,2011,FEMALE,HISPANIC,IRIS,10,78
20303,2011,FEMALE,HISPANIC,CRISTINA,10,78
20304,2011,FEMALE,HISPANIC,JAYDA,10,78
20305,2011,FEMALE,HISPANIC,SAVANNA,10,78
20306,2011,FEMALE,HISPANIC,LEYLA,10,78
20307,2011,FEMALE,HISPANIC,SASHA,10,78
20308,2011,FEMALE,HISPANIC,VERONICA,10,78
20309,2011,FEMALE,HISPANIC,SARIAH,10,78
20310,2011,FEMALE,HISPANIC,HAZEL,10,78
20311,2011,FEMALE,HISPANIC,ABBY,10,78
20312,2011,FEMALE,HISPANIC,BRIANNY,10,78
20313,2011,FEMALE,HISPANIC,STACY,10,78
20314,2011,FEMALE,HISPANIC,ISABELA,10,78
20315,2011,FEMALE,HISPANIC,CYNTHIA,10,78
20316,2011,FEMALE,HISPANIC,CASSANDRA,10,78
20317,2011,FEMALE,HISPANIC,LEA,10,78
20318,2011,FEMALE,HISPANIC,KAYLEIGH,10,78
20319,2011,FEMALE,HISPANIC,KYLEE,10,78
20320,2011,FEMALE,HISPANIC,ROSA,10,78
20321,2011,FEMALE,HISPANIC,REBECCA,10,78
20322,2011,FEMALE,HISPANIC,NATHALIA,10,78
20323,2011,FEMALE,HISPANIC,MARILYN,10,78
20324,2011,FEMALE,HISPANIC,PAOLA,10,78
20325,2011,FEMALE,HISPANIC,MARISOL,10,78
20326,2011,FEMALE,HISPANIC,NANCY,10,78
20327,2011,FEMALE,HISPANIC,JAYLYN,10,78
20328,2011,FEMALE,HISPANIC,KATELYNN,10,78
20329,2011,FEMALE,HISPANIC,ARIANNY,10,78
20330,2011,FEMALE,WHITE NON HISPANIC,ESTHER,224,1
20331,2011,FEMALE,WHITE NON HISPANIC,OLIVIA,213,2
20332,2011,FEMALE,WHITE NON HISPANIC,EMMA,213,2
20333,2011,FEMALE,WHITE NON HISPANIC,LEAH,183,3
20334,2011,FEMALE,WHITE NON HISPANIC,SOPHIA,180,4
20335,2011,FEMALE,WHITE NON HISPANIC,CHAYA,178,5
20336,2011,FEMALE,WHITE NON HISPANIC,SARAH,177,6
20337,2011,FEMALE,WHITE NON HISPANIC,RACHEL,171,7
20338,2011,FEMALE,WHITE NON HISPANIC,AVA,162,8
20339,2011,FEMALE,WHITE NON HISPANIC,ISABELLA,160,9
20340,2011,FEMALE,WHITE NON HISPANIC,CHANA,132,10
20341,2011,FEMALE,WHITE NON HISPANIC,MIRIAM,131,11
20342,2011,FEMALE,WHITE NON HISPANIC,CHARLOTTE,127,12
20343,2011,FEMALE,WHITE NON HISPANIC,ELLA,127,12
20344,2011,FEMALE,WHITE NON HISPANIC,SOFIA,122,13
20345,2011,FEMALE,WHITE NON HISPANIC,EMILY,119,14
20346,2011,FEMALE,WHITE NON HISPANIC,MIA,116,15
20347,2011,FEMALE,WHITE NON HISPANIC,JULIA,116,15
20348,2011,FEMALE,WHITE NON HISPANIC,RIVKA,113,16
20349,2011,FEMALE,WHITE NON HISPANIC,ALEXANDRA,109,17
20350,2011,FEMALE,WHITE NON HISPANIC,SARA,107,18
20351,2011,FEMALE,WHITE NON HISPANIC,ABIGAIL,103,19
20352,2011,FEMALE,WHITE NON HISPANIC,GABRIELLA,102,20
20353,2011,FEMALE,WHITE NON HISPANIC,ELIZABETH,100,21
20354,2011,FEMALE,WHITE NON HISPANIC,CHLOE,95,22
20355,2011,FEMALE,WHITE NON HISPANIC,MAYA,94,23
20356,2011,FEMALE,WHITE NON HISPANIC,GRACE,93,24
20357,2011,FEMALE,WHITE NON HISPANIC,ANNA,85,25
20358,2011,FEMALE,WHITE NON HISPANIC,VICTORIA,84,26
20359,2011,FEMALE,WHITE NON HISPANIC,GITTY,82,27
20360,2011,FEMALE,WHITE NON HISPANIC,ZOE,81,28
20361,2011,FEMALE,WHITE NON HISPANIC,LILY,81,28
20362,2011,FEMALE,WHITE NON HISPANIC,SAMANTHA,74,29
20363,2011,FEMALE,WHITE NON HISPANIC,FAIGY,72,30
20364,2011,FEMALE,WHITE NON HISPANIC,HANNAH,71,31
20366,2011,FEMALE,WHITE NON HISPANIC,STELLA,69,32
20367,2011,FEMALE,WHITE NON HISPANIC,GIANNA,68,33
20368,2011,FEMALE,WHITE NON HISPANIC,SOPHIE,65,34
20369,2011,FEMALE,WHITE NON HISPANIC,EVA,64,35
20370,2011,FEMALE,WHITE NON HISPANIC,MALKA,63,36
20371,2011,FEMALE,WHITE NON HISPANIC,AMELIA,62,37
20372,2011,FEMALE,WHITE NON HISPANIC,MALKY,59,38
20373,2011,FEMALE,WHITE NON HISPANIC,MADISON,57,39
20374,2011,FEMALE,WHITE NON HISPANIC,ALEXA,54,40
20375,2011,FEMALE,WHITE NON HISPANIC,REBECCA,54,40
20376,2011,FEMALE,WHITE NON HISPANIC,CAROLINE,52,41
20377,2011,FEMALE,WHITE NON HISPANIC,AVERY,52,41
20378,2011,FEMALE,WHITE NON HISPANIC,RAIZY,51,42
20379,2011,FEMALE,WHITE NON HISPANIC,ALICE,50,43
20380,2011,FEMALE,WHITE NON HISPANIC,ANGELINA,50,43
20381,2011,FEMALE,WHITE NON HISPANIC,SHAINDY,48,44
20382,2011,FEMALE,WHITE NON HISPANIC,LUCY,47,45
20383,2011,FEMALE,WHITE NON HISPANIC,LILLIAN,47,45
20384,2011,FEMALE,WHITE NON HISPANIC,CHAVA,46,46
20385,2011,FEMALE,WHITE NON HISPANIC,NAOMI,46,46
20386,2011,FEMALE,WHITE NON HISPANIC,KAYLA,45,47
20387,2011,FEMALE,WHITE NON HISPANIC,NICOLE,45,47
20388,2011,FEMALE,WHITE NON HISPANIC,DEVORAH,44,48
20389,2011,FEMALE,WHITE NON HISPANIC,KATHERINE,44,48
20390,2011,FEMALE,WHITE NON HISPANIC,RIVKY,43,49
20391,2011,FEMALE,WHITE NON HISPANIC,DANIELLA,41,50
20392,2011,FEMALE,WHITE NON HISPANIC,GIULIANA,41,50
20393,2011,FEMALE,WHITE NON HISPANIC,DINA,41,50
20394,2011,FEMALE,WHITE NON HISPANIC,BAILA,40,51
20395,2011,FEMALE,WHITE NON HISPANIC,NATALIE,40,51
20396,2011,FEMALE,WHITE NON HISPANIC,TOBY,39,52
20397,2011,FEMALE,WHITE NON HISPANIC,ELEANOR,39,52
20398,2011,FEMALE,WHITE NON HISPANIC,NINA,39,52
20399,2011,FEMALE,WHITE NON HISPANIC,MARIA,39,52
20400,2011,FEMALE,WHITE NON HISPANIC,MADELINE,39,52
20401,2011,FEMALE,WHITE NON HISPANIC,EVELYN,39,52
20402,2011,FEMALE,WHITE NON HISPANIC,VIOLET,38,53
20403,2011,FEMALE,WHITE NON HISPANIC,SIENNA,38,53
20404,2011,FEMALE,WHITE NON HISPANIC,CHANY,38,53
20405,2011,FEMALE,WHITE NON HISPANIC,JULIANA,38,53
20406,2011,FEMALE,WHITE NON HISPANIC,PENELOPE,38,53
20407,2011,FEMALE,WHITE NON HISPANIC,HINDY,37,54
20408,2011,FEMALE,WHITE NON HISPANIC,JULIET,36,55
20409,2011,FEMALE,WHITE NON HISPANIC,MOLLY,36,55
20410,2011,FEMALE,WHITE NON HISPANIC,ELIANA,36,55
20411,2011,FEMALE,WHITE NON HISPANIC,CLAIRE,35,56
20412,2011,FEMALE,WHITE NON HISPANIC,MICHELLE,35,56
20413,2011,FEMALE,WHITE NON HISPANIC,SYDNEY,35,56
20414,2011,FEMALE,WHITE NON HISPANIC,ROSE,35,56
20415,2011,FEMALE,WHITE NON HISPANIC,SABRINA,34,57
20416,2011,FEMALE,WHITE NON HISPANIC,LILA,34,57
20417,2011,FEMALE,WHITE NON HISPANIC,NOA,34,57
20418,2011,FEMALE,WHITE NON HISPANIC,HAILEY,34,57
20419,2011,FEMALE,WHITE NON HISPANIC,ISABEL,34,57
20420,2011,FEMALE,WHITE NON HISPANIC,CATHERINE,33,58
20421,2011,FEMALE,WHITE NON HISPANIC,EMILIA,33,58
20422,2011,FEMALE,WHITE NON HISPANIC,FRANCESCA,33,58
20423,2011,FEMALE,WHITE NON HISPANIC,GOLDY,33,58
20424,2011,FEMALE,WHITE NON HISPANIC,JOSEPHINE,33,58
20425,2011,FEMALE,WHITE NON HISPANIC,BEATRICE,33,58
20426,2011,FEMALE,WHITE NON HISPANIC,BROOKE,33,58
20427,2011,FEMALE,WHITE NON HISPANIC,SADIE,32,59
20428,2011,FEMALE,WHITE NON HISPANIC,YITTY,32,59
20429,2011,FEMALE,WHITE NON HISPANIC,BRIANNA,32,59
20430,2011,FEMALE,WHITE NON HISPANIC,MILA,31,60
20431,2011,FEMALE,WHITE NON HISPANIC,VALENTINA,31,60
20432,2011,FEMALE,WHITE NON HISPANIC,SCARLETT,31,60
20433,2011,FEMALE,WHITE NON HISPANIC,FIONA,30,61
20434,2011,FEMALE,WHITE NON HISPANIC,VIVIAN,30,61
20435,2011,FEMALE,WHITE NON HISPANIC,HARPER,30,61
20436,2011,FEMALE,WHITE NON HISPANIC,LAYLA,29,62
20437,2011,FEMALE,WHITE NON HISPANIC,LILIANA,29,62
20438,2011,FEMALE,WHITE NON HISPANIC,LENA,29,62
20439,2011,FEMALE,WHITE NON HISPANIC,ADRIANA,29,62
20440,2011,FEMALE,WHITE NON HISPANIC,LEA,29,62
20441,2011,FEMALE,WHITE NON HISPANIC,RUBY,28,63
20442,2011,FEMALE,WHITE NON HISPANIC,RILEY,28,63
20443,2011,FEMALE,WHITE NON HISPANIC,JULIANNA,28,63
20444,2011,FEMALE,WHITE NON HISPANIC,ARIANNA,28,63
20445,2011,FEMALE,WHITE NON HISPANIC,CLARA,28,63
20446,2011,FEMALE,WHITE NON HISPANIC,ALYSSA,28,63
20447,2011,FEMALE,WHITE NON HISPANIC,ALEXIS,27,64
20448,2011,FEMALE,WHITE NON HISPANIC,ARIANA,27,64
20449,2011,FEMALE,WHITE NON HISPANIC,JANE,27,64
20450,2011,FEMALE,WHITE NON HISPANIC,ANNABELLE,27,64
20451,2011,FEMALE,WHITE NON HISPANIC,FRAIDY,26,65
20452,2011,FEMALE,WHITE NON HISPANIC,TALIA,26,65
20453,2011,FEMALE,WHITE NON HISPANIC,PESSY,26,65
20454,2011,FEMALE,WHITE NON HISPANIC,AUDREY,26,65
20455,2011,FEMALE,WHITE NON HISPANIC,GEORGIA,26,65
20456,2011,FEMALE,WHITE NON HISPANIC,ARIELLA,26,65
20457,2011,FEMALE,WHITE NON HISPANIC,ELLIE,26,65
20458,2011,FEMALE,WHITE NON HISPANIC,LAUREN,26,65
20459,2011,FEMALE,WHITE NON HISPANIC,GIA,26,65
20460,2011,FEMALE,WHITE NON HISPANIC,NECHAMA,25,66
20461,2011,FEMALE,WHITE NON HISPANIC,ELIZA,25,66
20462,2011,FEMALE,WHITE NON HISPANIC,YIDES,25,66
20463,2011,FEMALE,WHITE NON HISPANIC,MARGARET,25,66
20464,2011,FEMALE,WHITE NON HISPANIC,TAYLOR,25,66
20465,2011,FEMALE,WHITE NON HISPANIC,ZISSY,25,66
20466,2011,FEMALE,WHITE NON HISPANIC,ISABELLE,25,66
20467,2011,FEMALE,WHITE NON HISPANIC,ELOISE,24,67
20468,2011,FEMALE,WHITE NON HISPANIC,MADELEINE,24,67
20469,2011,FEMALE,WHITE NON HISPANIC,BRACHA,24,67
20470,2011,FEMALE,WHITE NON HISPANIC,EDEN,24,67
20471,2011,FEMALE,WHITE NON HISPANIC,MINDY,24,67
20472,2011,FEMALE,WHITE NON HISPANIC,GITTEL,23,68
20473,2011,FEMALE,WHITE NON HISPANIC,LUCIA,23,68
20474,2011,FEMALE,WHITE NON HISPANIC,LAILA,23,68
20475,2011,FEMALE,WHITE NON HISPANIC,PEARL,23,68
20476,2011,FEMALE,WHITE NON HISPANIC,LIBBY,23,68
20477,2011,FEMALE,WHITE NON HISPANIC,LIA,23,68
20478,2011,FEMALE,WHITE NON HISPANIC,NORA,23,68
20479,2011,FEMALE,WHITE NON HISPANIC,JULIETTE,23,68
20480,2011,FEMALE,WHITE NON HISPANIC,PHOEBE,23,68
20481,2011,FEMALE,WHITE NON HISPANIC,YEHUDIS,23,68
20482,2011,FEMALE,WHITE NON HISPANIC,BLIMY,23,68
20483,2011,FEMALE,WHITE NON HISPANIC,EVE,22,69
20484,2011,FEMALE,WHITE NON HISPANIC,VERONICA,22,69
20485,2011,FEMALE,WHITE NON HISPANIC,SHOSHANA,22,69
20486,2011,FEMALE,WHITE NON HISPANIC,SHIRA,22,69
20487,2011,FEMALE,WHITE NON HISPANIC,ROCHEL,22,69
20488,2011,FEMALE,WHITE NON HISPANIC,BELLA,22,69
20489,2011,FEMALE,WHITE NON HISPANIC,LOLA,22,69
20490,2011,FEMALE,WHITE NON HISPANIC,JENNA,22,69
20491,2011,FEMALE,WHITE NON HISPANIC,ALIZA,22,69
20492,2011,FEMALE,WHITE NON HISPANIC,ADELE,22,69
20493,2011,FEMALE,WHITE NON HISPANIC,JESSICA,22,69
20494,2011,FEMALE,WHITE NON HISPANIC,VIVIENNE,21,70
20495,2011,FEMALE,WHITE NON HISPANIC,MAEVE,21,70
20496,2011,FEMALE,WHITE NON HISPANIC,LYLA,21,70
20497,2011,FEMALE,WHITE NON HISPANIC,ZOEY,21,70
20498,2011,FEMALE,WHITE NON HISPANIC,YAEL,21,70
20499,2011,FEMALE,WHITE NON HISPANIC,MORGAN,20,71
20500,2011,FEMALE,WHITE NON HISPANIC,BLIMA,20,71
20501,2011,FEMALE,WHITE NON HISPANIC,BATSHEVA,20,71
20502,2011,FEMALE,WHITE NON HISPANIC,ASHLEY,20,71
20503,2011,FEMALE,WHITE NON HISPANIC,NATALIA,20,71
20504,2011,FEMALE,WHITE NON HISPANIC,ALESSANDRA,20,71
20505,2011,FEMALE,WHITE NON HISPANIC,LIBA,20,71
20506,2011,FEMALE,WHITE NON HISPANIC,RAIZEL,20,71
20507,2011,FEMALE,WHITE NON HISPANIC,SHIFRA,20,71
20508,2011,FEMALE,WHITE NON HISPANIC,JACQUELINE,20,71
20509,2011,FEMALE,WHITE NON HISPANIC,DYLAN,20,71
20510,2011,FEMALE,WHITE NON HISPANIC,YOCHEVED,20,71
20511,2011,FEMALE,WHITE NON HISPANIC,SURY,20,71
20512,2011,FEMALE,WHITE NON HISPANIC,ELENA,19,72
20513,2011,FEMALE,WHITE NON HISPANIC,GABRIELA,19,72
20514,2011,FEMALE,WHITE NON HISPANIC,ADINA,19,72
20515,2011,FEMALE,WHITE NON HISPANIC,BRUCHA,19,72
20516,2011,FEMALE,WHITE NON HISPANIC,ADDISON,19,72
20517,2011,FEMALE,WHITE NON HISPANIC,VERA,19,72
20518,2011,FEMALE,WHITE NON HISPANIC,ANASTASIA,19,72
20519,2011,FEMALE,WHITE NON HISPANIC,SIMA,19,72
20520,2011,FEMALE,WHITE NON HISPANIC,HAZEL,18,73
20521,2011,FEMALE,WHITE NON HISPANIC,LAURA,18,73
20522,2011,FEMALE,WHITE NON HISPANIC,MACKENZIE,18,73
20523,2011,FEMALE,WHITE NON HISPANIC,AVIVA,18,73
20524,2011,FEMALE,WHITE NON HISPANIC,ESTY,18,73
20525,2011,FEMALE,WHITE NON HISPANIC,ADRIANNA,18,73
20526,2011,FEMALE,WHITE NON HISPANIC,HENNY,18,73
20527,2011,FEMALE,WHITE NON HISPANIC,KATE,17,74
20528,2011,FEMALE,WHITE NON HISPANIC,KAITLYN,17,74
20529,2011,FEMALE,WHITE NON HISPANIC,SALMA,17,74
20530,2011,FEMALE,WHITE NON HISPANIC,DEVORA,17,74
20531,2011,FEMALE,WHITE NON HISPANIC,ELLE,17,74
20532,2011,FEMALE,WHITE NON HISPANIC,SLOANE,17,74
20533,2011,FEMALE,WHITE NON HISPANIC,MARIAM,17,74
20534,2011,FEMALE,WHITE NON HISPANIC,LIANA,17,74
20535,2011,FEMALE,WHITE NON HISPANIC,SKYLAR,17,74
20536,2011,FEMALE,WHITE NON HISPANIC,AMINA,17,74
20537,2011,FEMALE,WHITE NON HISPANIC,SIENA,16,75
20538,2011,FEMALE,WHITE NON HISPANIC,SHAINA,16,75
20539,2011,FEMALE,WHITE NON HISPANIC,SUMMER,16,75
20540,2011,FEMALE,WHITE NON HISPANIC,CECILIA,16,75
20541,2011,FEMALE,WHITE NON HISPANIC,SASHA,16,75
20542,2011,FEMALE,WHITE NON HISPANIC,MARY,16,75
20543,2011,FEMALE,WHITE NON HISPANIC,FAIGA,16,75
20544,2011,FEMALE,WHITE NON HISPANIC,MICHAL,16,75
20545,2011,FEMALE,WHITE NON HISPANIC,SAVANNAH,16,75
20546,2011,FEMALE,WHITE NON HISPANIC,FRADEL,16,75
20547,2011,FEMALE,WHITE NON HISPANIC,EMERSON,16,75
20548,2011,FEMALE,WHITE NON HISPANIC,AHUVA,16,75
20549,2011,FEMALE,WHITE NON HISPANIC,SERENA,16,75
20550,2011,FEMALE,WHITE NON HISPANIC,SIMONE,15,76
20551,2011,FEMALE,WHITE NON HISPANIC,AMELIE,15,76
20552,2011,FEMALE,WHITE NON HISPANIC,BREINDY,15,76
20553,2011,FEMALE,WHITE NON HISPANIC,DAHLIA,15,76
20554,2011,FEMALE,WHITE NON HISPANIC,AMANDA,15,76
20555,2011,FEMALE,WHITE NON HISPANIC,ERIN,15,76
20556,2011,FEMALE,WHITE NON HISPANIC,GABRIELLE,15,76
20557,2011,FEMALE,WHITE NON HISPANIC,MALAK,15,76
20558,2011,FEMALE,WHITE NON HISPANIC,MADELYN,15,76
20559,2011,FEMALE,WHITE NON HISPANIC,BATYA,15,76
20560,2011,FEMALE,WHITE NON HISPANIC,GEMMA,15,76
20561,2011,FEMALE,WHITE NON HISPANIC,SHAINDEL,15,76
20562,2011,FEMALE,WHITE NON HISPANIC,ALLISON,15,76
20563,2011,FEMALE,WHITE NON HISPANIC,PEREL,15,76
20564,2011,FEMALE,WHITE NON HISPANIC,MICHAELA,15,76
20565,2011,FEMALE,WHITE NON HISPANIC,HADASSAH,15,76
20566,2011,FEMALE,WHITE NON HISPANIC,IVY,15,76
20567,2011,FEMALE,WHITE NON HISPANIC,DANIELLE,15,76
20568,2011,FEMALE,WHITE NON HISPANIC,BROOKLYN,15,76
20569,2011,FEMALE,WHITE NON HISPANIC,ETTY,15,76
20570,2011,FEMALE,WHITE NON HISPANIC,MATILDA,14,77
20571,2011,FEMALE,WHITE NON HISPANIC,ELISHEVA,14,77
20572,2011,FEMALE,WHITE NON HISPANIC,RYAN,14,77
20573,2011,FEMALE,WHITE NON HISPANIC,ARIEL,14,77
20574,2011,FEMALE,WHITE NON HISPANIC,ESTER,14,77
20575,2011,FEMALE,WHITE NON HISPANIC,ANNABEL,14,77
20576,2011,FEMALE,WHITE NON HISPANIC,COLETTE,14,77
20577,2011,FEMALE,WHITE NON HISPANIC,CHRISTINA,14,77
20578,2011,FEMALE,WHITE NON HISPANIC,ALISA,14,77
20579,2011,FEMALE,WHITE NON HISPANIC,JASMINE,14,77
20580,2011,FEMALE,WHITE NON HISPANIC,BRYNN,14,77
20581,2011,FEMALE,WHITE NON HISPANIC,CHARLIE,14,77
20582,2011,FEMALE,WHITE NON HISPANIC,GOLDA,14,77
20583,2011,FEMALE,WHITE NON HISPANIC,VANESSA,14,77
20584,2011,FEMALE,WHITE NON HISPANIC,ALESSIA,14,77
20585,2011,FEMALE,WHITE NON HISPANIC,TZIVIA,14,77
20586,2011,FEMALE,WHITE NON HISPANIC,JOYCE,14,77
20587,2011,FEMALE,WHITE NON HISPANIC,TESSA,14,77
20588,2011,FEMALE,WHITE NON HISPANIC,SURI,14,77
20589,2011,FEMALE,WHITE NON HISPANIC,BLAKE,14,77
20590,2011,FEMALE,WHITE NON HISPANIC,BRIDGET,14,77
20591,2011,FEMALE,WHITE NON HISPANIC,ISLA,14,77
20592,2011,FEMALE,WHITE NON HISPANIC,LILLY,13,78
20593,2011,FEMALE,WHITE NON HISPANIC,KYLIE,13,78
20594,2011,FEMALE,WHITE NON HISPANIC,PARKER,13,78
20595,2011,FEMALE,WHITE NON HISPANIC,DIANA,13,78
20596,2011,FEMALE,WHITE NON HISPANIC,LARA,13,78
20597,2011,FEMALE,WHITE NON HISPANIC,IRIS,13,78
20598,2011,FEMALE,WHITE NON HISPANIC,REESE,13,78
20599,2011,FEMALE,WHITE NON HISPANIC,YACHET,13,78
20600,2011,FEMALE,WHITE NON HISPANIC,WILLA,13,78
20601,2011,FEMALE,WHITE NON HISPANIC,LINA,13,78
20602,2011,FEMALE,WHITE NON HISPANIC,RIFKY,13,78
20603,2011,FEMALE,WHITE NON HISPANIC,ELISE,13,78
20604,2011,FEMALE,WHITE NON HISPANIC,MILENA,13,78
20605,2011,FEMALE,WHITE NON HISPANIC,DAISY,13,78
20606,2011,FEMALE,WHITE NON HISPANIC,ROIZY,13,78
20607,2011,FEMALE,WHITE NON HISPANIC,PAIGE,13,78
20608,2011,FEMALE,WHITE NON HISPANIC,BRUCHY,13,78
20609,2011,FEMALE,WHITE NON HISPANIC,DANIELA,13,78
20610,2011,FEMALE,WHITE NON HISPANIC,CASEY,12,79
20611,2011,FEMALE,WHITE NON HISPANIC,GRETA,12,79
20612,2011,FEMALE,WHITE NON HISPANIC,MIKAYLA,12,79
20613,2011,FEMALE,WHITE NON HISPANIC,ADELINE,12,79
20614,2011,FEMALE,WHITE NON HISPANIC,LILAH,12,79
20615,2011,FEMALE,WHITE NON HISPANIC,LEORA,12,79
20616,2011,FEMALE,WHITE NON HISPANIC,MELANIE,12,79
20617,2011,FEMALE,WHITE NON HISPANIC,GENEVIEVE,12,79
20618,2011,FEMALE,WHITE NON HISPANIC,MAKAYLA,12,79
20619,2011,FEMALE,WHITE NON HISPANIC,TZIPORA,12,79
20620,2011,FEMALE,WHITE NON HISPANIC,KATHRYN,12,79
20621,2011,FEMALE,WHITE NON HISPANIC,RIFKA,12,79
20622,2011,FEMALE,WHITE NON HISPANIC,BARBARA,12,79
20623,2011,FEMALE,WHITE NON HISPANIC,RUCHY,12,79
20624,2011,FEMALE,WHITE NON HISPANIC,ELLIANA,11,80
20625,2011,FEMALE,WHITE NON HISPANIC,AVIGAIL,11,80
20626,2011,FEMALE,WHITE NON HISPANIC,HADASSA,11,80
20627,2011,FEMALE,WHITE NON HISPANIC,HANNA,11,80
20628,2011,FEMALE,WHITE NON HISPANIC,VERONIKA,11,80
20629,2011,FEMALE,WHITE NON HISPANIC,CAMERON,11,80
20630,2011,FEMALE,WHITE NON HISPANIC,AMY,11,80
20631,2011,FEMALE,WHITE NON HISPANIC,AMIRA,11,80
20632,2011,FEMALE,WHITE NON HISPANIC,JORDYN,11,80
20633,2011,FEMALE,WHITE NON HISPANIC,ALINA,11,80
20634,2011,FEMALE,WHITE NON HISPANIC,ALICIA,11,80
20635,2011,FEMALE,WHITE NON HISPANIC,KAYLEE,11,80
20636,2011,FEMALE,WHITE NON HISPANIC,KIRA,11,80
20637,2011,FEMALE,WHITE NON HISPANIC,TAMAR,11,80
20638,2011,FEMALE,WHITE NON HISPANIC,RUTH,11,80
20639,2011,FEMALE,WHITE NON HISPANIC,PIPER,11,80
20640,2011,FEMALE,WHITE NON HISPANIC,SYLVIA,11,80
20641,2011,FEMALE,WHITE NON HISPANIC,VALERIE,11,80
20642,2011,FEMALE,WHITE NON HISPANIC,CAITLIN,11,80
20643,2011,FEMALE,WHITE NON HISPANIC,FINLEY,11,80
20644,2011,FEMALE,WHITE NON HISPANIC,SIMI,10,81
20645,2011,FEMALE,WHITE NON HISPANIC,TZIPPY,10,81
20646,2011,FEMALE,WHITE NON HISPANIC,CORA,10,81
20647,2011,FEMALE,WHITE NON HISPANIC,SHEVY,10,81
20648,2011,FEMALE,WHITE NON HISPANIC,IZABELLA,10,81
20649,2011,FEMALE,WHITE NON HISPANIC,NICOLETTE,10,81
20650,2011,FEMALE,WHITE NON HISPANIC,LONDON,10,81
20651,2011,FEMALE,WHITE NON HISPANIC,FRIMET,10,81
20652,2011,FEMALE,WHITE NON HISPANIC,JULIE,10,81
20653,2011,FEMALE,WHITE NON HISPANIC,BIANCA,10,81
20654,2011,FEMALE,WHITE NON HISPANIC,AYLA,10,81
20655,2011,FEMALE,WHITE NON HISPANIC,MIRI,10,81
20656,2011,FEMALE,WHITE NON HISPANIC,TZIPORAH,10,81
20657,2011,FEMALE,WHITE NON HISPANIC,AUTUMN,10,81
20658,2011,FEMALE,WHITE NON HISPANIC,AUBREY,10,81
20659,2011,FEMALE,WHITE NON HISPANIC,DALIA,10,81
20660,2011,FEMALE,WHITE NON HISPANIC,ATARA,10,81
20661,2011,FEMALE,WHITE NON HISPANIC,GIOVANNA,10,81
20662,2011,FEMALE,WHITE NON HISPANIC,ANGELICA,10,81
20663,2011,FEMALE,WHITE NON HISPANIC,ARIELA,10,81
20664,2011,FEMALE,WHITE NON HISPANIC,ILANA,10,81
20665,2011,FEMALE,WHITE NON HISPANIC,IDY,10,81
20666,2011,FEMALE,WHITE NON HISPANIC,LEILA,10,81
20667,2011,FEMALE,WHITE NON HISPANIC,YASMINE,10,81
20668,2011,FEMALE,WHITE NON HISPANIC,QUINN,10,81
20669,2011,FEMALE,WHITE NON HISPANIC,CELIA,10,81
20670,2011,FEMALE,WHITE NON HISPANIC,CHAVY,10,81
21632,2014,FEMALE,WHITE NON HISPANIC,Dina,28,68
21633,2014,FEMALE,WHITE NON HISPANIC,Helena,17,79
21635,2011,FEMALE,WHITE NON HISPANIC,MIA,116,15
21636,2011,FEMALE,HISPANIC,GENESIS,94,15
21638,2012,FEMALE,ASIAN AND PACI,AMELIA,20,35
21640,2012,FEMALE,WHITE NON HISP,KATHRYN,17,76
21643,2014,FEMALE,HISPANIC,Jacqueline,18,65
21645,2014,FEMALE,HISPANIC,Ariana,94,17
21646,2014,FEMALE,WHITE NON HISPANIC,Ariella,32,64
21648,2014,FEMALE,WHITE NON HISPANIC,Shaindy,55,44
21649,2013,FEMALE,HISPANIC,Jazmine,13,75
21650,2013,FEMALE,ASIAN AND PACIFIC ISLANDER,Helen,13,39
21651,2014,FEMALE,WHITE NON HISPANIC,Ashley,14,82
21653,2011,FEMALE,WHITE NON HISPANIC,BRACHA,24,67
21654,2012,FEMALE,WHITE NON HISP,LEILA,30,63
21656,2012,FEMALE,HISPANIC,NAYELI,22,67
21657,2014,FEMALE,HISPANIC,Amanda,31,52
21658,2012,FEMALE,ASIAN AND PACI,ANGELINA,17,38
21659,2014,FEMALE,BLACK NON HISPANIC,Leah,36,16
21661,2014,FEMALE,ASIAN AND PACIFIC ISLANDER,Winnie,11,39
21662,2014,FEMALE,ASIAN AND PACIFIC ISLANDER,Abigail,31,19
21664,2014,FEMALE,WHITE NON HISPANIC,Rochel,31,65
21667,2014,FEMALE,WHITE NON HISPANIC,Henchy,20,76
21668,2013,FEMALE,WHITE NON HISPANIC,Matilda,18,74
21669,2013,FEMALE,WHITE NON HISPANIC,Tzipora,16,76
21678,2011,FEMALE,WHITE NON HISPANIC,ESTER,14,77
21680,2012,FEMALE,HISPANIC,STELLA,10,79
21682,2013,FEMALE,HISPANIC,Esther,21,67
21683,2013,FEMALE,BLACK NON HISPANIC,Victoria,39,18
21684,2012,FEMALE,BLACK NON HISP,CHEYENNE,10,47
21687,2011,FEMALE,WHITE NON HISPANIC,ELOISE,24,67
21689,2012,FEMALE,ASIAN AND PACI,ESTHER,16,39
21690,2012,FEMALE,ASIAN AND PACI,CINDY,15,40
21691,2012,FEMALE,BLACK NON HISP,JADA,28,30
21692,2014,FEMALE,ASIAN AND PACIFIC ISLANDER,Inaya,11,39
21693,2013,FEMALE,HISPANIC,Michelle,48,40
21696,2011,FEMALE,WHITE NON HISPANIC,EVELYN,39,52
21697,2012,FEMALE,WHITE NON HISP,AVIVA,12,81
21700,2014,FEMALE,HISPANIC,Mya,27,56
21702,2014,FEMALE,BLACK NON HISPANIC,Mackenzie,15,36
21703,2012,FEMALE,WHITE NON HISP,ESTER,11,82
21705,2014,FEMALE,BLACK NON HISPANIC,Maliyah,20,31
21707,2012,FEMALE,HISPANIC,GIA,12,77
21710,2013,FEMALE,WHITE NON HISPANIC,Sydney,34,58
21712,2014,FEMALE,BLACK NON HISPANIC,Sariah,12,39
21713,2012,FEMALE,HISPANIC,JAYLIN,15,74
21714,2012,FEMALE,WHITE NON HISP,SKYLAR,28,65
21716,2014,FEMALE,HISPANIC,Helen,18,65
21722,2013,FEMALE,ASIAN AND PACIFIC ISLANDER,Kimberly,21,31
21723,2011,FEMALE,WHITE NON HISPANIC,VERONICA,22,69
21724,2011,FEMALE,BLACK NON HISPANIC,JANIYA,13,42
21727,2013,FEMALE,ASIAN AND PACIFIC ISLANDER,Rachel,32,20
21729,2014,FEMALE,ASIAN AND PACIFIC ISLANDER,Elena,19,31
21730,2011,FEMALE,BLACK NON HISPANIC,SYMPHONY,13,42
21731,2014,FEMALE,ASIAN AND PACIFIC ISLANDER,Sara,14,36
21733,2011,FEMALE,HISPANIC,KATE,27,61
21734,2013,FEMALE,WHITE NON HISPANIC,Jane,27,65
21738,2014,FEMALE,HISPANIC,April,12,71
21739,2011,FEMALE,BLACK NON HISPANIC,ZARIA,13,42
21742,2011,FEMALE,HISPANIC,AISHA,13,75
21744,2013,FEMALE,HISPANIC,Katelyn,19,69
21745,2013,FEMALE,HISPANIC,Destiny,20,68
21747,2014,FEMALE,WHITE NON HISPANIC,Dahlia,13,83
21750,2012,FEMALE,BLACK NON HISP,MCKENZIE,22,35
21754,2013,FEMALE,BLACK NON HISPANIC,Ava,70,4
21755,2012,FEMALE,WHITE NON HISP,ROCHEL,20,73
21757,2012,FEMALE,HISPANIC,XIMENA,15,74
21758,2014,FEMALE,WHITE NON HISPANIC,Leah,206,4
21759,2012,FEMALE,HISPANIC,JOHANNA,16,73
21760,2013,FEMALE,BLACK NON HISPANIC,Zariah,11,46
21761,2012,FEMALE,HISPANIC,CAROLINA,13,76
21766,2012,FEMALE,HISPANIC,MIRANDA,16,73
21767,2014,FEMALE,ASIAN AND PACIFIC ISLANDER,Shreya,10,40
21768,2012,FEMALE,HISPANIC,AUBREY,26,63
21769,2012,FEMALE,WHITE NON HISP,LOUISA,16,77
21770,2013,FEMALE,WHITE NON HISPANIC,Malak,23,69
21772,2011,FEMALE,BLACK NON HISPANIC,DANIELLE,20,35
21775,2011,FEMALE,ASIAN AND PACIFIC ISLANDER,VIVIAN,44,11
21777,2011,FEMALE,HISPANIC,DAMARIS,11,77
21779,2013,FEMALE,HISPANIC,Melany,26,62
21782,2012,FEMALE,WHITE NON HISP,ATHENA,12,81
21783,2013,FEMALE,WHITE NON HISPANIC,Amina,15,77
21784,2014,FEMALE,WHITE NON HISPANIC,Alexandra,84,26
21786,2013,FEMALE,WHITE NON HISPANIC,Ava,150,10
21789,2013,FEMALE,BLACK NON HISPANIC,Naomi,43,15
21790,2014,FEMALE,BLACK NON HISPANIC,Alana,16,35
21792,2013,FEMALE,WHITE NON HISPANIC,Annabel,15,77
21794,2013,FEMALE,ASIAN AND PACIFIC ISLANDER,Linda,10,42
21796,2014,FEMALE,WHITE NON HISPANIC,Violet,49,47
21797,2014,FEMALE,WHITE NON HISPANIC,Liv,16,80
21799,2011,FEMALE,HISPANIC,ARIANNA,77,23
21800,2011,FEMALE,HISPANIC,DIANA,51,40
21802,2014,FEMALE,WHITE NON HISPANIC,Giovanna,13,83
21804,2014,FEMALE,ASIAN AND PACIFIC ISLANDER,Mia,67,6
21805,2013,FEMALE,ASIAN AND PACIFIC ISLANDER,Audrey,31,21
21807,2014,FEMALE,WHITE NON HISPANIC,Goldy,17,79
21813,2012,FEMALE,WHITE NON HISP,LIV,10,83
21816,2013,FEMALE,WHITE NON HISPANIC,Sadie,57,38
21818,2013,FEMALE,HISPANIC,Jaylee,12,76
21821,2011,FEMALE,WHITE NON HISPANIC,TZIVIA,14,77
21822,2012,FEMALE,BLACK NON HISP,AUBREY,27,31
21823,2011,FEMALE,HISPANIC,HAYLEE,17,71
21824,2011,FEMALE,ASIAN AND PACIFIC ISLANDER,CHRISTINE,11,37
21826,2013,FEMALE,WHITE NON HISPANIC,Dina,36,56
21828,2014,FEMALE,HISPANIC,Chloe,68,31
21833,2014,FEMALE,HISPANIC,Adelyn,10,73
21835,2011,FEMALE,WHITE NON HISPANIC,ADRIANNA,18,73
21839,2014,FEMALE,HISPANIC,Yaretzi,20,63
21848,2011,FEMALE,BLACK NON HISPANIC,SANAA,26,29
21849,2012,FEMALE,WHITE NON HISP,CHAYA,174,7
21851,2014,FEMALE,HISPANIC,Amber,18,65
21853,2013,FEMALE,HISPANIC,Daniella,20,68
21855,2013,FEMALE,ASIAN AND PACIFIC ISLANDER,Joy,28,24
21856,2013,FEMALE,BLACK NON HISPANIC,Jada,31,26
21858,2014,FEMALE,BLACK NON HISPANIC,Chloe,68,3
21859,2014,FEMALE,WHITE NON HISPANIC,Lia,12,84
21860,2013,FEMALE,WHITE NON HISPANIC,Zissy,20,72
21862,2014,FEMALE,HISPANIC,Leyla,11,72
21863,2012,FEMALE,WHITE NON HISP,ARIEL,11,82
21864,2012,FEMALE,BLACK NON HISP,JALIYAH,16,41
21865,2013,FEMALE,WHITE NON HISPANIC,Sofia,122,16
21866,2012,FEMALE,ASIAN AND PACI,ZOEY,20,35
21867,2013,FEMALE,WHITE NON HISPANIC,Allison,12,80
21868,2012,FEMALE,ASIAN AND PACI,DORIS,13,42
21869,2013,FEMALE,BLACK NON HISPANIC,Shania,11,46
21871,2011,FEMALE,HISPANIC,KATELYNN,10,78
21875,2014,FEMALE,WHITE NON HISPANIC,Carolina,13,83
21877,2011,FEMALE,WHITE NON HISPANIC,AUBREY,10,81
21880,2014,FEMALE,BLACK NON HISPANIC,Ariana,24,27
21883,2013,FEMALE,ASIAN AND PACIFIC ISLANDER,Daphne,14,38
21885,2013,FEMALE,HISPANIC,Alexia,24,64
21886,2012,FEMALE,HISPANIC,JADA,13,76
21889,2013,FEMALE,ASIAN AND PACIFIC ISLANDER,Fatima,26,26
21890,2013,FEMALE,ASIAN AND PACIFIC ISLANDER,Zoe,49,10
21893,2011,FEMALE,WHITE NON HISPANIC,ELIZA,25,66
21896,2014,FEMALE,ASIAN AND PACIFIC ISLANDER,Eshaal,12,38
21900,2013,FEMALE,HISPANIC,Kamila,22,66
21901,2014,FEMALE,WHITE NON HISPANIC,Shaindel,15,81
21902,2012,FEMALE,WHITE NON HISP,SHAINDY,71,33
21903,2011,FEMALE,HISPANIC,LIANA,18,70
21904,2011,FEMALE,HISPANIC,SCARLET,29,59
21905,2011,FEMALE,HISPANIC,SARAH,53,38
21906,2013,FEMALE,WHITE NON HISPANIC,Natalie,41,52
21907,2012,FEMALE,WHITE NON HISP,JULIET,38,55
21908,2014,FEMALE,ASIAN AND PACIFIC ISLANDER,Ariana,30,20
21909,2013,FEMALE,WHITE NON HISPANIC,Margaux,12,80
21911,2012,FEMALE,WHITE NON HISP,ALICE,54,42
21912,2012,FEMALE,HISPANIC,EMELY,71,24
21914,2011,FEMALE,WHITE NON HISPANIC,GRACE,93,24
21915,2011,FEMALE,HISPANIC,LESLIE,66,27
21916,2011,FEMALE,BLACK NON HISPANIC,RILEY,15,40
21918,2014,FEMALE,ASIAN AND PACIFIC ISLANDER,Julia,26,24
21919,2011,FEMALE,WHITE NON HISPANIC,JULIET,36,55
21922,2012,FEMALE,WHITE NON HISP,BRUCHY,21,72
21927,2011,FEMALE,WHITE NON HISPANIC,HAILEY,34,57
21928,2011,FEMALE,WHITE NON HISPANIC,ADDISON,19,72
21931,2014,FEMALE,ASIAN AND PACIFIC ISLANDER,Mila,25,25
21932,2012,FEMALE,WHITE NON HISP,PIPER,18,75
21935,2014,FEMALE,HISPANIC,Allyson,16,67
21936,2012,FEMALE,WHITE NON HISP,ELISHEVA,17,76
21939,2014,FEMALE,BLACK NON HISPANIC,Dakota,13,38
21941,2013,FEMALE,HISPANIC,Zoe,89,21
21945,2014,FEMALE,HISPANIC,Samantha,91,19
21946,2012,FEMALE,BLACK NON HISP,PARIS,29,29
21947,2014,FEMALE,BLACK NON HISPANIC,Emily,37,15
21950,2012,FEMALE,WHITE NON HISP,AYLA,18,75
21951,2011,FEMALE,WHITE NON HISPANIC,CASEY,12,79
21952,2012,FEMALE,HISPANIC,KASSANDRA,13,76
21954,2012,FEMALE,ASIAN AND PACI,ZAHRA,14,41
21955,2014,FEMALE,WHITE NON HISPANIC,Perry,13,83
21956,2012,FEMALE,ASIAN AND PACI,SELENA,22,33
21957,2011,FEMALE,HISPANIC,VIOLET,14,74
21958,2013,FEMALE,BLACK NON HISPANIC,Aniya,15,42
21961,2011,FEMALE,WHITE NON HISPANIC,BRUCHY,13,78
21962,2013,FEMALE,BLACK NON HISPANIC,Savannah,31,26
21964,2014,FEMALE,ASIAN AND PACIFIC ISLANDER,Livia,11,39
21965,2013,FEMALE,WHITE NON HISPANIC,Sara,131,14
21966,2014,FEMALE,ASIAN AND PACIFIC ISLANDER,Selina,19,31
21968,2014,FEMALE,ASIAN AND PACIFIC ISLANDER,Aria,26,24
21969,2012,FEMALE,WHITE NON HISP,SIMONE,20,73
21973,2014,FEMALE,ASIAN AND PACIFIC ISLANDER,Emily,92,4
21974,2014,FEMALE,WHITE NON HISPANIC,Olive,19,77
21975,2011,FEMALE,WHITE NON HISPANIC,SADIE,32,59
21976,2011,FEMALE,WHITE NON HISPANIC,KATHERINE,44,48
21978,2013,FEMALE,WHITE NON HISPANIC,Fraidy,32,60
21979,2013,FEMALE,HISPANIC,Rachel,10,78
21980,2014,FEMALE,HISPANIC,Amy,73,28
21981,2013,FEMALE,ASIAN AND PACIFIC ISLANDER,Lily,25,27
21982,2014,FEMALE,WHITE NON HISPANIC,Amelie,10,86
21985,2011,FEMALE,HISPANIC,GIA,21,67
21988,2012,FEMALE,ASIAN AND PACI,JASMINE,26,29
21992,2014,FEMALE,ASIAN AND PACIFIC ISLANDER,Khadija,10,40
21993,2014,FEMALE,HISPANIC,Zoe,87,21
21994,2012,FEMALE,WHITE NON HISP,PERL,12,81
21995,2012,FEMALE,HISPANIC,LIANA,10,79
21996,2014,FEMALE,BLACK NON HISPANIC,Nyla,36,16
21997,2011,FEMALE,WHITE NON HISPANIC,LAURA,18,73
21998,2014,FEMALE,WHITE NON HISPANIC,Cora,19,77
22000,2013,FEMALE,ASIAN AND PACIFIC ISLANDER,Penelope,11,41
22003,2014,FEMALE,WHITE NON HISPANIC,Lily,88,24
22005,2011,FEMALE,ASIAN AND PACIFIC ISLANDER,JOYCE,22,26
22006,2012,FEMALE,ASIAN AND PACI,TINA,15,40
22007,2014,FEMALE,HISPANIC,Anabella,10,73
22011,2013,FEMALE,HISPANIC,Kendra,17,71
22012,2011,FEMALE,HISPANIC,KEILY,17,71
22014,2014,FEMALE,WHITE NON HISPANIC,Sophia,172,8
22015,2013,FEMALE,BLACK NON HISPANIC,Gabrielle,33,24
22018,2012,FEMALE,HISPANIC,ISABELA,13,76
22020,2014,FEMALE,ASIAN AND PACIFIC ISLANDER,Natalie,16,34
22022,2011,FEMALE,HISPANIC,ROSE,11,77
22023,2012,FEMALE,WHITE NON HISP,RAIZY,52,43
22024,2012,FEMALE,HISPANIC,ALISSON,16,73
22025,2012,FEMALE,HISPANIC,ELISA,11,78
22027,2012,FEMALE,HISPANIC,LEILA,27,62
22028,2013,FEMALE,ASIAN AND PACIFIC ISLANDER,Kaylee,19,33
22029,2011,FEMALE,WHITE NON HISPANIC,CHRISTINA,14,77
22031,2014,FEMALE,BLACK NON HISPANIC,Gabriella,28,23
22032,2014,FEMALE,WHITE NON HISPANIC,Mina,12,84
22033,2012,FEMALE,WHITE NON HISP,MALKA,57,39
22035,2012,FEMALE,HISPANIC,LAYLA,47,42
22036,2011,FEMALE,ASIAN AND PACIFIC ISLANDER,GRACE,33,16
22037,2011,FEMALE,WHITE NON HISPANIC,VANESSA,14,77
22038,2014,FEMALE,HISPANIC,Heidi,11,72
22040,2014,FEMALE,ASIAN AND PACIFIC ISLANDER,Arianna,13,37
22041,2012,FEMALE,ASIAN AND PACI,ARIA,22,33
22043,2011,FEMALE,BLACK NON HISPANIC,AUBREY,16,39
22045,2011,FEMALE,BLACK NON HISPANIC,MAYA,25,30
22047,2013,FEMALE,ASIAN AND PACIFIC ISLANDER,Sharon,17,35
22048,2011,FEMALE,HISPANIC,ADRIANA,65,28
22050,2011,FEMALE,HISPANIC,SERENITY,37,52
22052,2014,FEMALE,BLACK NON HISPANIC,Imani,24,27
22053,2012,FEMALE,WHITE NON HISP,SALMA,15,78
22054,2012,FEMALE,HISPANIC,FERNANDA,10,79
22055,2011,FEMALE,HISPANIC,JAZMIN,24,64
22056,2013,FEMALE,BLACK NON HISPANIC,Precious,10,47
22057,2014,FEMALE,WHITE NON HISPANIC,Riley,31,65
22058,2012,FEMALE,BLACK NON HISP,KAITLYN,14,43
22059,2011,FEMALE,HISPANIC,ALISSON,15,73
22060,2013,FEMALE,WHITE NON HISPANIC,Claire,33,59
22062,2013,FEMALE,WHITE NON HISPANIC,Piper,17,75
22063,2014,FEMALE,WHITE NON HISPANIC,Menucha,13,83
22065,2013,FEMALE,WHITE NON HISPANIC,Hindy,41,52
22067,2013,FEMALE,ASIAN AND PACIFIC ISLANDER,Chloe,122,2
22069,2014,FEMALE,HISPANIC,Lucia,19,64
22073,2012,FEMALE,HISPANIC,LAURA,11,78
22075,2012,FEMALE,WHITE NON HISP,VIVIENNE,37,56
22076,2012,FEMALE,WHITE NON HISP,COLETTE,17,76
22078,2012,FEMALE,HISPANIC,NATASHA,24,65
22079,2012,FEMALE,HISPANIC,GISELLE,40,49
22080,2012,FEMALE,WHITE NON HISP,DANIELLA,34,59
22081,2012,FEMALE,WHITE NON HISP,ETTY,19,74
22082,2012,FEMALE,HISPANIC,LAUREN,18,71
22083,2014,FEMALE,ASIAN AND PACIFIC ISLANDER,Rebecca,11,39
22087,2014,FEMALE,ASIAN AND PACIFIC ISLANDER,Erin,11,39
22088,2012,FEMALE,HISPANIC,EVA,42,47
22089,2013,FEMALE,ASIAN AND PACIFIC ISLANDER,Alexandra,11,41
22091,2013,FEMALE,HISPANIC,Isabelle,16,72
22092,2013,FEMALE,WHITE NON HISPANIC,Sabrina,24,68
22095,2014,FEMALE,HISPANIC,Mila,46,40
22096,2011,FEMALE,HISPANIC,ZOEY,27,61
22097,2011,FEMALE,HISPANIC,NATALIA,50,41
22098,2011,FEMALE,ASIAN AND PACIFIC ISLANDER,EILEEN,18,30
22100,2011,FEMALE,ASIAN AND PACIFIC ISLANDER,KATIE,18,30
22102,2011,FEMALE,HISPANIC,JASMIN,20,68
22103,2014,FEMALE,WHITE NON HISPANIC,Maeve,30,66
22106,2014,FEMALE,HISPANIC,Kate,10,73
22108,2011,FEMALE,WHITE NON HISPANIC,VERONIKA,11,80
22109,2014,FEMALE,WHITE NON HISPANIC,Celine,10,86
22112,2014,FEMALE,HISPANIC,Ruth,10,73
22116,2012,FEMALE,BLACK NON HISP,ZURI,10,47
22117,2014,FEMALE,WHITE NON HISPANIC,Brianna,16,80
22119,2012,FEMALE,BLACK NON HISP,ARIELLE,23,34
22120,2011,FEMALE,WHITE NON HISPANIC,CHAVA,46,46
22121,2013,FEMALE,WHITE NON HISPANIC,Salma,14,78
22122,2011,FEMALE,WHITE NON HISPANIC,BROOKLYN,15,76
22123,2013,FEMALE,ASIAN AND PACIFIC ISLANDER,Serena,14,38
22125,2014,FEMALE,ASIAN AND PACIFIC ISLANDER,Ellie,26,24
22127,2013,FEMALE,HISPANIC,Dayana,13,75
22133,2012,FEMALE,WHITE NON HISP,CHANA,155,9
22134,2012,FEMALE,WHITE NON HISP,MALKY,65,37
22135,2014,FEMALE,HISPANIC,Lily,19,64
22136,2014,FEMALE,HISPANIC,Ariella,16,67
22140,2014,FEMALE,WHITE NON HISPANIC,Frimet,12,84
22141,2011,FEMALE,ASIAN AND PACIFIC ISLANDER,KATE,10,38
22143,2011,FEMALE,WHITE NON HISPANIC,ESTHER,224,1
22149,2013,FEMALE,WHITE NON HISPANIC,Mina,13,79
22152,2012,FEMALE,WHITE NON HISP,YIDES,29,64
22155,2014,FEMALE,HISPANIC,Kayla,44,42
22157,2013,FEMALE,WHITE NON HISPANIC,Genevieve,14,78
22159,2014,FEMALE,WHITE NON HISPANIC,Alessia,20,76
22162,2011,FEMALE,BLACK NON HISPANIC,JAYLA,38,17
22163,2013,FEMALE,BLACK NON HISPANIC,Hannah,21,36
22164,2013,FEMALE,ASIAN AND PACIFIC ISLANDER,Leila,10,42
22165,2011,FEMALE,WHITE NON HISPANIC,FRADEL,16,75
22166,2013,FEMALE,WHITE NON HISPANIC,Nadia,12,80
22171,2013,FEMALE,HISPANIC,Marjorie,14,74
22172,2012,FEMALE,HISPANIC,GERALDINE,11,78
22173,2011,FEMALE,ASIAN AND PACIFIC ISLANDER,SELENA,13,35
22176,2014,FEMALE,WHITE NON HISPANIC,Sury,31,65
22177,2011,FEMALE,WHITE NON HISPANIC,BAILA,40,51
22178,2012,FEMALE,ASIAN AND PACI,IVY,35,20
22179,2014,FEMALE,ASIAN AND PACIFIC ISLANDER,Sarah,35,15
22180,2014,FEMALE,ASIAN AND PACIFIC ISLANDER,Safa,11,39
22183,2012,FEMALE,WHITE NON HISP,DYLAN,23,70
22184,2013,FEMALE,BLACK NON HISPANIC,Wynter,13,44
22186,2012,FEMALE,WHITE NON HISP,SIENA,17,76
22188,2013,FEMALE,WHITE NON HISPANIC,Noa,21,71
22189,2014,FEMALE,WHITE NON HISPANIC,Maya,106,18
22191,2014,FEMALE,BLACK NON HISPANIC,Mya,26,25
22192,2011,FEMALE,WHITE NON HISPANIC,MAYA,94,23
22195,2014,FEMALE,ASIAN AND PACIFIC ISLANDER,Eliana,11,39
22198,2013,FEMALE,BLACK NON HISPANIC,Alexis,12,45
22199,2013,FEMALE,HISPANIC,Melina,16,72
22200,2013,FEMALE,WHITE NON HISPANIC,Chaya,175,8
22201,2012,FEMALE,ASIAN AND PACI,AYESHA,19,36
22204,2014,FEMALE,WHITE NON HISPANIC,Lydia,14,82
22205,2011,FEMALE,WHITE NON HISPANIC,ESTY,18,73
22207,2011,FEMALE,WHITE NON HISPANIC,LILAH,12,79
22208,2013,FEMALE,WHITE NON HISPANIC,Kayla,35,57
22210,2012,FEMALE,ASIAN AND PACI,ALICE,37,19
22214,2014,FEMALE,BLACK NON HISPANIC,Avery,25,26
22215,2013,FEMALE,WHITE NON HISPANIC,Libby,34,58
22216,2013,FEMALE,ASIAN AND PACIFIC ISLANDER,Jocelyn,19,33
22217,2013,FEMALE,BLACK NON HISPANIC,Imani,22,35
22219,2012,FEMALE,HISPANIC,LEILANI,35,54
22223,2011,FEMALE,WHITE NON HISPANIC,BREINDY,15,76
22224,2012,FEMALE,WHITE NON HISP,CHANY,44,49
22226,2014,FEMALE,BLACK NON HISPANIC,Penelope,10,41
22227,2011,FEMALE,HISPANIC,MELANY,14,74
22230,2014,FEMALE,ASIAN AND PACIFIC ISLANDER,Naomi,15,35
22231,2012,FEMALE,ASIAN AND PACI,MIA,49,10
22232,2014,FEMALE,ASIAN AND PACIFIC ISLANDER,Amanda,15,35
22234,2012,FEMALE,ASIAN AND PACI,KATELYN,12,43
22239,2013,FEMALE,HISPANIC,Jazmin,26,62
22240,2012,FEMALE,HISPANIC,DIANA,42,47
22241,2012,FEMALE,HISPANIC,NATHALIA,10,79
22242,2014,FEMALE,WHITE NON HISPANIC,Faiga,24,72
22243,2011,FEMALE,HISPANIC,JENNIFER,59,34
22246,2013,FEMALE,HISPANIC,Olivia,87,22
22248,2011,FEMALE,WHITE NON HISPANIC,JOYCE,14,77
22249,2013,FEMALE,HISPANIC,Delilah,44,44
22250,2013,FEMALE,WHITE NON HISPANIC,Keira,22,70
22251,2014,FEMALE,BLACK NON HISPANIC,Kayla,36,16
22252,2011,FEMALE,BLACK NON HISPANIC,GABRIELLE,55,8
22253,2012,FEMALE,ASIAN AND PACI,ARYA,13,42
22254,2014,FEMALE,WHITE NON HISPANIC,Isla,31,65
22257,2012,FEMALE,BLACK NON HISP,SUMMER,27,31
22259,2012,FEMALE,HISPANIC,SIENNA,16,73
22261,2011,FEMALE,BLACK NON HISPANIC,TIANNA,13,42
22262,2013,FEMALE,BLACK NON HISPANIC,Peyton,31,26
22263,2011,FEMALE,WHITE NON HISPANIC,RIFKY,13,78
22264,2012,FEMALE,BLACK NON HISP,CHELSEA,29,29
22265,2013,FEMALE,ASIAN AND PACIFIC ISLANDER,Queenie,12,40
22268,2013,FEMALE,ASIAN AND PACIFIC ISLANDER,Maryam,21,31
22270,2011,FEMALE,WHITE NON HISPANIC,HINDY,37,54
22271,2011,FEMALE,BLACK NON HISPANIC,AMANDA,17,38
22273,2014,FEMALE,HISPANIC,Lola,14,69
22278,2013,FEMALE,WHITE NON HISPANIC,Amelia,64,34
22279,2014,FEMALE,WHITE NON HISPANIC,Avigail,12,84
22281,2011,FEMALE,HISPANIC,DANIELA,64,29
22288,2011,FEMALE,WHITE NON HISPANIC,EVA,64,35
22289,2011,FEMALE,BLACK NON HISPANIC,SKYLA,19,36
22291,2014,FEMALE,ASIAN AND PACIFIC ISLANDER,Kaitlyn,20,30
22300,2014,FEMALE,WHITE NON HISPANIC,Devorah,47,49
22301,2014,FEMALE,WHITE NON HISPANIC,Juniper,14,82
22303,2014,FEMALE,BLACK NON HISPANIC,Zendaya,13,38
22304,2012,FEMALE,WHITE NON HISP,MAE,10,83
22305,2011,FEMALE,HISPANIC,AYLIN,16,72
22306,2013,FEMALE,WHITE NON HISPANIC,Liba,13,79
22308,2011,FEMALE,HISPANIC,RUBY,20,68
22309,2013,FEMALE,BLACK NON HISPANIC,Heaven,22,35
22310,2011,FEMALE,ASIAN AND PACIFIC ISLANDER,STEPHANIE,22,26
22311,2011,FEMALE,BLACK NON HISPANIC,MELANIE,18,37
22313,2012,FEMALE,BLACK NON HISP,TAMIA,20,37
22314,2012,FEMALE,WHITE NON HISP,VALENTINA,36,57
22316,2013,FEMALE,WHITE NON HISPANIC,Norah,15,77
22317,2012,FEMALE,BLACK NON HISP,AUTUMN,29,29
22318,2014,FEMALE,WHITE NON HISPANIC,Sloane,25,71
22319,2011,FEMALE,HISPANIC,LAUREN,21,67
22320,2012,FEMALE,HISPANIC,ISABEL,40,49
22321,2014,FEMALE,WHITE NON HISPANIC,Penelope,63,37
22324,2013,FEMALE,ASIAN AND PACIFIC ISLANDER,Emma,79,5
22326,2014,FEMALE,HISPANIC,Emely,60,33
22330,2014,FEMALE,HISPANIC,Christina,10,73
22333,2012,FEMALE,WHITE NON HISP,HELENA,15,78
22334,2011,FEMALE,WHITE NON HISPANIC,YITTY,32,59
22336,2014,FEMALE,BLACK NON HISPANIC,Aria,19,32
22337,2014,FEMALE,HISPANIC,Lillian,10,73
22338,2012,FEMALE,HISPANIC,LESLEY,10,79
22343,2012,FEMALE,HISPANIC,ARIANNA,77,22
22344,2014,FEMALE,WHITE NON HISPANIC,Alyssa,36,60
22347,2012,FEMALE,WHITE NON HISP,SONIA,10,83
22348,2013,FEMALE,HISPANIC,Madison,106,13
22349,2011,FEMALE,HISPANIC,APRIL,13,75
22351,2014,FEMALE,HISPANIC,Sophie,26,57
22352,2012,FEMALE,WHITE NON HISP,CLARA,42,51
22353,2013,FEMALE,BLACK NON HISPANIC,Kylee,13,44
22356,2014,FEMALE,BLACK NON HISPANIC,Jade,22,29
22360,2014,FEMALE,BLACK NON HISPANIC,Aliyah,23,28
22361,2013,FEMALE,BLACK NON HISPANIC,Eva,13,44
22364,2013,FEMALE,HISPANIC,Maite,10,78
22366,2013,FEMALE,HISPANIC,Joselyn,18,70
22368,2013,FEMALE,BLACK NON HISPANIC,Hailey,32,25
22369,2014,FEMALE,WHITE NON HISPANIC,Avery,66,34
22371,2011,FEMALE,HISPANIC,ELISA,17,71
22373,2011,FEMALE,HISPANIC,MARILYN,10,78
22374,2014,FEMALE,WHITE NON HISPANIC,Raizy,84,26
22378,2011,FEMALE,ASIAN AND PACIFIC ISLANDER,DAISY,11,37
22379,2013,FEMALE,WHITE NON HISPANIC,Alma,10,82
22380,2013,FEMALE,BLACK NON HISPANIC,Leah,43,15
22383,2013,FEMALE,WHITE NON HISPANIC,Raizy,65,33
22384,2011,FEMALE,WHITE NON HISPANIC,AMY,11,80
22385,2012,FEMALE,ASIAN AND PACI,KHLOE,12,43
22386,2013,FEMALE,WHITE NON HISPANIC,Liliana,21,71
22387,2011,FEMALE,BLACK NON HISPANIC,SHANIA,14,41
22390,2013,FEMALE,BLACK NON HISPANIC,Aaliyah,73,3
22392,2013,FEMALE,WHITE NON HISPANIC,Reagan,15,77
22393,2012,FEMALE,ASIAN AND PACI,FATIMA,33,22
22394,2011,FEMALE,HISPANIC,VICTORIA,114,11
22402,2011,FEMALE,WHITE NON HISPANIC,SALMA,17,74
22407,2012,FEMALE,WHITE NON HISP,MICHAELA,13,80
22413,2011,FEMALE,BLACK NON HISPANIC,AVA,40,15
22415,2014,FEMALE,WHITE NON HISPANIC,Elisheva,12,84
22416,2014,FEMALE,WHITE NON HISPANIC,Angelica,12,84
22418,2013,FEMALE,WHITE NON HISPANIC,Milana,19,73
22422,2013,FEMALE,HISPANIC,Jayleen,35,53
22423,2011,FEMALE,WHITE NON HISPANIC,SOPHIE,65,34
22424,2014,FEMALE,HISPANIC,Madeline,23,60
22427,2012,FEMALE,ASIAN AND PACI,ANGEL,14,41
22428,2014,FEMALE,WHITE NON HISPANIC,Quinn,26,70
22430,2012,FEMALE,WHITE NON HISP,MILA,40,53
22431,2011,FEMALE,HISPANIC,ARELY,12,76
22433,2013,FEMALE,BLACK NON HISPANIC,Nahla,12,45
22434,2014,FEMALE,HISPANIC,Madelyn,15,68
22437,2011,FEMALE,BLACK NON HISPANIC,AISHA,10,45
22438,2012,FEMALE,HISPANIC,GIANNA,48,41
22443,2011,FEMALE,HISPANIC,JASMINE,41,48
22448,2012,FEMALE,ASIAN AND PACI,MIRANDA,11,44
22450,2011,FEMALE,HISPANIC,ALICE,16,72
22455,2014,FEMALE,ASIAN AND PACIFIC ISLANDER,Kayla,23,27
22457,2012,FEMALE,ASIAN AND PACI,HANNAH,46,13
22459,2011,FEMALE,BLACK NON HISPANIC,MARIAH,21,34
22462,2011,FEMALE,ASIAN AND PACIFIC ISLANDER,ISABELLA,67,6
22463,2011,FEMALE,HISPANIC,CHELSEA,43,46
22467,2011,FEMALE,WHITE NON HISPANIC,ADELE,22,69
22472,2013,FEMALE,HISPANIC,Charlotte,29,59
22473,2011,FEMALE,HISPANIC,XIMENA,18,70
22475,2014,FEMALE,WHITE NON HISPANIC,Vera,12,84
22476,2014,FEMALE,WHITE NON HISPANIC,Clara,36,60
22477,2012,FEMALE,WHITE NON HISP,CHRISTINA,15,78
22478,2013,FEMALE,WHITE NON HISPANIC,Kate,17,75
22479,2013,FEMALE,WHITE NON HISPANIC,Molly,41,52
22481,2011,FEMALE,ASIAN AND PACIFIC ISLANDER,SARA,24,24
22482,2014,FEMALE,HISPANIC,Montserrat,15,68
22483,2013,FEMALE,ASIAN AND PACIFIC ISLANDER,Hana,11,41
22487,2012,FEMALE,HISPANIC,HELEN,13,76
22489,2012,FEMALE,WHITE NON HISP,SADIE,36,57
22491,2014,FEMALE,WHITE NON HISPANIC,Savannah,25,71
22492,2012,FEMALE,WHITE NON HISP,JADE,11,82
22493,2014,FEMALE,HISPANIC,Julianna,19,64
22494,2013,FEMALE,ASIAN AND PACIFIC ISLANDER,Anya,15,37
22496,2014,FEMALE,WHITE NON HISPANIC,Grace,86,25
22497,2013,FEMALE,ASIAN AND PACIFIC ISLANDER,Zoey,24,28
22498,2011,FEMALE,HISPANIC,KAITLYN,31,57
22500,2011,FEMALE,WHITE NON HISPANIC,CLARA,28,63
22501,2013,FEMALE,WHITE NON HISPANIC,Emerson,15,77
22502,2014,FEMALE,HISPANIC,Ashley,139,9
22503,2011,FEMALE,WHITE NON HISPANIC,SIMONE,15,76
22506,2014,FEMALE,BLACK NON HISPANIC,Alyssa,24,27
22508,2011,FEMALE,HISPANIC,GABRIELLE,14,74
22509,2014,FEMALE,HISPANIC,Anaya,12,71
22514,2013,FEMALE,WHITE NON HISPANIC,Nicole,45,48
22515,2013,FEMALE,ASIAN AND PACIFIC ISLANDER,Sara,23,29
22516,2013,FEMALE,HISPANIC,Adriana,47,41
22518,2013,FEMALE,WHITE NON HISPANIC,Olivia,233,1
22521,2013,FEMALE,WHITE NON HISPANIC,Blimy,34,58
22522,2012,FEMALE,WHITE NON HISP,NICOLE,48,45
22523,2013,FEMALE,ASIAN AND PACIFIC ISLANDER,Cynthia,18,34
22524,2013,FEMALE,WHITE NON HISPANIC,Zoe,84,26
22530,2012,FEMALE,HISPANIC,EMILIA,18,71
22531,2012,FEMALE,WHITE NON HISP,HINDY,40,53
22533,2011,FEMALE,WHITE NON HISPANIC,JORDYN,11,80
22535,2013,FEMALE,ASIAN AND PACIFIC ISLANDER,Nicole,34,18
22536,2012,FEMALE,WHITE NON HISP,NORA,32,61
22538,2014,FEMALE,WHITE NON HISPANIC,Sylvie,10,86
22539,2011,FEMALE,HISPANIC,CHLOE,60,33
22540,2014,FEMALE,HISPANIC,Brianna,86,22
22541,2012,FEMALE,ASIAN AND PACI,MADISON,20,35
22544,2014,FEMALE,HISPANIC,Juliet,16,67
22546,2014,FEMALE,BLACK NON HISPANIC,Kadiatou,10,41
22547,2013,FEMALE,HISPANIC,Heidy,13,75
22548,2012,FEMALE,ASIAN AND PACI,AUDREY,35,20
22549,2013,FEMALE,BLACK NON HISPANIC,Zoe,45,13
22551,2014,FEMALE,ASIAN AND PACIFIC ISLANDER,Penelope,15,35
22554,2014,FEMALE,ASIAN AND PACIFIC ISLANDER,Gabriella,18,32
22555,2013,FEMALE,WHITE NON HISPANIC,Nora,53,42
22558,2014,FEMALE,WHITE NON HISPANIC,Adeline,12,84
22560,2013,FEMALE,HISPANIC,Arianny,15,73
22562,2013,FEMALE,WHITE NON HISPANIC,Isla,28,64
22563,2013,FEMALE,ASIAN AND PACIFIC ISLANDER,Selina,22,30
22564,2013,FEMALE,HISPANIC,Vanessa,38,50
22565,2014,FEMALE,WHITE NON HISPANIC,Malka,84,26
22567,2013,FEMALE,WHITE NON HISPANIC,Morgan,16,76
22572,2011,FEMALE,ASIAN AND PACIFIC ISLANDER,MAYA,27,21
22573,2013,FEMALE,HISPANIC,Mariah,12,76
22574,2012,FEMALE,HISPANIC,ANIYAH,14,75
22576,2012,FEMALE,WHITE NON HISP,CORA,17,76
22579,2011,FEMALE,HISPANIC,JOSELYN,30,58
22580,2011,FEMALE,HISPANIC,LAURA,14,74
22581,2012,FEMALE,WHITE NON HISP,ELISE,14,79
22582,2011,FEMALE,WHITE NON HISPANIC,SERENA,16,75
22584,2012,FEMALE,HISPANIC,MARIA,55,35
22585,2014,FEMALE,WHITE NON HISPANIC,Chava,39,57
22586,2013,FEMALE,WHITE NON HISPANIC,Jacqueline,16,76
22587,2011,FEMALE,HISPANIC,LEYLA,10,78
22590,2011,FEMALE,BLACK NON HISPANIC,KENYA,10,45
22593,2011,FEMALE,HISPANIC,GABRIELLA,86,18
22594,2012,FEMALE,HISPANIC,TIFFANY,22,67
22595,2012,FEMALE,WHITE NON HISP,ALINA,16,77
22596,2012,FEMALE,HISPANIC,HEAVEN,17,72
22599,2011,FEMALE,BLACK NON HISPANIC,ANIYAH,35,20
22601,2011,FEMALE,WHITE NON HISPANIC,BLIMY,23,68
22602,2014,FEMALE,ASIAN AND PACIFIC ISLANDER,Mandy,11,39
22603,2014,FEMALE,HISPANIC,Ayleen,12,71
22605,2013,FEMALE,BLACK NON HISPANIC,Autumn,21,36
22606,2012,FEMALE,ASIAN AND PACI,ZAINAB,18,37
22608,2014,FEMALE,HISPANIC,Jessica,21,62
22609,2012,FEMALE,WHITE NON HISP,AVIGAIL,13,80
22610,2012,FEMALE,WHITE NON HISP,ABIGAIL,113,19
22617,2012,FEMALE,BLACK NON HISP,AMIRA,16,41
22618,2013,FEMALE,WHITE NON HISPANIC,Lara,10,82
22619,2011,FEMALE,BLACK NON HISPANIC,EGYPT,15,40
22621,2013,FEMALE,WHITE NON HISPANIC,Stella,64,34
22624,2011,FEMALE,WHITE NON HISPANIC,REBECCA,54,40
22628,2011,FEMALE,BLACK NON HISPANIC,MCKENZIE,25,30
22632,2014,FEMALE,HISPANIC,Karen,19,64
22634,2012,FEMALE,HISPANIC,SARAH,43,46
22635,2013,FEMALE,HISPANIC,Summer,11,77
22637,2011,FEMALE,WHITE NON HISPANIC,CATHERINE,33,58
22638,2011,FEMALE,HISPANIC,DANNA,39,50
22647,2013,FEMALE,BLACK NON HISPANIC,Tamia,14,43
22649,2014,FEMALE,WHITE NON HISPANIC,Juliet,31,65
22650,2014,FEMALE,BLACK NON HISPANIC,Alexis,13,38
22651,2011,FEMALE,BLACK NON HISPANIC,KHLOE,42,14
22656,2012,FEMALE,WHITE NON HISP,ISLA,22,71
22658,2012,FEMALE,ASIAN AND PACI,VICTORIA,25,30
22659,2013,FEMALE,WHITE NON HISPANIC,Sarah,182,5
22660,2011,FEMALE,HISPANIC,SAVANNAH,38,51
22662,2012,FEMALE,HISPANIC,KAMILA,29,60
22663,2014,FEMALE,ASIAN AND PACIFIC ISLANDER,Lydia,13,37
22664,2014,FEMALE,ASIAN AND PACIFIC ISLANDER,Vivian,31,19
22665,2011,FEMALE,ASIAN AND PACIFIC ISLANDER,MANDY,12,36
22667,2012,FEMALE,WHITE NON HISP,ANNE,12,81
22668,2011,FEMALE,HISPANIC,ASHLEY,190,4
22671,2011,FEMALE,HISPANIC,IRENE,11,77
22672,2012,FEMALE,ASIAN AND PACI,CLAIRE,27,28
22676,2014,FEMALE,HISPANIC,Katherine,33,50
22686,2014,FEMALE,HISPANIC,Valerie,57,35
22690,2011,FEMALE,ASIAN AND PACIFIC ISLANDER,HELEN,10,38
22691,2011,FEMALE,HISPANIC,DENISE,16,72
22693,2013,FEMALE,BLACK NON HISPANIC,Azaria,10,47
22697,2014,FEMALE,WHITE NON HISPANIC,Christina,11,85
22701,2012,FEMALE,BLACK NON HISP,PHOENIX,11,46
22702,2013,FEMALE,WHITE NON HISPANIC,Hanna,21,71
22706,2012,FEMALE,WHITE NON HISP,ADINA,20,73
22707,2011,FEMALE,HISPANIC,LUCIA,20,68
22708,2012,FEMALE,ASIAN AND PACI,SHERRY,13,42
22709,2011,FEMALE,ASIAN AND PACIFIC ISLANDER,JENNY,27,21
22710,2012,FEMALE,ASIAN AND PACI,LILY,22,33
22711,2012,FEMALE,WHITE NON HISP,TOBY,52,43
22713,2011,FEMALE,WHITE NON HISPANIC,ZOE,81,28
22714,2014,FEMALE,BLACK NON HISPANIC,Harmony,17,34
22716,2012,FEMALE,ASIAN AND PACI,VANESSA,15,40
22718,2011,FEMALE,HISPANIC,LINDSAY,12,76
22719,2012,FEMALE,BLACK NON HISP,CAMILLE,10,47
22720,2014,FEMALE,ASIAN AND PACIFIC ISLANDER,Alina,41,10
22721,2014,FEMALE,WHITE NON HISPANIC,Hana,12,84
22725,2011,FEMALE,HISPANIC,GISELLE,38,51
22726,2013,FEMALE,HISPANIC,Laila,20,68
22730,2013,FEMALE,WHITE NON HISPANIC,Poppy,11,81
22731,2011,FEMALE,BLACK NON HISPANIC,DYLAN,11,44
22732,2014,FEMALE,BLACK NON HISPANIC,Jordyn,21,30
22733,2014,FEMALE,WHITE NON HISPANIC,Taylor,24,72
22735,2013,FEMALE,WHITE NON HISPANIC,Valerie,22,70
22736,2011,FEMALE,WHITE NON HISPANIC,JULIE,10,81
22737,2014,FEMALE,WHITE NON HISPANIC,Evie,12,84
22739,2012,FEMALE,HISPANIC,KARLA,19,70
22740,2014,FEMALE,WHITE NON HISPANIC,Marielle,11,85
22741,2012,FEMALE,WHITE NON HISP,ELIZA,18,75
22744,2013,FEMALE,WHITE NON HISPANIC,Faigy,71,32
22747,2012,FEMALE,ASIAN AND PACI,AMAYA,11,44
22750,2013,FEMALE,WHITE NON HISPANIC,Yides,19,73
22751,2013,FEMALE,WHITE NON HISPANIC,Malky,65,33
22752,2014,FEMALE,BLACK NON HISPANIC,Bella,15,36
22755,2011,FEMALE,WHITE NON HISPANIC,ZOEY,21,70
22757,2013,FEMALE,HISPANIC,Kaylin,11,77
22759,2014,FEMALE,ASIAN AND PACIFIC ISLANDER,Jennifer,17,33
22760,2013,FEMALE,HISPANIC,Itzel,15,73
22764,2012,FEMALE,HISPANIC,VICTORIA,91,18
22765,2014,FEMALE,ASIAN AND PACIFIC ISLANDER,Vanessa,12,38
22767,2014,FEMALE,HISPANIC,Yasmin,10,73
22769,2012,FEMALE,ASIAN AND PACI,AISHA,11,44
22772,2014,FEMALE,WHITE NON HISPANIC,Julie,14,82
22773,2012,FEMALE,BLACK NON HISP,JAYLA,25,32
22775,2013,FEMALE,WHITE NON HISPANIC,Julie,11,81
22777,2013,FEMALE,ASIAN AND PACIFIC ISLANDER,Amber,22,30
22778,2014,FEMALE,HISPANIC,Brenda,14,69
22779,2014,FEMALE,HISPANIC,Nicole,48,39
22780,2014,FEMALE,ASIAN AND PACIFIC ISLANDER,Amber,17,33
22781,2013,FEMALE,WHITE NON HISPANIC,Sienna,47,46
22782,2014,FEMALE,WHITE NON HISPANIC,Matilda,18,78
22784,2011,FEMALE,BLACK NON HISPANIC,SARAI,15,40
22786,2013,FEMALE,HISPANIC,Shirley,15,73
22787,2012,FEMALE,WHITE NON HISP,DAHLIA,15,78
22788,2011,FEMALE,BLACK NON HISPANIC,TABITHA,10,45
22789,2014,FEMALE,WHITE NON HISPANIC,Anastasia,26,70
22790,2014,FEMALE,HISPANIC,Pamela,13,70
22792,2012,FEMALE,ASIAN AND PACI,MARYAM,13,42
22793,2014,FEMALE,HISPANIC,Angelina,34,49
22794,2014,FEMALE,ASIAN AND PACIFIC ISLANDER,Hafsa,12,38
22795,2013,FEMALE,WHITE NON HISPANIC,Rose,45,48
22796,2011,FEMALE,WHITE NON HISPANIC,SIMA,19,72
22798,2013,FEMALE,ASIAN AND PACIFIC ISLANDER,Madeline,11,41
22799,2012,FEMALE,BLACK NON HISP,ELISE,10,47
22800,2011,FEMALE,WHITE NON HISPANIC,NATALIE,40,51
22801,2012,FEMALE,HISPANIC,MILEY,17,72
22803,2014,FEMALE,HISPANIC,Alicia,14,69
22805,2012,FEMALE,BLACK NON HISP,ELIZABETH,31,27
22806,2014,FEMALE,ASIAN AND PACIFIC ISLANDER,Maggie,14,36
22808,2013,FEMALE,ASIAN AND PACIFIC ISLANDER,Sabrina,12,40
22809,2012,FEMALE,WHITE NON HISP,REAGAN,22,71
22810,2014,FEMALE,WHITE NON HISPANIC,Amina,27,69
22811,2011,FEMALE,ASIAN AND PACIFIC ISLANDER,DIYA,12,36
22812,2011,FEMALE,ASIAN AND PACIFIC ISLANDER,TENZIN,26,22
22813,2014,FEMALE,WHITE NON HISPANIC,Rebecca,43,53
22816,2013,FEMALE,ASIAN AND PACIFIC ISLANDER,Jasmine,19,33
22819,2014,FEMALE,WHITE NON HISPANIC,Atara,13,83
22820,2014,FEMALE,WHITE NON HISPANIC,Laura,22,74
22821,2014,FEMALE,HISPANIC,Aria,28,55
22822,2012,FEMALE,BLACK NON HISP,LAYLA,20,37
22823,2013,FEMALE,WHITE NON HISPANIC,Reese,18,74
22824,2014,FEMALE,HISPANIC,Caroline,10,73
22825,2012,FEMALE,WHITE NON HISP,YOCHEVED,32,61
22826,2014,FEMALE,WHITE NON HISPANIC,Khloe,11,85
22828,2014,FEMALE,WHITE NON HISPANIC,Sydney,23,73
22830,2014,FEMALE,HISPANIC,Aubrey,45,41
22831,2013,FEMALE,HISPANIC,Mariana,14,74
22832,2014,FEMALE,ASIAN AND PACIFIC ISLANDER,Summer,12,38
22836,2014,FEMALE,ASIAN AND PACIFIC ISLANDER,Tiffany,29,21
22837,2014,FEMALE,ASIAN AND PACIFIC ISLANDER,Eleanor,12,38
22838,2012,FEMALE,WHITE NON HISP,SHIFRA,19,74
22841,2012,FEMALE,HISPANIC,ANGIE,20,69
22844,2013,FEMALE,ASIAN AND PACIFIC ISLANDER,Chelsea,14,38
22847,2014,FEMALE,BLACK NON HISPANIC,Oumou,13,38
22852,2014,FEMALE,ASIAN AND PACIFIC ISLANDER,Aleena,17,33
22853,2013,FEMALE,WHITE NON HISPANIC,Chloe,95,23
22854,2012,FEMALE,WHITE NON HISP,JESSICA,17,76
22855,2012,FEMALE,ASIAN AND PACI,ALINA,30,25
22858,2011,FEMALE,HISPANIC,ALEXANDRA,47,43
22859,2012,FEMALE,WHITE NON HISP,ARIANA,29,64
22860,2012,FEMALE,HISPANIC,HALEY,17,72
22861,2012,FEMALE,HISPANIC,ALANI,14,75
22862,2011,FEMALE,WHITE NON HISPANIC,ALISA,14,77
22863,2013,FEMALE,WHITE NON HISPANIC,Yitty,40,53
22867,2012,FEMALE,BLACK NON HISP,ANGELINA,13,44
22870,2012,FEMALE,HISPANIC,ALLISON,86,19
22871,2013,FEMALE,WHITE NON HISPANIC,Eliza,32,60
22872,2012,FEMALE,WHITE NON HISP,LEORA,13,80
22873,2011,FEMALE,BLACK NON HISPANIC,NANA,10,45
22876,2013,FEMALE,HISPANIC,Elizabeth,61,30
22877,2011,FEMALE,HISPANIC,ALYSSA,63,30
22879,2012,FEMALE,HISPANIC,MIKAELA,14,75
22886,2012,FEMALE,BLACK NON HISP,JAYDA,12,45
22887,2011,FEMALE,WHITE NON HISPANIC,JESSICA,22,69
22890,2011,FEMALE,WHITE NON HISPANIC,ALEXANDRA,109,17
22892,2013,FEMALE,HISPANIC,Emely,47,41
22894,2011,FEMALE,HISPANIC,JAYLA,33,55
22896,2011,FEMALE,BLACK NON HISPANIC,KAMIYAH,10,45
22897,2011,FEMALE,HISPANIC,ELIANNA,11,77
22900,2013,FEMALE,ASIAN AND PACIFIC ISLANDER,Aisha,18,34
22901,2011,FEMALE,HISPANIC,HEAVEN,15,73
22902,2011,FEMALE,HISPANIC,NATASHA,11,77
22905,2014,FEMALE,ASIAN AND PACIFIC ISLANDER,Kylie,14,36
22906,2011,FEMALE,HISPANIC,ISABELA,10,78
22909,2011,FEMALE,BLACK NON HISPANIC,ISABELLA,35,20
22910,2014,FEMALE,WHITE NON HISPANIC,Mira,17,79
22911,2011,FEMALE,HISPANIC,JADE,50,41
22912,2012,FEMALE,HISPANIC,ARIA,12,77
22915,2014,FEMALE,BLACK NON HISPANIC,Sarah,22,29
22917,2014,FEMALE,WHITE NON HISPANIC,June,13,83
22918,2012,FEMALE,BLACK NON HISP,FATIMA,29,29
22919,2013,FEMALE,HISPANIC,Stephanie,51,37
22921,2012,FEMALE,ASIAN AND PACI,TENZIN,31,24
22925,2014,FEMALE,HISPANIC,Jazlyn,22,61
22926,2012,FEMALE,WHITE NON HISP,BRACHA,33,60
22929,2013,FEMALE,HISPANIC,Liliana,29,59
22932,2014,FEMALE,WHITE NON HISPANIC,Evelyn,64,36
22933,2013,FEMALE,HISPANIC,Eliza,10,78
22934,2013,FEMALE,BLACK NON HISPANIC,Giselle,11,46
22937,2014,FEMALE,WHITE NON HISPANIC,Alexa,37,59
22938,2011,FEMALE,HISPANIC,SKYLAR,12,76
22940,2014,FEMALE,WHITE NON HISPANIC,Mirel,15,81
22941,2011,FEMALE,WHITE NON HISPANIC,ELLA,127,12
22943,2012,FEMALE,WHITE NON HISP,ELLIANA,11,82
22945,2012,FEMALE,HISPANIC,LEAH,103,14
22946,2013,FEMALE,BLACK NON HISPANIC,Janae,11,46
22950,2011,FEMALE,HISPANIC,VALERIE,53,38
22954,2012,FEMALE,BLACK NON HISP,AMAYA,37,21
22957,2011,FEMALE,HISPANIC,ALONDRA,16,72
22958,2011,FEMALE,WHITE NON HISPANIC,YOCHEVED,20,71
22959,2012,FEMALE,HISPANIC,MADELINE,14,75
22960,2011,FEMALE,ASIAN AND PACIFIC ISLANDER,ZOE,25,23
22961,2012,FEMALE,HISPANIC,BIANCA,22,67
22962,2013,FEMALE,HISPANIC,Aylin,29,59
22964,2012,FEMALE,WHITE NON HISP,ADELAIDE,19,74
22965,2014,FEMALE,HISPANIC,Valery,12,71
22968,2012,FEMALE,HISPANIC,PAOLA,13,76
22972,2014,FEMALE,WHITE NON HISPANIC,Fiona,36,60
22976,2012,FEMALE,ASIAN AND PACI,CHELSEA,18,37
22982,2011,FEMALE,HISPANIC,ANGELA,20,68
22984,2013,FEMALE,BLACK NON HISPANIC,Madison,134,1
22987,2013,FEMALE,HISPANIC,Arielle,11,77
22991,2011,FEMALE,WHITE NON HISPANIC,ANGELICA,10,81
22993,2013,FEMALE,ASIAN AND PACIFIC ISLANDER,Vivian,41,14
22994,2011,FEMALE,HISPANIC,EMELY,50,41
22995,2013,FEMALE,HISPANIC,Jaylene,18,70
22996,2014,FEMALE,WHITE NON HISPANIC,Natalie,44,52
22997,2013,FEMALE,HISPANIC,Sofia,187,4
22999,2012,FEMALE,WHITE NON HISP,FRADY,11,82
23000,2011,FEMALE,HISPANIC,JULIANNA,21,67
23001,2013,FEMALE,BLACK NON HISPANIC,Aliyah,14,43
23003,2014,FEMALE,HISPANIC,Jaylah,15,68
23004,2014,FEMALE,HISPANIC,Tatiana,12,71
23006,2014,FEMALE,HISPANIC,Lesly,15,68
23008,2012,FEMALE,WHITE NON HISP,DEVORAH,37,56
23013,2012,FEMALE,HISPANIC,JIMENA,13,76
23015,2012,FEMALE,WHITE NON HISP,RYAN,13,80
23017,2012,FEMALE,ASIAN AND PACI,MAYA,28,27
23018,2012,FEMALE,HISPANIC,ELIANNY,10,79
23019,2013,FEMALE,BLACK NON HISPANIC,Faith,45,13
23020,2014,FEMALE,ASIAN AND PACIFIC ISLANDER,Amina,10,40
23022,2013,FEMALE,HISPANIC,Alicia,19,69
23024,2013,FEMALE,ASIAN AND PACIFIC ISLANDER,Naomi,12,40
23025,2012,FEMALE,ASIAN AND PACI,TASNIM,10,45
23030,2013,FEMALE,BLACK NON HISPANIC,Nia,34,23
23034,2014,FEMALE,BLACK NON HISPANIC,Mariam,47,9
23036,2013,FEMALE,WHITE NON HISPANIC,Hinda,10,82
23037,2012,FEMALE,HISPANIC,ALYSSA,48,41
23039,2012,FEMALE,WHITE NON HISP,SABRINA,29,64
23040,2011,FEMALE,BLACK NON HISPANIC,EMMA,15,40
23043,2012,FEMALE,WHITE NON HISP,DINA,44,49
23044,2014,FEMALE,WHITE NON HISPANIC,Layan,13,83
23047,2012,FEMALE,WHITE NON HISP,GIULIA,12,81
23048,2014,FEMALE,BLACK NON HISPANIC,Kristen,10,41
23049,2012,FEMALE,ASIAN AND PACI,HAREEM,11,44
23053,2013,FEMALE,HISPANIC,Leila,23,65
23054,2014,FEMALE,ASIAN AND PACIFIC ISLANDER,Cynthia,22,28
23055,2014,FEMALE,HISPANIC,Heaven,15,68
23060,2013,FEMALE,WHITE NON HISPANIC,Sury,27,65
23065,2014,FEMALE,WHITE NON HISPANIC,Nina,41,55
23066,2011,FEMALE,HISPANIC,ROSA,10,78
23067,2014,FEMALE,WHITE NON HISPANIC,Vivienne,36,60
23069,2012,FEMALE,WHITE NON HISP,LINA,12,81
23073,2012,FEMALE,WHITE NON HISP,MOLLY,45,48
23074,2011,FEMALE,WHITE NON HISPANIC,AMINA,17,74
23075,2011,FEMALE,BLACK NON HISPANIC,ADDISON,13,42
23080,2012,FEMALE,HISPANIC,YESENIA,11,78
23083,2012,FEMALE,ASIAN AND PACI,HELEN,12,43
23084,2014,FEMALE,WHITE NON HISPANIC,Barbara,10,86
23085,2014,FEMALE,BLACK NON HISPANIC,Chelsea,30,21
23089,2014,FEMALE,HISPANIC,Nyla,10,73
23094,2014,FEMALE,WHITE NON HISPANIC,Aliza,17,79
23095,2012,FEMALE,WHITE NON HISP,LOLA,15,78
23096,2011,FEMALE,BLACK NON HISPANIC,TRINITY,28,27
23098,2013,FEMALE,WHITE NON HISPANIC,Louise,13,79
23099,2014,FEMALE,HISPANIC,Litzy,10,73
23100,2014,FEMALE,WHITE NON HISPANIC,Gabrielle,15,81
23102,2014,FEMALE,WHITE NON HISPANIC,Jessica,14,82
23103,2012,FEMALE,WHITE NON HISP,RILEY,40,53
23104,2014,FEMALE,WHITE NON HISPANIC,Kaitlyn,10,86
23105,2012,FEMALE,WHITE NON HISP,EMERSON,11,82
23107,2014,FEMALE,ASIAN AND PACIFIC ISLANDER,Ariel,14,36
23109,2011,FEMALE,ASIAN AND PACIFIC ISLANDER,CHRISTY,12,36
23112,2014,FEMALE,WHITE NON HISPANIC,Louisa,12,84
23118,2014,FEMALE,BLACK NON HISPANIC,Mia,61,6
23119,2013,FEMALE,ASIAN AND PACIFIC ISLANDER,Samantha,21,31
23120,2014,FEMALE,WHITE NON HISPANIC,Sasha,12,84
23122,2013,FEMALE,BLACK NON HISPANIC,Ariel,45,13
23124,2014,FEMALE,WHITE NON HISPANIC,Pearl,23,73
23126,2013,FEMALE,HISPANIC,Ariel,19,69
23127,2013,FEMALE,HISPANIC,Elena,22,66
23129,2012,FEMALE,WHITE NON HISP,MELANIE,10,83
23130,2014,FEMALE,HISPANIC,Alexia,13,70
23131,2011,FEMALE,HISPANIC,AURORA,16,72
23135,2011,FEMALE,ASIAN AND PACIFIC ISLANDER,SABRINA,23,25
23137,2014,FEMALE,HISPANIC,Lauren,18,65
23138,2014,FEMALE,WHITE NON HISPANIC,Melanie,13,83
23139,2014,FEMALE,HISPANIC,Mariana,18,65
23141,2011,FEMALE,ASIAN AND PACIFIC ISLANDER,NINA,21,27
23142,2012,FEMALE,HISPANIC,ROSA,13,76
23144,2013,FEMALE,WHITE NON HISPANIC,Anna,98,21
23145,2013,FEMALE,HISPANIC,Abigail,95,17
23146,2014,FEMALE,ASIAN AND PACIFIC ISLANDER,Amy,31,19
23147,2013,FEMALE,HISPANIC,Alison,18,70
23148,2013,FEMALE,HISPANIC,Scarlet,21,67
23149,2013,FEMALE,HISPANIC,Sherlyn,26,62
23151,2014,FEMALE,ASIAN AND PACIFIC ISLANDER,Athena,12,38
23153,2012,FEMALE,HISPANIC,PERLA,22,67
23155,2013,FEMALE,BLACK NON HISPANIC,Lauren,18,39
23157,2014,FEMALE,HISPANIC,Katelyn,17,66
23160,2012,FEMALE,WHITE NON HISP,JULIANA,32,61
23161,2014,FEMALE,ASIAN AND PACIFIC ISLANDER,Sophie,29,21
23162,2011,FEMALE,WHITE NON HISPANIC,TAYLOR,25,66
23163,2012,FEMALE,WHITE NON HISP,HANNA,23,70
23164,2013,FEMALE,WHITE NON HISPANIC,Mariam,31,61
23165,2013,FEMALE,ASIAN AND PACIFIC ISLANDER,Christine,15,37
23166,2014,FEMALE,ASIAN AND PACIFIC ISLANDER,Fiona,37,13
23167,2011,FEMALE,ASIAN AND PACIFIC ISLANDER,OLIVIA,89,4
23171,2014,FEMALE,HISPANIC,Eliza,11,72
23172,2011,FEMALE,WHITE NON HISPANIC,GOLDA,14,77
23173,2013,FEMALE,HISPANIC,Nicole,92,20
23174,2013,FEMALE,WHITE NON HISPANIC,Gittel,13,79
23175,2013,FEMALE,HISPANIC,Leslie,49,39
23176,2014,FEMALE,HISPANIC,Emily,170,6
23179,2011,FEMALE,WHITE NON HISPANIC,ANASTASIA,19,72
23181,2013,FEMALE,HISPANIC,Marilyn,20,68
23184,2013,FEMALE,BLACK NON HISPANIC,Nyla,35,22
23185,2011,FEMALE,WHITE NON HISPANIC,CELIA,10,81
23186,2013,FEMALE,ASIAN AND PACIFIC ISLANDER,Riya,14,38
23188,2014,FEMALE,WHITE NON HISPANIC,Giselle,12,84
23190,2014,FEMALE,HISPANIC,Dayana,16,67
23191,2014,FEMALE,BLACK NON HISPANIC,Summer,10,41
23193,2014,FEMALE,WHITE NON HISPANIC,Adele,24,72
23197,2012,FEMALE,BLACK NON HISP,AISSATOU,13,44
23198,2011,FEMALE,ASIAN AND PACIFIC ISLANDER,ERICA,19,29
23199,2012,FEMALE,ASIAN AND PACI,BONNIE,12,43
23200,2013,FEMALE,WHITE NON HISPANIC,Gemma,18,74
23203,2014,FEMALE,BLACK NON HISPANIC,Fatou,10,41
23210,2011,FEMALE,ASIAN AND PACIFIC ISLANDER,BONNIE,10,38
23211,2012,FEMALE,BLACK NON HISP,BINTOU,11,46
23214,2013,FEMALE,ASIAN AND PACIFIC ISLANDER,Annika,10,42
23215,2011,FEMALE,BLACK NON HISPANIC,ANGEL,16,39
23220,2012,FEMALE,HISPANIC,ANALIA,15,74
23221,2012,FEMALE,WHITE NON HISP,ARIELLE,16,77
23224,2011,FEMALE,HISPANIC,ESMERALDA,27,61
23225,2013,FEMALE,HISPANIC,Juliet,21,67
23226,2013,FEMALE,HISPANIC,Iris,12,76
23227,2014,FEMALE,HISPANIC,Giselle,32,51
23229,2013,FEMALE,HISPANIC,Natalie,41,47
23230,2014,FEMALE,HISPANIC,Annalise,12,71
23232,2014,FEMALE,WHITE NON HISPANIC,Perel,19,77
23233,2014,FEMALE,HISPANIC,Melany,39,47
23237,2011,FEMALE,WHITE NON HISPANIC,MELANIE,12,79
23241,2012,FEMALE,HISPANIC,NATHALY,16,73
23242,2014,FEMALE,WHITE NON HISPANIC,Noelle,13,83
23245,2012,FEMALE,WHITE NON HISP,AMALIA,11,82
23246,2013,FEMALE,HISPANIC,Nina,10,78
23248,2012,FEMALE,HISPANIC,MAKAYLA,21,68
23253,2013,FEMALE,ASIAN AND PACIFIC ISLANDER,Selena,15,37
23255,2014,FEMALE,ASIAN AND PACIFIC ISLANDER,Arisha,10,40
23256,2011,FEMALE,HISPANIC,EVELYN,63,30
23257,2014,FEMALE,BLACK NON HISPANIC,Amelia,28,23
23258,2014,FEMALE,BLACK NON HISPANIC,Hannah,17,34
23259,2014,FEMALE,WHITE NON HISPANIC,Delilah,10,86
23262,2013,FEMALE,HISPANIC,Brittany,29,59
23263,2013,FEMALE,HISPANIC,Isabella,326,1
23264,2014,FEMALE,WHITE NON HISPANIC,Yehudis,25,71
23265,2014,FEMALE,WHITE NON HISPANIC,Anne,10,86
23267,2012,FEMALE,WHITE NON HISP,CHLOE,96,24
23268,2014,FEMALE,ASIAN AND PACIFIC ISLANDER,Layla,13,37
23271,2013,FEMALE,WHITE NON HISPANIC,Brianna,11,81
23273,2011,FEMALE,HISPANIC,JAYLENE,22,66
23274,2014,FEMALE,HISPANIC,Aylin,45,41
23276,2012,FEMALE,WHITE NON HISP,ALESSIA,16,77
23277,2013,FEMALE,HISPANIC,Aubree,13,75
23279,2012,FEMALE,WHITE NON HISP,NATALIA,17,76
23281,2014,FEMALE,WHITE NON HISPANIC,Rivka,100,20
23282,2012,FEMALE,BLACK NON HISP,LILY,12,45
23283,2014,FEMALE,BLACK NON HISPANIC,Kennedy,25,26
23291,2012,FEMALE,BLACK NON HISP,KYLEE,15,42
23292,2011,FEMALE,ASIAN AND PACIFIC ISLANDER,ELINA,11,37
23294,2012,FEMALE,BLACK NON HISP,KYLIE,31,27
23295,2014,FEMALE,HISPANIC,Hazel,12,71
23296,2012,FEMALE,ASIAN AND PACI,SUMMER,10,45
23301,2012,FEMALE,BLACK NON HISP,MARIAH,22,35
23306,2011,FEMALE,WHITE NON HISPANIC,AUDREY,26,65
23308,2013,FEMALE,WHITE NON HISPANIC,Freya,10,82
23311,2013,FEMALE,HISPANIC,Serenity,45,43
23314,2014,FEMALE,ASIAN AND PACIFIC ISLANDER,Amelia,27,23
23316,2013,FEMALE,HISPANIC,Eliana,52,36
23317,2011,FEMALE,WHITE NON HISPANIC,YEHUDIS,23,68
23318,2011,FEMALE,BLACK NON HISPANIC,MORGAN,31,24
23319,2012,FEMALE,HISPANIC,VALERIA,37,52
23320,2012,FEMALE,WHITE NON HISP,GABRIELLE,17,76
23324,2012,FEMALE,WHITE NON HISP,LAUREN,25,68
23325,2013,FEMALE,HISPANIC,Nyah,10,78
23328,2014,FEMALE,WHITE NON HISPANIC,Tzipora,14,82
23331,2014,FEMALE,BLACK NON HISPANIC,Aniyah,17,34
23332,2013,FEMALE,WHITE NON HISPANIC,Chavy,10,82
23333,2014,FEMALE,WHITE NON HISPANIC,Gabriella,93,23
23338,2013,FEMALE,ASIAN AND PACIFIC ISLANDER,Carina,11,41
23339,2013,FEMALE,WHITE NON HISPANIC,Quinn,20,72
23344,2014,FEMALE,WHITE NON HISPANIC,Bella,33,63
23345,2013,FEMALE,HISPANIC,Jocelyn,37,51
23346,2013,FEMALE,ASIAN AND PACIFIC ISLANDER,Sunny,10,42
23347,2012,FEMALE,HISPANIC,JAZLYN,22,67
23349,2011,FEMALE,ASIAN AND PACIFIC ISLANDER,TINA,14,34
23350,2012,FEMALE,WHITE NON HISP,TAMAR,12,81
23351,2011,FEMALE,BLACK NON HISPANIC,ARIANA,13,42
23353,2011,FEMALE,WHITE NON HISPANIC,DEVORAH,44,48
23356,2012,FEMALE,WHITE NON HISP,LUCIA,32,61
23361,2012,FEMALE,WHITE NON HISP,GRETA,13,80
23362,2014,FEMALE,HISPANIC,Sherlyn,22,61
23364,2011,FEMALE,ASIAN AND PACIFIC ISLANDER,JOCELYN,15,33
23365,2013,FEMALE,HISPANIC,Lauren,18,70
23366,2013,FEMALE,BLACK NON HISPANIC,Paige,27,30
23371,2013,FEMALE,BLACK NON HISPANIC,Janelle,11,46
23372,2013,FEMALE,WHITE NON HISPANIC,Etty,20,72
23373,2011,FEMALE,WHITE NON HISPANIC,DIANA,13,78
23376,2014,FEMALE,HISPANIC,Mikaela,11,72
23377,2012,FEMALE,HISPANIC,LITZY,29,60
23380,2013,FEMALE,ASIAN AND PACIFIC ISLANDER,Abby,15,37
23382,2014,FEMALE,WHITE NON HISPANIC,Hindy,34,62
23383,2012,FEMALE,ASIAN AND PACI,OLIVIA,132,3
23384,2011,FEMALE,WHITE NON HISPANIC,LEA,29,62
23385,2012,FEMALE,ASIAN AND PACI,CECILIA,12,43
23386,2014,FEMALE,HISPANIC,Itzel,24,59
23387,2011,FEMALE,BLACK NON HISPANIC,JANIYAH,12,43
23388,2011,FEMALE,BLACK NON HISPANIC,MARIAMA,22,33
23390,2011,FEMALE,WHITE NON HISPANIC,EMILY,119,14
23394,2012,FEMALE,HISPANIC,ALINA,18,71
23395,2011,FEMALE,WHITE NON HISPANIC,KYLIE,13,78
23399,2011,FEMALE,WHITE NON HISPANIC,GIOVANNA,10,81
23400,2012,FEMALE,HISPANIC,KAYLEE,92,17
23402,2014,FEMALE,BLACK NON HISPANIC,Zariah,10,41
23409,2011,FEMALE,BLACK NON HISPANIC,KYLIE,19,36
23411,2012,FEMALE,WHITE NON HISP,KAYA,10,83
23412,2011,FEMALE,BLACK NON HISPANIC,VICTORIA,36,19
23415,2011,FEMALE,HISPANIC,SADIE,11,77
23416,2012,FEMALE,WHITE NON HISP,JOSEPHINE,34,59
23417,2011,FEMALE,BLACK NON HISPANIC,AISSATOU,13,42
23419,2014,FEMALE,WHITE NON HISPANIC,Laila,23,73
23422,2013,FEMALE,WHITE NON HISPANIC,Nechama,29,63
23424,2011,FEMALE,ASIAN AND PACIFIC ISLANDER,MICHELLE,42,12
23425,2012,FEMALE,BLACK NON HISP,EMILY,35,23
23426,2013,FEMALE,WHITE NON HISPANIC,Vivienne,36,56
23428,2014,FEMALE,HISPANIC,Shirley,15,68
23429,2013,FEMALE,HISPANIC,Angelica,17,71
23431,2012,FEMALE,WHITE NON HISP,BLIMY,21,72
23433,2014,FEMALE,HISPANIC,Andrea,46,40
23434,2011,FEMALE,BLACK NON HISPANIC,CHRISTINA,17,38
23435,2012,FEMALE,WHITE NON HISP,ANTONIA,12,81
23437,2014,FEMALE,WHITE NON HISPANIC,Skylar,17,79
23438,2013,FEMALE,HISPANIC,Peyton,17,71
23439,2014,FEMALE,WHITE NON HISPANIC,Kate,17,79
23442,2013,FEMALE,ASIAN AND PACIFIC ISLANDER,Scarlett,13,39
23444,2012,FEMALE,HISPANIC,SAVANNAH,41,48
23450,2014,FEMALE,HISPANIC,Valentina,135,10
23451,2011,FEMALE,ASIAN AND PACIFIC ISLANDER,ALEENA,12,36
23452,2013,FEMALE,WHITE NON HISPANIC,Lucy,51,43
23453,2011,FEMALE,HISPANIC,ARIELLA,14,74
23454,2011,FEMALE,BLACK NON HISPANIC,KAYLA,78,3
23458,2011,FEMALE,BLACK NON HISPANIC,KENDRA,12,43
23461,2014,FEMALE,WHITE NON HISPANIC,Leila,14,82
23466,2014,FEMALE,WHITE NON HISPANIC,Giuliana,23,73
23467,2013,FEMALE,WHITE NON HISPANIC,Brooke,20,72
23468,2011,FEMALE,ASIAN AND PACIFIC ISLANDER,RAINA,11,37
23469,2012,FEMALE,ASIAN AND PACI,SAVANNAH,11,44
23472,2013,FEMALE,WHITE NON HISPANIC,Mae,11,81
23473,2011,FEMALE,BLACK NON HISPANIC,MIKAYLA,21,34
23477,2012,FEMALE,HISPANIC,ISABELLA,327,1
23478,2011,FEMALE,WHITE NON HISPANIC,ELEANOR,39,52
23479,2013,FEMALE,BLACK NON HISPANIC,Skyla,23,34
23481,2012,FEMALE,ASIAN AND PACI,ALEXIS,18,37
23482,2012,FEMALE,BLACK NON HISP,MAKAYLA,53,11
23484,2014,FEMALE,HISPANIC,Annabelle,12,71
23485,2014,FEMALE,BLACK NON HISPANIC,Kylie,30,21
23487,2014,FEMALE,WHITE NON HISPANIC,Poppy,14,82
23490,2013,FEMALE,BLACK NON HISPANIC,Emma,25,32
23492,2011,FEMALE,WHITE NON HISPANIC,CHANA,132,10
23494,2012,FEMALE,BLACK NON HISP,BRIANNA,32,26
23495,2011,FEMALE,HISPANIC,ANAYA,11,77
23496,2014,FEMALE,WHITE NON HISPANIC,Maryam,23,73
23497,2011,FEMALE,WHITE NON HISPANIC,RIVKY,43,49
23498,2013,FEMALE,BLACK NON HISPANIC,Christina,20,37
23499,2013,FEMALE,BLACK NON HISPANIC,Aicha,13,44
23501,2014,FEMALE,WHITE NON HISPANIC,Julia,84,26
23502,2011,FEMALE,BLACK NON HISPANIC,KENNEDY,13,42
23504,2014,FEMALE,HISPANIC,Makayla,16,67
23505,2013,FEMALE,HISPANIC,Brenda,11,77
23506,2012,FEMALE,HISPANIC,BRYANNA,16,73
23507,2011,FEMALE,HISPANIC,CASSANDRA,10,78
23511,2012,FEMALE,HISPANIC,NATALIE,39,50
23517,2012,FEMALE,HISPANIC,AVERY,17,72
23519,2011,FEMALE,BLACK NON HISPANIC,LEILANI,13,42
23520,2012,FEMALE,WHITE NON HISP,NOA,28,65
23521,2014,FEMALE,WHITE NON HISPANIC,Julianna,17,79
23522,2011,FEMALE,WHITE NON HISPANIC,BIANCA,10,81
23523,2011,FEMALE,HISPANIC,MELISSA,50,41
23525,2014,FEMALE,WHITE NON HISPANIC,Genevieve,23,73
23528,2014,FEMALE,BLACK NON HISPANIC,Kimora,13,38
23529,2013,FEMALE,WHITE NON HISPANIC,Bracha,19,73
23530,2011,FEMALE,WHITE NON HISPANIC,RIVKA,113,16
23533,2013,FEMALE,BLACK NON HISPANIC,Milan,28,29
23534,2013,FEMALE,WHITE NON HISPANIC,Maryam,11,81
23535,2014,FEMALE,WHITE NON HISPANIC,Esther,233,2
23538,2014,FEMALE,WHITE NON HISPANIC,Camila,10,86
23539,2012,FEMALE,WHITE NON HISP,FRANCES,13,80
23540,2011,FEMALE,WHITE NON HISPANIC,CECILIA,16,75
23544,2011,FEMALE,WHITE NON HISPANIC,RUTH,11,80
23545,2014,FEMALE,HISPANIC,Isabella,331,1
23546,2014,FEMALE,HISPANIC,Elizabeth,40,46
23547,2012,FEMALE,WHITE NON HISP,RIVKA,96,24
23549,2014,FEMALE,ASIAN AND PACIFIC ISLANDER,Alisa,11,39
23551,2013,FEMALE,ASIAN AND PACIFIC ISLANDER,Ayesha,20,32
23552,2012,FEMALE,HISPANIC,JULIANNA,14,75
23553,2011,FEMALE,WHITE NON HISPANIC,JASMINE,14,77
23556,2011,FEMALE,BLACK NON HISPANIC,AMIYAH,20,35
23558,2011,FEMALE,BLACK NON HISPANIC,RACHEL,10,45
23561,2014,FEMALE,BLACK NON HISPANIC,Annabelle,14,37
23568,2013,FEMALE,HISPANIC,Isis,13,75
23569,2014,FEMALE,BLACK NON HISPANIC,Aaliyah,67,4
23571,2014,FEMALE,WHITE NON HISPANIC,Eleanor,65,35
23572,2011,FEMALE,WHITE NON HISPANIC,SOFIA,122,13
23575,2013,FEMALE,HISPANIC,Bryanna,15,73
23578,2013,FEMALE,WHITE NON HISPANIC,Gia,21,71
23579,2014,FEMALE,HISPANIC,Celine,10,73
23580,2013,FEMALE,WHITE NON HISPANIC,Emilia,38,55
23582,2014,FEMALE,WHITE NON HISPANIC,Diana,25,71
23583,2014,FEMALE,WHITE NON HISPANIC,Hannah,64,36
23587,2014,FEMALE,WHITE NON HISPANIC,Raizel,15,81
23588,2013,FEMALE,WHITE NON HISPANIC,Goldy,32,60
23591,2013,FEMALE,WHITE NON HISPANIC,Claudia,16,76
23592,2013,FEMALE,ASIAN AND PACIFIC ISLANDER,Inaaya,13,39
23593,2011,FEMALE,WHITE NON HISPANIC,KATE,17,74
23595,2013,FEMALE,HISPANIC,Allyson,18,70
23597,2011,FEMALE,ASIAN AND PACIFIC ISLANDER,LAUREN,13,35
23598,2014,FEMALE,WHITE NON HISPANIC,Mackenzie,26,70
23600,2012,FEMALE,WHITE NON HISP,LILAH,13,80
23601,2013,FEMALE,WHITE NON HISPANIC,Hazel,20,72
23602,2013,FEMALE,HISPANIC,Nylah,17,71
23603,2012,FEMALE,BLACK NON HISP,AMINA,11,46
23605,2011,FEMALE,WHITE NON HISPANIC,BLAKE,14,77
23606,2014,FEMALE,BLACK NON HISPANIC,Maya,36,16
23609,2012,FEMALE,ASIAN AND PACI,ERIN,16,39
23611,2012,FEMALE,BLACK NON HISP,SARAI,16,41
23613,2011,FEMALE,WHITE NON HISPANIC,CLAIRE,35,56
23617,2014,FEMALE,ASIAN AND PACIFIC ISLANDER,Victoria,25,25
23620,2012,FEMALE,ASIAN AND PACI,EMMA,97,5
23625,2012,FEMALE,HISPANIC,VIOLET,17,72
23626,2013,FEMALE,ASIAN AND PACIFIC ISLANDER,Rebecca,20,32
23628,2013,FEMALE,WHITE NON HISPANIC,Summer,11,81
23629,2011,FEMALE,ASIAN AND PACIFIC ISLANDER,ABIGAIL,24,24
23631,2013,FEMALE,HISPANIC,Juliette,17,71
23632,2012,FEMALE,HISPANIC,AMANDA,42,47
23634,2013,FEMALE,WHITE NON HISPANIC,Emma,228,2
23636,2014,FEMALE,HISPANIC,Paris,11,72
23637,2012,FEMALE,HISPANIC,VIVIANA,12,77
23638,2014,FEMALE,HISPANIC,Zoey,34,49
23641,2011,FEMALE,BLACK NON HISPANIC,JADE,18,37
23643,2011,FEMALE,ASIAN AND PACIFIC ISLANDER,ARIANA,15,33
23644,2013,FEMALE,HISPANIC,Kiara,49,39
23645,2013,FEMALE,WHITE NON HISPANIC,Celine,10,82
23648,2014,FEMALE,ASIAN AND PACIFIC ISLANDER,Hanna,15,35
23653,2011,FEMALE,ASIAN AND PACIFIC ISLANDER,KAYLA,21,27
23655,2011,FEMALE,WHITE NON HISPANIC,ISABELLA,160,9
23656,2011,FEMALE,WHITE NON HISPANIC,BATYA,15,76
23657,2014,FEMALE,HISPANIC,Arabella,16,67
23660,2012,FEMALE,HISPANIC,MADELYN,11,78
23667,2012,FEMALE,WHITE NON HISP,CATHERINE,33,60
23672,2013,FEMALE,HISPANIC,Autumn,12,76
23674,2014,FEMALE,WHITE NON HISPANIC,Molly,27,69
23680,2013,FEMALE,HISPANIC,Jacqueline,20,68
23683,2014,FEMALE,BLACK NON HISPANIC,Aniya,11,40
23684,2013,FEMALE,ASIAN AND PACIFIC ISLANDER,Angelina,28,24
23685,2011,FEMALE,WHITE NON HISPANIC,GABRIELLE,15,76
23686,2014,FEMALE,WHITE NON HISPANIC,Sophie,56,43
23687,2011,FEMALE,WHITE NON HISPANIC,TOBY,39,52
23689,2014,FEMALE,HISPANIC,Esther,20,63
23690,2011,FEMALE,HISPANIC,WENDY,12,76
23692,2012,FEMALE,HISPANIC,CAROLINE,14,75
23693,2011,FEMALE,WHITE NON HISPANIC,RAIZEL,20,71
23695,2011,FEMALE,WHITE NON HISPANIC,ROSE,35,56
23698,2013,FEMALE,WHITE NON HISPANIC,Kaylee,12,80
23699,2012,FEMALE,ASIAN AND PACI,MAGGIE,16,39
23700,2012,FEMALE,WHITE NON HISP,AUBREY,10,83
23701,2011,FEMALE,HISPANIC,NATALIE,46,44
23703,2012,FEMALE,WHITE NON HISP,ROIZY,11,82
23705,2013,FEMALE,BLACK NON HISPANIC,Sophia,24,33
23706,2011,FEMALE,HISPANIC,BRYANNA,16,72
23709,2012,FEMALE,HISPANIC,MADISON,140,8
23710,2012,FEMALE,BLACK NON HISP,MADISON,159,1
23712,2012,FEMALE,ASIAN AND PACI,ANAYA,12,43
23714,2013,FEMALE,HISPANIC,Aileen,16,72
23715,2011,FEMALE,HISPANIC,TIFFANY,24,64
23716,2012,FEMALE,ASIAN AND PACI,CYNTHIA,19,36
23718,2013,FEMALE,WHITE NON HISPANIC,Toby,51,43
23721,2012,FEMALE,WHITE NON HISP,LYLA,11,82
23723,2014,FEMALE,WHITE NON HISPANIC,Adrianna,10,86
23724,2012,FEMALE,HISPANIC,JULIE,10,79
23725,2012,FEMALE,WHITE NON HISP,BELLA,22,71
23726,2011,FEMALE,WHITE NON HISPANIC,VIVIAN,30,61
23727,2013,FEMALE,ASIAN AND PACIFIC ISLANDER,Karina,11,41
23729,2014,FEMALE,ASIAN AND PACIFIC ISLANDER,Alice,24,26
23730,2013,FEMALE,WHITE NON HISPANIC,Jasmine,13,79
23731,2013,FEMALE,BLACK NON HISPANIC,Nylah,26,31
23732,2014,FEMALE,HISPANIC,Brigitte,11,72
23733,2011,FEMALE,BLACK NON HISPANIC,MICHELLE,13,42
23735,2012,FEMALE,BLACK NON HISP,SKYLAH,14,43
23736,2013,FEMALE,BLACK NON HISPANIC,Genesis,17,40
23738,2014,FEMALE,HISPANIC,Arely,11,72
23739,2014,FEMALE,ASIAN AND PACIFIC ISLANDER,Queena,11,39
23740,2014,FEMALE,WHITE NON HISPANIC,Lila,42,54
23746,2012,FEMALE,BLACK NON HISP,MARIAM,34,24
23747,2013,FEMALE,ASIAN AND PACIFIC ISLANDER,Keira,13,39
23748,2013,FEMALE,HISPANIC,Natasha,15,73
23750,2011,FEMALE,HISPANIC,AVA,54,37
23751,2011,FEMALE,ASIAN AND PACIFIC ISLANDER,ALLISON,17,31
23752,2013,FEMALE,WHITE NON HISPANIC,Mackenzie,21,71
23754,2012,FEMALE,ASIAN AND PACI,LYDIA,13,42
23755,2014,FEMALE,WHITE NON HISPANIC,Shaina,13,83
23756,2012,FEMALE,WHITE NON HISP,MIKAYLA,12,81
23757,2014,FEMALE,WHITE NON HISPANIC,Madeleine,35,61
23760,2014,FEMALE,ASIAN AND PACIFIC ISLANDER,Hailey,23,27
23762,2012,FEMALE,HISPANIC,ALISON,32,57
23763,2014,FEMALE,HISPANIC,Emilia,21,62
23764,2013,FEMALE,WHITE NON HISPANIC,Dahlia,13,79
23765,2014,FEMALE,ASIAN AND PACIFIC ISLANDER,Alyssa,22,28
23766,2013,FEMALE,HISPANIC,Jessica,24,64
23767,2013,FEMALE,BLACK NON HISPANIC,Kourtney,12,45
23769,2013,FEMALE,WHITE NON HISPANIC,Lily,83,27
23770,2012,FEMALE,WHITE NON HISP,JOYCE,10,83
23771,2013,FEMALE,ASIAN AND PACIFIC ISLANDER,Lillian,10,42
23774,2014,FEMALE,WHITE NON HISPANIC,Gia,17,79
23775,2013,FEMALE,WHITE NON HISPANIC,Layla,41,52
23778,2014,FEMALE,HISPANIC,Hailie,10,73
23779,2011,FEMALE,WHITE NON HISPANIC,ARIELLA,26,65
23780,2013,FEMALE,HISPANIC,Savannah,46,42
23782,2013,FEMALE,WHITE NON HISPANIC,Gianna,57,38
23783,2011,FEMALE,WHITE NON HISPANIC,SHIFRA,20,71
23785,2012,FEMALE,BLACK NON HISP,ARIA,19,38
23786,2011,FEMALE,HISPANIC,JAZLYN,16,72
23788,2013,FEMALE,WHITE NON HISPANIC,Alexandra,98,21
23789,2012,FEMALE,ASIAN AND PACI,ZOE,32,23
23790,2014,FEMALE,HISPANIC,Wendy,11,72
23792,2012,FEMALE,BLACK NON HISP,CHLOE,70,4
23798,2014,FEMALE,HISPANIC,Monserrat,10,73
23800,2013,FEMALE,BLACK NON HISPANIC,Alana,16,41
23803,2014,FEMALE,HISPANIC,Melissa,29,54
23804,2011,FEMALE,HISPANIC,ELIANA,34,54
23805,2014,FEMALE,WHITE NON HISPANIC,Michelle,23,73
23806,2012,FEMALE,HISPANIC,STACY,13,76
23808,2011,FEMALE,WHITE NON HISPANIC,ARIEL,14,77
23809,2012,FEMALE,WHITE NON HISP,CHANIE,10,83
23814,2012,FEMALE,WHITE NON HISP,KEIRA,24,69
23815,2013,FEMALE,BLACK NON HISPANIC,Mariama,20,37
23816,2011,FEMALE,WHITE NON HISPANIC,KIRA,11,80
23820,2011,FEMALE,ASIAN AND PACIFIC ISLANDER,ERIKA,12,36
23821,2013,FEMALE,WHITE NON HISPANIC,Talia,41,52
23823,2014,FEMALE,BLACK NON HISPANIC,Hawa,14,37
23826,2013,FEMALE,ASIAN AND PACIFIC ISLANDER,Aleena,26,26
23827,2013,FEMALE,ASIAN AND PACIFIC ISLANDER,Anna,35,17
23828,2013,FEMALE,WHITE NON HISPANIC,Amalia,12,80
23829,2011,FEMALE,ASIAN AND PACIFIC ISLANDER,ANGELA,47,10
23830,2013,FEMALE,HISPANIC,Layla,55,34
23831,2012,FEMALE,WHITE NON HISP,MAEVE,21,72
23832,2013,FEMALE,BLACK NON HISPANIC,Camille,13,44
23833,2013,FEMALE,BLACK NON HISPANIC,Summer,21,36
23835,2012,FEMALE,WHITE NON HISP,ALESSANDRA,15,78
23837,2012,FEMALE,WHITE NON HISP,SIMA,15,78
23841,2011,FEMALE,WHITE NON HISPANIC,SIENA,16,75
23842,2014,FEMALE,BLACK NON HISPANIC,Aubree,12,39
23844,2012,FEMALE,BLACK NON HISP,LEILANI,17,40
23845,2011,FEMALE,ASIAN AND PACIFIC ISLANDER,CLAIRE,27,21
23846,2014,FEMALE,HISPANIC,Maya,45,41
23855,2013,FEMALE,BLACK NON HISPANIC,Janiyah,14,43
23856,2012,FEMALE,HISPANIC,ANGELICA,19,70
23857,2012,FEMALE,WHITE NON HISP,ESTY,12,81
23858,2011,FEMALE,HISPANIC,SAMANTHA,100,14
23860,2012,FEMALE,HISPANIC,ALIYAH,17,72
23861,2012,FEMALE,WHITE NON HISP,TZIVIA,11,82
23862,2014,FEMALE,WHITE NON HISPANIC,Stella,78,29
23864,2013,FEMALE,ASIAN AND PACIFIC ISLANDER,Eileen,18,34
23866,2013,FEMALE,BLACK NON HISPANIC,Jordyn,17,40
23867,2012,FEMALE,ASIAN AND PACI,CHRISTINE,14,41
23868,2012,FEMALE,HISPANIC,SERENITY,54,36
23871,2012,FEMALE,BLACK NON HISP,DANIELLE,10,47
23872,2012,FEMALE,HISPANIC,DELILAH,25,64
23876,2011,FEMALE,HISPANIC,KAILEY,20,68
23881,2011,FEMALE,ASIAN AND PACIFIC ISLANDER,ELAINE,28,20
23883,2012,FEMALE,WHITE NON HISP,AUDREY,38,55
23888,2012,FEMALE,BLACK NON HISP,SOPHIA,23,34
23889,2013,FEMALE,WHITE NON HISPANIC,Judy,15,77
23893,2011,FEMALE,HISPANIC,IZABELLA,23,65
23896,2012,FEMALE,HISPANIC,GABRIELA,64,29
23898,2012,FEMALE,HISPANIC,FATIMA,16,73
23901,2012,FEMALE,WHITE NON HISP,EMMA,228,1
23902,2014,FEMALE,ASIAN AND PACIFIC ISLANDER,Eva,28,22
23903,2012,FEMALE,HISPANIC,ROSELYN,15,74
23904,2012,FEMALE,BLACK NON HISP,AMIYAH,14,43
23905,2013,FEMALE,WHITE NON HISPANIC,Serena,12,80
23909,2014,FEMALE,WHITE NON HISPANIC,Cecelia,11,85
23911,2013,FEMALE,WHITE NON HISPANIC,Devorah,53,42
23912,2013,FEMALE,HISPANIC,Genesis,100,15
23915,2011,FEMALE,HISPANIC,CAROLINA,11,77
23921,2011,FEMALE,WHITE NON HISPANIC,VALERIE,11,80
23924,2013,FEMALE,ASIAN AND PACIFIC ISLANDER,Josephine,13,39
23925,2014,FEMALE,HISPANIC,Delilah,41,45
23927,2013,FEMALE,ASIAN AND PACIFIC ISLANDER,Hailey,35,17
23928,2014,FEMALE,ASIAN AND PACIFIC ISLANDER,Karina,13,37
23929,2013,FEMALE,WHITE NON HISPANIC,Daniella,38,55
23931,2013,FEMALE,BLACK NON HISPANIC,Aminata,30,27
23933,2014,FEMALE,HISPANIC,Jocelyn,32,51
23935,2013,FEMALE,HISPANIC,Nashley,10,78
23936,2014,FEMALE,WHITE NON HISPANIC,Claire,43,53
23937,2012,FEMALE,WHITE NON HISP,JACQUELINE,26,67
23938,2012,FEMALE,WHITE NON HISP,SURY,31,62
23939,2011,FEMALE,HISPANIC,ASHLY,13,75
23941,2013,FEMALE,HISPANIC,Leyla,10,78
23943,2013,FEMALE,BLACK NON HISPANIC,Amelia,22,35
23947,2012,FEMALE,WHITE NON HISP,ADRIANNA,23,70
23949,2014,FEMALE,HISPANIC,Gianna,43,43
23950,2014,FEMALE,WHITE NON HISPANIC,Phoebe,27,69
23952,2011,FEMALE,WHITE NON HISPANIC,DAHLIA,15,76
23953,2014,FEMALE,BLACK NON HISPANIC,Zoe,23,28
23955,2013,FEMALE,BLACK NON HISPANIC,Arianna,48,11
23957,2014,FEMALE,ASIAN AND PACIFIC ISLANDER,Sofia,19,31
23958,2012,FEMALE,HISPANIC,SAMANTHA,109,11
23960,2012,FEMALE,WHITE NON HISP,JUNE,12,81
23961,2014,FEMALE,WHITE NON HISPANIC,Lara,17,79
23963,2013,FEMALE,WHITE NON HISPANIC,Addison,26,66
23964,2013,FEMALE,WHITE NON HISPANIC,Hannah,102,19
23965,2011,FEMALE,BLACK NON HISPANIC,CHLOE,72,4
23968,2012,FEMALE,WHITE NON HISP,ALMA,10,83
23971,2014,FEMALE,BLACK NON HISPANIC,Olivia,52,8
23972,2012,FEMALE,WHITE NON HISP,CECILIA,28,65
23973,2013,FEMALE,HISPANIC,Angie,22,66
23976,2013,FEMALE,WHITE NON HISPANIC,Lyla,18,74
23978,2013,FEMALE,WHITE NON HISPANIC,Ruchy,14,78
23979,2013,FEMALE,WHITE NON HISPANIC,Caroline,41,52
23982,2011,FEMALE,WHITE NON HISPANIC,SIENNA,38,53
23984,2014,FEMALE,WHITE NON HISPANIC,Josephine,39,57
23985,2014,FEMALE,HISPANIC,Madison,90,20
23986,2012,FEMALE,HISPANIC,LIZBETH,25,64
23988,2014,FEMALE,WHITE NON HISPANIC,Sima,14,82
23989,2011,FEMALE,BLACK NON HISPANIC,AMANI,15,40
23990,2013,FEMALE,WHITE NON HISPANIC,Bella,32,60
23993,2013,FEMALE,ASIAN AND PACIFIC ISLANDER,Megan,14,38
23996,2012,FEMALE,WHITE NON HISP,ISABEL,24,69
23997,2013,FEMALE,WHITE NON HISPANIC,Juliette,31,61
23998,2014,FEMALE,BLACK NON HISPANIC,Fatoumata,47,9
23999,2011,FEMALE,WHITE NON HISPANIC,SAVANNAH,16,75
24001,2014,FEMALE,WHITE NON HISPANIC,Aziza,11,85
24002,2011,FEMALE,BLACK NON HISPANIC,LONDYN,25,30
24003,2011,FEMALE,HISPANIC,DANIELLA,28,60
24004,2011,FEMALE,BLACK NON HISPANIC,LAUREN,27,28
24005,2012,FEMALE,WHITE NON HISP,ALEXIS,23,70
24008,2013,FEMALE,WHITE NON HISPANIC,Sabina,11,81
24011,2013,FEMALE,WHITE NON HISPANIC,Ada,11,81
24012,2011,FEMALE,WHITE NON HISPANIC,GABRIELLA,102,20
24014,2014,FEMALE,HISPANIC,Sofia,199,4
24015,2013,FEMALE,WHITE NON HISPANIC,Juliana,27,65
24019,2014,FEMALE,WHITE NON HISPANIC,Clementine,11,85
24020,2014,FEMALE,HISPANIC,Jazmin,33,50
24022,2012,FEMALE,HISPANIC,JAMIE,17,72
24023,2011,FEMALE,HISPANIC,AMANDA,30,58
24029,2014,FEMALE,WHITE NON HISPANIC,Vivian,61,39
24030,2012,FEMALE,WHITE NON HISP,MARYAM,10,83
24031,2012,FEMALE,ASIAN AND PACI,JANICE,14,41
24032,2011,FEMALE,WHITE NON HISPANIC,RYAN,14,77
24038,2011,FEMALE,HISPANIC,NATHALY,20,68
24039,2011,FEMALE,HISPANIC,ALANA,11,77
24041,2011,FEMALE,ASIAN AND PACIFIC ISLANDER,AISHA,13,35
24042,2011,FEMALE,HISPANIC,NATHALIA,10,78
24043,2011,FEMALE,BLACK NON HISPANIC,MARYAM,10,45
24044,2012,FEMALE,BLACK NON HISP,SAMARA,15,42
24045,2014,FEMALE,WHITE NON HISPANIC,Tessa,13,83
24048,2013,FEMALE,WHITE NON HISPANIC,Chany,32,60
24049,2012,FEMALE,HISPANIC,ANGELINA,59,32
24050,2011,FEMALE,ASIAN AND PACIFIC ISLANDER,GIANNA,13,35
24051,2013,FEMALE,WHITE NON HISPANIC,Georgia,23,69
24057,2012,FEMALE,HISPANIC,DANIELA,60,31
24058,2011,FEMALE,ASIAN AND PACIFIC ISLANDER,SYEDA,16,32
24059,2014,FEMALE,BLACK NON HISPANIC,Amirah,10,41
24060,2011,FEMALE,BLACK NON HISPANIC,ZANIYAH,10,45
24062,2011,FEMALE,HISPANIC,ESTRELLA,15,73
24064,2011,FEMALE,WHITE NON HISPANIC,DANIELA,13,78
24065,2014,FEMALE,WHITE NON HISPANIC,Madison,68,33
24066,2014,FEMALE,HISPANIC,Cynthia,10,73
24069,2013,FEMALE,BLACK NON HISPANIC,Kylie,29,28
24070,2014,FEMALE,ASIAN AND PACIFIC ISLANDER,Stephanie,21,29
24074,2013,FEMALE,ASIAN AND PACIFIC ISLANDER,Miranda,13,39
24075,2011,FEMALE,HISPANIC,RACHEL,25,63
24078,2014,FEMALE,WHITE NON HISPANIC,Zoe,96,21
24083,2014,FEMALE,BLACK NON HISPANIC,Layla,26,25
24084,2013,FEMALE,ASIAN AND PACIFIC ISLANDER,Sydney,13,39
24085,2012,FEMALE,HISPANIC,MELISSA,51,38
24087,2013,FEMALE,WHITE NON HISPANIC,Chava,36,56
24088,2012,FEMALE,HISPANIC,MEGAN,10,79
24089,2012,FEMALE,ASIAN AND PACI,ELLA,52,7
24092,2011,FEMALE,HISPANIC,IMANI,11,77
24094,2011,FEMALE,WHITE NON HISPANIC,ADELINE,12,79
24095,2012,FEMALE,HISPANIC,AILEEN,27,62
24096,2014,FEMALE,BLACK NON HISPANIC,Janelle,12,39
24097,2013,FEMALE,BLACK NON HISPANIC,Mariah,28,29
24098,2013,FEMALE,BLACK NON HISPANIC,Amina,18,39
24099,2013,FEMALE,BLACK NON HISPANIC,Angelina,12,45
24100,2012,FEMALE,ASIAN AND PACI,JESSICA,40,17
24101,2011,FEMALE,WHITE NON HISPANIC,BRIANNA,32,59
24107,2012,FEMALE,WHITE NON HISP,HENNY,14,79
24109,2012,FEMALE,BLACK NON HISP,SARIAH,15,42
24110,2012,FEMALE,WHITE NON HISP,YEHUDIS,17,76
24112,2011,FEMALE,WHITE NON HISPANIC,YAEL,21,70
24114,2014,FEMALE,ASIAN AND PACIFIC ISLANDER,Sophia,111,2
24115,2011,FEMALE,ASIAN AND PACIFIC ISLANDER,LEELA,10,38
24119,2014,FEMALE,BLACK NON HISPANIC,Gabrielle,37,15
24121,2012,FEMALE,ASIAN AND PACI,VIVIAN,40,17
24122,2012,FEMALE,WHITE NON HISP,NICOLETTE,14,79
24123,2014,FEMALE,HISPANIC,Jaylene,13,70
24128,2013,FEMALE,WHITE NON HISPANIC,Alexia,10,82
24133,2012,FEMALE,WHITE NON HISP,ALANA,12,81
24135,2014,FEMALE,HISPANIC,Jennifer,34,49
24137,2013,FEMALE,BLACK NON HISPANIC,Mia,39,18
24138,2013,FEMALE,HISPANIC,Bianca,22,66
24139,2011,FEMALE,WHITE NON HISPANIC,HAZEL,18,73
24141,2012,FEMALE,BLACK NON HISP,JANIYAH,15,42
24143,2011,FEMALE,ASIAN AND PACIFIC ISLANDER,CHRISTINA,20,28
24144,2011,FEMALE,WHITE NON HISPANIC,LAILA,23,68
24145,2013,FEMALE,WHITE NON HISPANIC,Alessia,12,80
24146,2011,FEMALE,BLACK NON HISPANIC,BROOKE,12,43
24148,2014,FEMALE,WHITE NON HISPANIC,Liana,15,81
24149,2013,FEMALE,HISPANIC,Catalina,13,75
24150,2011,FEMALE,BLACK NON HISPANIC,EVA,11,44
24151,2014,FEMALE,HISPANIC,Eliana,29,54
24152,2012,FEMALE,HISPANIC,DENISE,10,79
24154,2012,FEMALE,WHITE NON HISP,RACHEL,186,6
24156,2014,FEMALE,ASIAN AND PACIFIC ISLANDER,Lisa,11,39
24158,2013,FEMALE,WHITE NON HISPANIC,Nina,42,51
24161,2011,FEMALE,WHITE NON HISPANIC,FRIMET,10,81
24162,2011,FEMALE,BLACK NON HISPANIC,LEAH,39,16
24166,2011,FEMALE,HISPANIC,JANELLE,12,76
24167,2014,FEMALE,HISPANIC,Mia,255,3
24168,2014,FEMALE,BLACK NON HISPANIC,Zara,14,37
24169,2013,FEMALE,WHITE NON HISPANIC,Layan,11,81
24172,2011,FEMALE,HISPANIC,TIANA,11,77
24173,2012,FEMALE,HISPANIC,VALENTINA,68,26
24176,2013,FEMALE,ASIAN AND PACIFIC ISLANDER,Kayla,25,27
24177,2013,FEMALE,WHITE NON HISPANIC,Colette,16,76
24180,2011,FEMALE,WHITE NON HISPANIC,FRANCESCA,33,58
24181,2013,FEMALE,HISPANIC,Kaylie,12,76
24184,2012,FEMALE,ASIAN AND PACI,AMBER,19,36
24185,2013,FEMALE,WHITE NON HISPANIC,Gabriella,73,30
24187,2012,FEMALE,ASIAN AND PACI,JOANNA,37,19
24188,2012,FEMALE,HISPANIC,DULCE,10,79
24191,2011,FEMALE,HISPANIC,JAELYNN,11,77
24192,2014,FEMALE,WHITE NON HISPANIC,Yitty,59,40
24194,2012,FEMALE,ASIAN AND PACI,NATALIE,29,26
24196,2012,FEMALE,BLACK NON HISP,ALEXA,12,45
24197,2011,FEMALE,BLACK NON HISPANIC,JANELLE,11,44
24201,2014,FEMALE,WHITE NON HISPANIC,Gabriela,13,83
24202,2014,FEMALE,WHITE NON HISPANIC,Abigail,124,13
24204,2014,FEMALE,ASIAN AND PACIFIC ISLANDER,Riley,10,40
24206,2013,FEMALE,WHITE NON HISPANIC,Fradel,13,79
24207,2013,FEMALE,WHITE NON HISPANIC,Michelle,30,62
24208,2012,FEMALE,ASIAN AND PACI,RILEY,10,45
24210,2013,FEMALE,HISPANIC,Leanna,10,78
24211,2011,FEMALE,WHITE NON HISPANIC,MAKAYLA,12,79
24216,2011,FEMALE,WHITE NON HISPANIC,PHOEBE,23,68
24217,2014,FEMALE,BLACK NON HISPANIC,Leilani,13,38
24218,2011,FEMALE,HISPANIC,STELLA,11,77
24219,2013,FEMALE,WHITE NON HISPANIC,Melanie,15,77
24221,2011,FEMALE,WHITE NON HISPANIC,SUMMER,16,75
24222,2012,FEMALE,HISPANIC,KEYLA,14,75
24227,2014,FEMALE,WHITE NON HISPANIC,Jasmina,11,85
24229,2012,FEMALE,ASIAN AND PACI,RACHEL,24,31
24232,2013,FEMALE,ASIAN AND PACIFIC ISLANDER,Vicky,20,32
24234,2012,FEMALE,WHITE NON HISP,BROOKE,26,67
24235,2014,FEMALE,BLACK NON HISPANIC,Lauryn,10,41
24236,2014,FEMALE,WHITE NON HISPANIC,Eden,14,82
24238,2014,FEMALE,BLACK NON HISPANIC,Serenity,46,10
24240,2011,FEMALE,ASIAN AND PACIFIC ISLANDER,CINDY,14,34
24241,2014,FEMALE,HISPANIC,Tiffany,20,63
24243,2011,FEMALE,HISPANIC,ELIANNY,12,76
24246,2013,FEMALE,HISPANIC,Rihanna,14,74
24249,2011,FEMALE,ASIAN AND PACIFIC ISLANDER,ANGELINA,26,22
24250,2012,FEMALE,HISPANIC,NOEMI,13,76
24251,2013,FEMALE,HISPANIC,Gabriela,49,39
24254,2012,FEMALE,ASIAN AND PACI,ADA,12,43
24256,2011,FEMALE,ASIAN AND PACIFIC ISLANDER,ZAINAB,23,25
24257,2014,FEMALE,BLACK NON HISPANIC,Jordan,13,38
24258,2012,FEMALE,BLACK NON HISP,WYNTER,10,47
24259,2013,FEMALE,HISPANIC,Noemi,13,75
24260,2012,FEMALE,BLACK NON HISP,SASHA,13,44
24268,2014,FEMALE,HISPANIC,Sarai,17,66
24269,2014,FEMALE,HISPANIC,Catherine,11,72
24276,2011,FEMALE,HISPANIC,AMELIA,33,55
24277,2012,FEMALE,WHITE NON HISP,INES,10,83
24280,2013,FEMALE,WHITE NON HISPANIC,Francesca,27,65
24281,2013,FEMALE,ASIAN AND PACIFIC ISLANDER,Amelia,32,20
24283,2014,FEMALE,WHITE NON HISPANIC,Sara,121,14
24288,2014,FEMALE,WHITE NON HISPANIC,Antonia,17,79
24290,2012,FEMALE,ASIAN AND PACI,ALISHA,13,42
24292,2012,FEMALE,HISPANIC,JULISSA,16,73
24293,2013,FEMALE,HISPANIC,Valerie,50,38
24294,2014,FEMALE,HISPANIC,Elena,32,51
24295,2013,FEMALE,BLACK NON HISPANIC,Kaylin,16,41
24299,2011,FEMALE,HISPANIC,NANCY,10,78
24302,2012,FEMALE,BLACK NON HISP,JESSICA,11,46
24303,2013,FEMALE,ASIAN AND PACIFIC ISLANDER,Iris,27,25
24305,2013,FEMALE,WHITE NON HISPANIC,Valentina,34,58
24306,2011,FEMALE,ASIAN AND PACIFIC ISLANDER,SELINA,26,22
24308,2013,FEMALE,HISPANIC,Kelsey,15,73
24309,2013,FEMALE,WHITE NON HISPANIC,Maria,51,43
24310,2013,FEMALE,WHITE NON HISPANIC,Dylan,12,80
24311,2014,FEMALE,HISPANIC,Arya,13,70
24316,2014,FEMALE,WHITE NON HISPANIC,Hailey,22,74
24319,2014,FEMALE,HISPANIC,Isabelle,27,56
24320,2012,FEMALE,HISPANIC,CINDY,11,78
24321,2013,FEMALE,HISPANIC,Alexandra,30,58
24322,2012,FEMALE,WHITE NON HISP,MICHELLE,38,55
24324,2012,FEMALE,BLACK NON HISP,GRACE,20,37
24326,2013,FEMALE,HISPANIC,Melissa,42,46
24329,2014,FEMALE,BLACK NON HISPANIC,Samantha,14,37
24330,2012,FEMALE,WHITE NON HISP,LENA,15,78
24333,2014,FEMALE,ASIAN AND PACIFIC ISLANDER,Jasmine,36,14
24335,2013,FEMALE,ASIAN AND PACIFIC ISLANDER,Annie,18,34
24337,2014,FEMALE,HISPANIC,Athena,23,60
24338,2012,FEMALE,BLACK NON HISP,SERENITY,59,7
24339,2012,FEMALE,WHITE NON HISP,JANE,20,73
24344,2013,FEMALE,HISPANIC,Vivian,10,78
24346,2014,FEMALE,ASIAN AND PACIFIC ISLANDER,Arya,28,22
24347,2011,FEMALE,BLACK NON HISPANIC,ZOE,43,13
24348,2014,FEMALE,BLACK NON HISPANIC,Tori,18,33
24350,2012,FEMALE,WHITE NON HISP,EVANGELINE,15,78
24351,2014,FEMALE,WHITE NON HISPANIC,Lina,13,83
24352,2012,FEMALE,WHITE NON HISP,PAIGE,16,77
24353,2013,FEMALE,BLACK NON HISPANIC,Hawa,19,38
24357,2012,FEMALE,WHITE NON HISP,OLIVE,18,75
24358,2012,FEMALE,WHITE NON HISP,ADA,14,79
24360,2011,FEMALE,WHITE NON HISPANIC,JULIANNA,28,63
24362,2014,FEMALE,WHITE NON HISPANIC,Brielle,12,84
24364,2013,FEMALE,BLACK NON HISPANIC,Fatoumata,44,14
24368,2013,FEMALE,ASIAN AND PACIFIC ISLANDER,Ella,31,21
24372,2014,FEMALE,WHITE NON HISPANIC,Elsa,13,83
24374,2013,FEMALE,WHITE NON HISPANIC,Madison,78,28
24375,2011,FEMALE,ASIAN AND PACIFIC ISLANDER,JASMINE,31,18
24378,2014,FEMALE,HISPANIC,Diana,33,50
24383,2012,FEMALE,BLACK NON HISP,ANGEL,14,43
24385,2014,FEMALE,BLACK NON HISPANIC,Grace,20,31
24386,2014,FEMALE,WHITE NON HISPANIC,Rivky,52,46
24388,2011,FEMALE,HISPANIC,MARIA,59,34
24389,2011,FEMALE,WHITE NON HISPANIC,CAMERON,11,80
24391,2013,FEMALE,WHITE NON HISPANIC,Cassidy,10,82
24393,2012,FEMALE,WHITE NON HISP,CAROLINE,48,45
24394,2014,FEMALE,WHITE NON HISPANIC,Veronica,18,78
24399,2014,FEMALE,HISPANIC,Ella,19,64
24400,2014,FEMALE,WHITE NON HISPANIC,Anna,95,22
24402,2014,FEMALE,BLACK NON HISPANIC,Abigail,41,12
24405,2011,FEMALE,HISPANIC,JULIETTE,15,73
24407,2014,FEMALE,BLACK NON HISPANIC,Madison,130,1
24409,2012,FEMALE,WHITE NON HISP,SOPHIE,90,27
24411,2014,FEMALE,ASIAN AND PACIFIC ISLANDER,Leah,25,25
24414,2014,FEMALE,WHITE NON HISPANIC,Isabelle,26,70
24415,2013,FEMALE,WHITE NON HISPANIC,Lauren,22,70
24417,2012,FEMALE,HISPANIC,FAITH,21,68
24418,2011,FEMALE,BLACK NON HISPANIC,TIANA,19,36
24420,2011,FEMALE,HISPANIC,JAYLAH,12,76
24421,2013,FEMALE,WHITE NON HISPANIC,Lia,28,64
24423,2013,FEMALE,HISPANIC,Adrianna,16,72
24425,2011,FEMALE,WHITE NON HISPANIC,RUCHY,12,79
24427,2014,FEMALE,HISPANIC,Layla,50,38
24429,2014,FEMALE,HISPANIC,Daisy,19,64
24430,2014,FEMALE,WHITE NON HISPANIC,Celia,10,86
24432,2014,FEMALE,WHITE NON HISPANIC,Eva,74,30
24433,2011,FEMALE,HISPANIC,MIKAYLA,26,62
24436,2011,FEMALE,WHITE NON HISPANIC,ADINA,19,72
24438,2014,FEMALE,HISPANIC,Brielle,10,73
24439,2011,FEMALE,BLACK NON HISPANIC,CHELSEA,37,18
24441,2013,FEMALE,ASIAN AND PACIFIC ISLANDER,Angela,56,7
24443,2014,FEMALE,WHITE NON HISPANIC,Shira,24,72
24445,2014,FEMALE,WHITE NON HISPANIC,Chaya,194,6
24447,2013,FEMALE,ASIAN AND PACIFIC ISLANDER,Lauren,13,39
24449,2014,FEMALE,HISPANIC,Bryanna,12,71
24450,2013,FEMALE,WHITE NON HISPANIC,Avigail,10,82
24451,2013,FEMALE,BLACK NON HISPANIC,Sanai,14,43
24452,2011,FEMALE,HISPANIC,MILEY,17,71
24453,2012,FEMALE,HISPANIC,SABRINA,12,77
24455,2014,FEMALE,WHITE NON HISPANIC,Ava,146,9
24457,2012,FEMALE,ASIAN AND PACI,ALEXANDRA,12,43
24460,2012,FEMALE,HISPANIC,MARIAH,25,64
24463,2012,FEMALE,HISPANIC,MELANIE,107,12
24464,2013,FEMALE,WHITE NON HISPANIC,Lea,23,69
24465,2011,FEMALE,BLACK NON HISPANIC,AMELIA,19,36
24466,2014,FEMALE,WHITE NON HISPANIC,Layla,55,44
24467,2013,FEMALE,BLACK NON HISPANIC,Destiny,28,29
24469,2011,FEMALE,HISPANIC,SARA,29,59
24470,2012,FEMALE,HISPANIC,PAULA,10,79
24471,2012,FEMALE,HISPANIC,IVANNA,12,77
24475,2011,FEMALE,HISPANIC,ZOE,65,28
24476,2013,FEMALE,BLACK NON HISPANIC,Isabella,47,12
24477,2012,FEMALE,WHITE NON HISP,KAITLYN,16,77
24478,2013,FEMALE,WHITE NON HISPANIC,Chiara,10,82
24479,2012,FEMALE,WHITE NON HISP,NINA,42,51
24481,2013,FEMALE,BLACK NON HISPANIC,Grace,32,25
24482,2011,FEMALE,WHITE NON HISPANIC,SARA,107,18
24484,2014,FEMALE,BLACK NON HISPANIC,Elizabeth,25,26
24487,2014,FEMALE,WHITE NON HISPANIC,Chloe,81,28
24488,2014,FEMALE,HISPANIC,Ariel,19,64
24490,2012,FEMALE,ASIAN AND PACI,KATHERINE,37,19
24497,2011,FEMALE,WHITE NON HISPANIC,FRAIDY,26,65
24498,2011,FEMALE,HISPANIC,DAYANA,22,66
24501,2012,FEMALE,BLACK NON HISP,MYA,21,36
24502,2012,FEMALE,WHITE NON HISP,VIOLET,47,46
24503,2014,FEMALE,HISPANIC,Abigail,104,12
24507,2014,FEMALE,WHITE NON HISPANIC,Milana,19,77
24508,2012,FEMALE,BLACK NON HISP,JORDYN,19,38
24509,2012,FEMALE,HISPANIC,EMMA,125,9
24511,2012,FEMALE,WHITE NON HISP,MARIA,44,49
24513,2012,FEMALE,BLACK NON HISP,DESTINY,38,20
24519,2013,FEMALE,WHITE NON HISPANIC,Lillian,46,47
24520,2011,FEMALE,WHITE NON HISPANIC,KAYLEE,11,80
24521,2012,FEMALE,WHITE NON HISP,CLAIRE,45,48
24523,2011,FEMALE,BLACK NON HISPANIC,SASHA,14,41
24526,2011,FEMALE,BLACK NON HISPANIC,AALIYAH,69,5
24528,2012,FEMALE,HISPANIC,SCARLET,20,69
24530,2014,FEMALE,WHITE NON HISPANIC,Athena,10,86
24531,2011,FEMALE,WHITE NON HISPANIC,MILA,31,60
24532,2013,FEMALE,WHITE NON HISPANIC,Trany,10,82
24533,2014,FEMALE,WHITE NON HISPANIC,Salma,10,86
24535,2014,FEMALE,WHITE NON HISPANIC,Ariel,13,83
24536,2012,FEMALE,HISPANIC,JAZMINE,15,74
24537,2014,FEMALE,ASIAN AND PACIFIC ISLANDER,Lila,11,39
24538,2013,FEMALE,HISPANIC,Lucia,15,73
24539,2014,FEMALE,ASIAN AND PACIFIC ISLANDER,Hannah,32,18
24542,2013,FEMALE,BLACK NON HISPANIC,Scarlett,11,46
24543,2012,FEMALE,ASIAN AND PACI,LEAH,16,39
24544,2013,FEMALE,WHITE NON HISPANIC,Ahuva,18,74
24546,2014,FEMALE,HISPANIC,Leslie,34,49
24549,2011,FEMALE,BLACK NON HISPANIC,KELSEY,11,44
24550,2013,FEMALE,HISPANIC,Milan,10,78
24557,2011,FEMALE,ASIAN AND PACIFIC ISLANDER,REBECCA,13,35
24558,2014,FEMALE,WHITE NON HISPANIC,Fatima,11,85
24561,2014,FEMALE,HISPANIC,Annabella,15,68
24564,2013,FEMALE,WHITE NON HISPANIC,Aviva,12,80
24565,2011,FEMALE,HISPANIC,AIMEE,12,76
24566,2012,FEMALE,WHITE NON HISP,LAURA,14,79
24567,2013,FEMALE,HISPANIC,Mila,36,52
24570,2012,FEMALE,HISPANIC,IZABELLA,23,66
24571,2012,FEMALE,BLACK NON HISP,MORGAN,24,33
24573,2011,FEMALE,ASIAN AND PACIFIC ISLANDER,BRIANNA,13,35
24574,2011,FEMALE,HISPANIC,JESSICA,46,44
24575,2011,FEMALE,WHITE NON HISPANIC,DEVORA,17,74
24576,2012,FEMALE,BLACK NON HISP,LYRIC,16,41
24577,2011,FEMALE,WHITE NON HISPANIC,HARPER,30,61
24578,2013,FEMALE,BLACK NON HISPANIC,Abrielle,11,46
24582,2013,FEMALE,HISPANIC,Alice,12,76
24583,2011,FEMALE,BLACK NON HISPANIC,TAYLOR,53,9
24586,2012,FEMALE,BLACK NON HISP,VANESSA,17,40
24587,2013,FEMALE,HISPANIC,Sabrina,16,72
24589,2013,FEMALE,HISPANIC,Alanna,12,76
24593,2014,FEMALE,BLACK NON HISPANIC,Taylor,45,11
24594,2014,FEMALE,WHITE NON HISPANIC,Nora,70,32
24595,2011,FEMALE,WHITE NON HISPANIC,AHUVA,16,75
24596,2013,FEMALE,WHITE NON HISPANIC,Anisa,13,79
24597,2013,FEMALE,WHITE NON HISPANIC,Ella,127,15
24605,2011,FEMALE,WHITE NON HISPANIC,VERA,19,72
24608,2013,FEMALE,BLACK NON HISPANIC,Malia,28,29
24609,2012,FEMALE,ASIAN AND PACI,XIN,17,38
24611,2012,FEMALE,ASIAN AND PACI,MANDY,15,40
24612,2013,FEMALE,WHITE NON HISPANIC,Zoey,24,68
24613,2011,FEMALE,HISPANIC,AILEEN,21,67
24614,2011,FEMALE,WHITE NON HISPANIC,SLOANE,17,74
24615,2014,FEMALE,WHITE NON HISPANIC,Eliana,49,47
24616,2011,FEMALE,HISPANIC,CAROLINE,12,76
24617,2014,FEMALE,HISPANIC,Adriana,42,44
24618,2014,FEMALE,ASIAN AND PACIFIC ISLANDER,Carina,18,32
24620,2011,FEMALE,WHITE NON HISPANIC,LILY,81,28
24621,2012,FEMALE,WHITE NON HISP,MAYA,120,17
24622,2012,FEMALE,WHITE NON HISP,SIENNA,39,54
24625,2013,FEMALE,WHITE NON HISPANIC,Hadassah,13,79
24626,2012,FEMALE,BLACK NON HISP,VIOLET,11,46
24628,2011,FEMALE,HISPANIC,DAISY,30,58
24629,2012,FEMALE,BLACK NON HISP,ABIGAIL,66,5
24630,2011,FEMALE,HISPANIC,ITZEL,27,61
24632,2011,FEMALE,HISPANIC,SARIAH,10,78
24633,2012,FEMALE,WHITE NON HISP,DALIA,11,82
24634,2011,FEMALE,WHITE NON HISPANIC,LUCY,47,45
24641,2013,FEMALE,BLACK NON HISPANIC,Gianna,16,41
24643,2014,FEMALE,BLACK NON HISPANIC,Wynter,12,39
24644,2011,FEMALE,WHITE NON HISPANIC,KATHRYN,12,79
24646,2013,FEMALE,WHITE NON HISPANIC,Megan,12,80
24649,2011,FEMALE,ASIAN AND PACIFIC ISLANDER,ELLA,25,23
24650,2013,FEMALE,HISPANIC,Alina,19,69
24655,2011,FEMALE,ASIAN AND PACIFIC ISLANDER,ANNABELLE,10,38
24657,2014,FEMALE,WHITE NON HISPANIC,Alexis,23,73
24658,2013,FEMALE,WHITE NON HISPANIC,Audrey,35,57
24660,2011,FEMALE,WHITE NON HISPANIC,SCARLETT,31,60
24662,2012,FEMALE,WHITE NON HISP,IDY,15,78
24664,2012,FEMALE,WHITE NON HISP,MATILDA,15,78
24665,2013,FEMALE,WHITE NON HISPANIC,Adina,17,75
24666,2013,FEMALE,ASIAN AND PACIFIC ISLANDER,Kelly,16,36
24670,2011,FEMALE,HISPANIC,NYLA,16,72
24672,2011,FEMALE,BLACK NON HISPANIC,ELIZABETH,22,33
24675,2014,FEMALE,HISPANIC,Nylah,15,68
24676,2013,FEMALE,WHITE NON HISPANIC,Sage,10,82
24677,2011,FEMALE,HISPANIC,YAMILET,11,77
24679,2013,FEMALE,WHITE NON HISPANIC,Kaitlyn,18,74
24680,2011,FEMALE,WHITE NON HISPANIC,JACQUELINE,20,71
24681,2014,FEMALE,WHITE NON HISPANIC,Mila,62,38
24683,2011,FEMALE,HISPANIC,ANNA,13,75
24684,2012,FEMALE,HISPANIC,JAYLA,24,65
24685,2011,FEMALE,HISPANIC,ESTHER,14,74
24687,2014,FEMALE,BLACK NON HISPANIC,Paris,29,22
24689,2012,FEMALE,WHITE NON HISP,REESE,25,68
24690,2014,FEMALE,ASIAN AND PACIFIC ISLANDER,Avery,17,33
24691,2013,FEMALE,HISPANIC,Ava,68,29
24693,2011,FEMALE,BLACK NON HISPANIC,JULIA,10,45
24695,2012,FEMALE,WHITE NON HISP,GRACE,79,30
24697,2014,FEMALE,BLACK NON HISPANIC,Kaitlyn,24,27
24698,2011,FEMALE,BLACK NON HISPANIC,ASHLEY,16,39
24700,2011,FEMALE,HISPANIC,LIA,26,62
24712,2013,FEMALE,ASIAN AND PACIFIC ISLANDER,Crystal,15,37
24719,2012,FEMALE,ASIAN AND PACI,SERENA,22,33
24729,2012,FEMALE,WHITE NON HISP,ASHLEY,29,64
24730,2011,FEMALE,WHITE NON HISPANIC,GIULIANA,41,50
24731,2014,FEMALE,HISPANIC,Gia,12,71
24733,2011,FEMALE,WHITE NON HISPANIC,RIFKA,12,79
24735,2013,FEMALE,HISPANIC,Penelope,49,39
24738,2012,FEMALE,HISPANIC,ELIANA,34,55
24746,2013,FEMALE,BLACK NON HISPANIC,Sarah,34,23
24748,2011,FEMALE,HISPANIC,JADA,21,67
24749,2012,FEMALE,WHITE NON HISP,BATSHEVA,57,39
24755,2011,FEMALE,WHITE NON HISPANIC,BELLA,22,69
24756,2011,FEMALE,HISPANIC,NICOLE,71,25
24757,2013,FEMALE,HISPANIC,Karina,15,73
24758,2014,FEMALE,BLACK NON HISPANIC,Aubrey,21,30
24759,2014,FEMALE,HISPANIC,Savannah,43,43
24760,2011,FEMALE,HISPANIC,KATHERINE,60,33
24763,2011,FEMALE,HISPANIC,MIRIAM,11,77
24764,2014,FEMALE,WHITE NON HISPANIC,Valentina,45,51
24766,2012,FEMALE,WHITE NON HISP,EVA,64,38
24768,2012,FEMALE,HISPANIC,LUCIA,13,76
24769,2011,FEMALE,HISPANIC,ELLA,32,56
24772,2012,FEMALE,HISPANIC,JAYLAH,18,71
24773,2014,FEMALE,ASIAN AND PACIFIC ISLANDER,Angel,16,34
24774,2012,FEMALE,WHITE NON HISP,SAMANTHA,74,32
24778,2012,FEMALE,BLACK NON HISP,ARIEL,36,22
24781,2011,FEMALE,BLACK NON HISPANIC,MACKENZIE,10,45
24786,2013,FEMALE,WHITE NON HISPANIC,Leora,11,81
24788,2013,FEMALE,HISPANIC,Ariana,80,25
24790,2013,FEMALE,HISPANIC,Sophia,291,2
24793,2012,FEMALE,WHITE NON HISP,FRAIDY,18,75
24794,2011,FEMALE,WHITE NON HISPANIC,YASMINE,10,81
24795,2013,FEMALE,ASIAN AND PACIFIC ISLANDER,Shirley,15,37
24798,2014,FEMALE,WHITE NON HISPANIC,Mary,28,68
24801,2013,FEMALE,BLACK NON HISPANIC,Riley,26,31
24803,2011,FEMALE,HISPANIC,MIKAELA,14,74
24806,2012,FEMALE,WHITE NON HISP,JANA,16,77
24808,2012,FEMALE,WHITE NON HISP,RIVKY,50,44
24809,2013,FEMALE,WHITE NON HISPANIC,Jordan,10,82
24811,2011,FEMALE,ASIAN AND PACIFIC ISLANDER,MADISON,19,29
24813,2014,FEMALE,WHITE NON HISPANIC,Blake,11,85
24815,2014,FEMALE,WHITE NON HISPANIC,Brynn,10,86
24816,2014,FEMALE,WHITE NON HISPANIC,Amira,19,77
24817,2012,FEMALE,BLACK NON HISP,TORI,13,44
24818,2012,FEMALE,WHITE NON HISP,ALYSSA,22,71
24821,2014,FEMALE,ASIAN AND PACIFIC ISLANDER,Christina,17,33
24822,2013,FEMALE,WHITE NON HISPANIC,Lila,27,65
24824,2011,FEMALE,HISPANIC,MIAH,17,71
24827,2014,FEMALE,HISPANIC,Elisa,14,69
24830,2014,FEMALE,HISPANIC,Alessandra,12,71
24832,2011,FEMALE,HISPANIC,SHERLYN,13,75
24833,2012,FEMALE,WHITE NON HISP,CHELSEA,14,79
24834,2012,FEMALE,WHITE NON HISP,ELIZABETH,116,18
24838,2013,FEMALE,HISPANIC,Alana,17,71
24840,2013,FEMALE,WHITE NON HISPANIC,Frimet,13,79
24841,2012,FEMALE,HISPANIC,MARIANA,11,78
24843,2012,FEMALE,BLACK NON HISP,EMMA,27,31
24844,2011,FEMALE,BLACK NON HISPANIC,PEYTON,20,35
24845,2012,FEMALE,WHITE NON HISP,CHAVA,38,55
24846,2012,FEMALE,BLACK NON HISP,LAILA,38,20
24850,2014,FEMALE,HISPANIC,Mariah,10,73
24860,2013,FEMALE,HISPANIC,Alessandra,12,76
24861,2011,FEMALE,HISPANIC,ALLYSON,19,69
24863,2011,FEMALE,ASIAN AND PACIFIC ISLANDER,MILA,17,31
24869,2012,FEMALE,WHITE NON HISP,SASHA,13,80
24870,2014,FEMALE,HISPANIC,Aurora,10,73
24875,2012,FEMALE,WHITE NON HISP,LEA,23,70
24879,2011,FEMALE,HISPANIC,BELLA,67,26
24880,2011,FEMALE,ASIAN AND PACIFIC ISLANDER,ZAHRA,19,29
24881,2013,FEMALE,ASIAN AND PACIFIC ISLANDER,Cindy,19,33
24882,2011,FEMALE,HISPANIC,BRIANNY,10,78
24883,2012,FEMALE,WHITE NON HISP,MADELINE,55,41
24885,2011,FEMALE,HISPANIC,GERALDINE,13,75
24886,2014,FEMALE,ASIAN AND PACIFIC ISLANDER,Alicia,12,38
24888,2011,FEMALE,ASIAN AND PACIFIC ISLANDER,MIA,36,14
24890,2013,FEMALE,HISPANIC,Amelia,33,55
24893,2012,FEMALE,HISPANIC,ABIGAIL,99,15
24895,2013,FEMALE,BLACK NON HISPANIC,Kimora,13,44
24896,2013,FEMALE,HISPANIC,London,31,57
24898,2013,FEMALE,HISPANIC,Leilani,27,61
24899,2013,FEMALE,WHITE NON HISPANIC,Eden,15,77
24903,2011,FEMALE,ASIAN AND PACIFIC ISLANDER,ARYA,12,36
24904,2014,FEMALE,HISPANIC,Melody,22,61
24907,2011,FEMALE,ASIAN AND PACIFIC ISLANDER,SAMANTHA,22,26
24910,2013,FEMALE,WHITE NON HISPANIC,Gabrielle,18,74
24913,2012,FEMALE,ASIAN AND PACI,SOPHIA,144,2
24916,2011,FEMALE,WHITE NON HISPANIC,HADASSA,11,80
24918,2011,FEMALE,BLACK NON HISPANIC,SADE,16,39
24920,2011,FEMALE,HISPANIC,NADIA,14,74
24921,2013,FEMALE,HISPANIC,Haylee,20,68
24922,2012,FEMALE,WHITE NON HISP,ARIANNA,29,64
24924,2014,FEMALE,WHITE NON HISPANIC,Alessandra,18,78
24925,2011,FEMALE,ASIAN AND PACIFIC ISLANDER,LEAH,16,32
24927,2012,FEMALE,HISPANIC,MELODY,30,59
24928,2013,FEMALE,BLACK NON HISPANIC,Alexandra,11,46
24929,2014,FEMALE,WHITE NON HISPANIC,Blimy,27,69
24931,2014,FEMALE,HISPANIC,Jimena,11,72
24932,2011,FEMALE,WHITE NON HISPANIC,BRYNN,14,77
24933,2014,FEMALE,WHITE NON HISPANIC,Keira,13,83
24936,2014,FEMALE,WHITE NON HISPANIC,Peyton,15,81
24937,2011,FEMALE,BLACK NON HISPANIC,AMIRA,15,40
24938,2012,FEMALE,WHITE NON HISP,GITTEL,21,72
24939,2011,FEMALE,WHITE NON HISPANIC,MAEVE,21,70
24945,2011,FEMALE,WHITE NON HISPANIC,LAYLA,29,62
24946,2012,FEMALE,ASIAN AND PACI,STEPHANIE,19,36
24949,2011,FEMALE,HISPANIC,FAITH,25,63
24952,2012,FEMALE,WHITE NON HISP,HELEN,14,79
24953,2014,FEMALE,WHITE NON HISPANIC,Sabrina,25,71
24954,2013,FEMALE,WHITE NON HISPANIC,Lina,13,79
24955,2012,FEMALE,HISPANIC,CARMEN,19,70
24956,2011,FEMALE,HISPANIC,PERLA,12,76
24957,2013,FEMALE,WHITE NON HISPANIC,Elsa,11,81
24959,2013,FEMALE,HISPANIC,Angela,21,67
24961,2012,FEMALE,HISPANIC,KIMBERLY,85,20
24962,2014,FEMALE,BLACK NON HISPANIC,Eva,16,35
24969,2014,FEMALE,HISPANIC,Jasmine,34,49
24974,2011,FEMALE,HISPANIC,NINA,11,77
24976,2014,FEMALE,WHITE NON HISPANIC,Rose,55,44
24977,2014,FEMALE,ASIAN AND PACIFIC ISLANDER,Maryam,20,30
24978,2014,FEMALE,WHITE NON HISPANIC,Serena,16,80
24990,2011,FEMALE,HISPANIC,LIZBETH,30,58
24992,2014,FEMALE,ASIAN AND PACIFIC ISLANDER,Zara,37,13
24994,2013,FEMALE,WHITE NON HISPANIC,Shaina,24,68
24996,2013,FEMALE,ASIAN AND PACIFIC ISLANDER,Jenny,22,30
24998,2014,FEMALE,BLACK NON HISPANIC,Aissatou,13,38
25000,2013,FEMALE,HISPANIC,Riley,13,75
25002,2012,FEMALE,HISPANIC,GUADALUPE,34,55
25003,2012,FEMALE,WHITE NON HISP,ANNABEL,11,82
25004,2011,FEMALE,HISPANIC,ANGELICA,40,49
25005,2011,FEMALE,WHITE NON HISPANIC,GIA,26,65
25007,2014,FEMALE,BLACK NON HISPANIC,Arielle,15,36
25008,2014,FEMALE,WHITE NON HISPANIC,Samantha,57,42
25009,2013,FEMALE,WHITE NON HISPANIC,Adrianna,11,81
25010,2011,FEMALE,HISPANIC,NOEMI,11,77
25012,2013,FEMALE,ASIAN AND PACIFIC ISLANDER,Annabelle,10,42
25016,2014,FEMALE,HISPANIC,Ximena,26,57
25017,2014,FEMALE,WHITE NON HISPANIC,Bianca,15,81
25019,2013,FEMALE,HISPANIC,Dulce,16,72
25020,2011,FEMALE,HISPANIC,IRIS,10,78
25022,2013,FEMALE,WHITE NON HISPANIC,Hana,19,73
25024,2013,FEMALE,BLACK NON HISPANIC,Aniyah,28,29
25026,2012,FEMALE,WHITE NON HISP,SYDNEY,38,55
25028,2014,FEMALE,BLACK NON HISPANIC,Shiloh,10,41
25031,2013,FEMALE,HISPANIC,Taylor,17,71
25032,2011,FEMALE,BLACK NON HISPANIC,HEAVEN,32,23
25034,2012,FEMALE,ASIAN AND PACI,KATE,17,38
25035,2011,FEMALE,WHITE NON HISPANIC,LEILA,10,81
25039,2013,FEMALE,ASIAN AND PACIFIC ISLANDER,Jenna,14,38
25043,2012,FEMALE,WHITE NON HISP,VANESSA,21,72
25047,2014,FEMALE,BLACK NON HISPANIC,Miracle,13,38
25049,2011,FEMALE,WHITE NON HISPANIC,ANNABELLE,27,64
25050,2014,FEMALE,WHITE NON HISPANIC,Evangeline,11,85
25053,2012,FEMALE,WHITE NON HISP,ADELE,15,78
25055,2014,FEMALE,ASIAN AND PACIFIC ISLANDER,Annabelle,13,37
25057,2011,FEMALE,BLACK NON HISPANIC,PAIGE,33,22
25058,2011,FEMALE,HISPANIC,ANGELINA,72,24
25059,2014,FEMALE,HISPANIC,Audrey,17,66
25062,2013,FEMALE,HISPANIC,Naomi,35,53
25065,2011,FEMALE,HISPANIC,MICHELLE,51,40
25066,2014,FEMALE,WHITE NON HISPANIC,Charlotte,133,12
25067,2014,FEMALE,WHITE NON HISPANIC,Emerson,17,79
25073,2013,FEMALE,ASIAN AND PACIFIC ISLANDER,Aria,25,27
25074,2013,FEMALE,WHITE NON HISPANIC,Joyce,17,75
25078,2012,FEMALE,ASIAN AND PACI,FIONA,49,10
25079,2011,FEMALE,ASIAN AND PACIFIC ISLANDER,TIFFANY,54,7
25080,2011,FEMALE,HISPANIC,JAYLIN,13,75
25083,2014,FEMALE,ASIAN AND PACIFIC ISLANDER,Michelle,17,33
25084,2014,FEMALE,BLACK NON HISPANIC,Angelina,14,37
25085,2012,FEMALE,HISPANIC,MILAGROS,10,79
25087,2012,FEMALE,HISPANIC,AVRIL,11,78
25090,2013,FEMALE,HISPANIC,Alani,12,76
25092,2013,FEMALE,ASIAN AND PACIFIC ISLANDER,Jamie,11,41
25093,2014,FEMALE,HISPANIC,Stephanie,39,47
25095,2013,FEMALE,ASIAN AND PACIFIC ISLANDER,Alice,35,17
25096,2011,FEMALE,WHITE NON HISPANIC,SYLVIA,11,80
25097,2011,FEMALE,WHITE NON HISPANIC,CHANY,38,53
25098,2012,FEMALE,WHITE NON HISP,ALEXANDRA,110,20
25100,2011,FEMALE,BLACK NON HISPANIC,ESSENCE,11,44
25101,2012,FEMALE,ASIAN AND PACI,KELLY,13,42
25103,2012,FEMALE,WHITE NON HISP,MADISON,66,36
25104,2012,FEMALE,ASIAN AND PACI,JOY,14,41
25110,2012,FEMALE,ASIAN AND PACI,AMY,23,32
25112,2011,FEMALE,WHITE NON HISPANIC,ISLA,14,77
25113,2013,FEMALE,WHITE NON HISPANIC,Bridget,12,80
25115,2012,FEMALE,ASIAN AND PACI,EVELYN,37,19
25116,2014,FEMALE,WHITE NON HISPANIC,Mushka,12,84
25118,2011,FEMALE,ASIAN AND PACIFIC ISLANDER,ANGEL,22,26
25120,2013,FEMALE,ASIAN AND PACIFIC ISLANDER,Winnie,26,26
25122,2012,FEMALE,BLACK NON HISP,NIA,32,26
25123,2013,FEMALE,WHITE NON HISPANIC,Ana,13,79
25125,2013,FEMALE,ASIAN AND PACIFIC ISLANDER,Madison,29,23
25126,2013,FEMALE,HISPANIC,Leah,124,9
25127,2013,FEMALE,WHITE NON HISPANIC,Shaindel,13,79
25129,2012,FEMALE,HISPANIC,LUNA,31,58
25130,2011,FEMALE,HISPANIC,ARIEL,17,71
25132,2012,FEMALE,HISPANIC,ARIANA,63,30
25133,2013,FEMALE,BLACK NON HISPANIC,Kiara,13,44
25134,2013,FEMALE,ASIAN AND PACIFIC ISLANDER,Ava,47,11
25140,2014,FEMALE,BLACK NON HISPANIC,Kali,12,39
25141,2014,FEMALE,BLACK NON HISPANIC,Emma,23,28
25142,2012,FEMALE,ASIAN AND PACI,LAYLA,13,42
25144,2012,FEMALE,WHITE NON HISP,RAQUEL,12,81
25145,2014,FEMALE,WHITE NON HISPANIC,Olivia,248,1
25148,2012,FEMALE,BLACK NON HISP,DEBORAH,10,47
25149,2012,FEMALE,HISPANIC,SANDRA,10,79
25150,2014,FEMALE,WHITE NON HISPANIC,Fradel,11,85
25151,2011,FEMALE,ASIAN AND PACIFIC ISLANDER,ALEXANDRA,13,35
25152,2012,FEMALE,ASIAN AND PACI,VICKY,25,30
25159,2013,FEMALE,HISPANIC,Selena,10,78
25162,2013,FEMALE,WHITE NON HISPANIC,Breindy,15,77
25163,2013,FEMALE,ASIAN AND PACIFIC ISLANDER,Mia,55,8
25164,2014,FEMALE,WHITE NON HISPANIC,Tamar,12,84
25166,2012,FEMALE,WHITE NON HISP,ELLA,148,11
25169,2012,FEMALE,HISPANIC,AMBER,25,64
25170,2013,FEMALE,HISPANIC,Ariella,10,78
25171,2014,FEMALE,HISPANIC,Alma,13,70
25172,2014,FEMALE,HISPANIC,Taylor,23,60
25174,2012,FEMALE,HISPANIC,MIKAYLA,13,76
25176,2011,FEMALE,ASIAN AND PACIFIC ISLANDER,ALEXA,10,38
25177,2014,FEMALE,WHITE NON HISPANIC,Madelyn,24,72
25181,2013,FEMALE,WHITE NON HISPANIC,Lydia,10,82
25183,2012,FEMALE,HISPANIC,LIZ,10,79
25185,2012,FEMALE,WHITE NON HISP,JOLIE,11,82
25187,2011,FEMALE,HISPANIC,HELEN,13,75
25188,2012,FEMALE,HISPANIC,ALESSANDRA,17,72
25190,2013,FEMALE,WHITE NON HISPANIC,Shoshana,13,79
25191,2011,FEMALE,HISPANIC,ELENA,16,72
25194,2014,FEMALE,WHITE NON HISPANIC,Daphne,16,80
25196,2011,FEMALE,HISPANIC,LUNA,24,64
25197,2011,FEMALE,BLACK NON HISPANIC,ALANA,18,37
25198,2012,FEMALE,BLACK NON HISP,JANELLE,17,40
25202,2014,FEMALE,ASIAN AND PACIFIC ISLANDER,Chelsea,13,37
25203,2013,FEMALE,HISPANIC,Alondra,14,74
25204,2012,FEMALE,HISPANIC,MILA,26,63
25205,2014,FEMALE,HISPANIC,Maria,57,35
25208,2014,FEMALE,WHITE NON HISPANIC,Eloise,42,54
25210,2014,FEMALE,HISPANIC,Francesca,12,71
25212,2012,FEMALE,HISPANIC,HAILEY,95,16
25214,2014,FEMALE,ASIAN AND PACIFIC ISLANDER,Aisha,18,32
25215,2012,FEMALE,HISPANIC,LILY,17,72
25216,2011,FEMALE,WHITE NON HISPANIC,MOLLY,36,55
25218,2012,FEMALE,WHITE NON HISP,FAIGY,70,34
25219,2013,FEMALE,WHITE NON HISPANIC,Athena,11,81
25220,2013,FEMALE,ASIAN AND PACIFIC ISLANDER,Eunice,10,42
25221,2013,FEMALE,BLACK NON HISPANIC,Laila,38,19
25222,2013,FEMALE,WHITE NON HISPANIC,Hailey,23,69
25226,2011,FEMALE,BLACK NON HISPANIC,NIA,38,17
25230,2011,FEMALE,ASIAN AND PACIFIC ISLANDER,CECILIA,12,36
25231,2012,FEMALE,WHITE NON HISP,MIRI,13,80
25232,2011,FEMALE,WHITE NON HISPANIC,LIANA,17,74
25233,2011,FEMALE,HISPANIC,MARISOL,10,78
25234,2011,FEMALE,WHITE NON HISPANIC,JANE,27,64
25235,2012,FEMALE,HISPANIC,BRIELLE,17,72
25236,2014,FEMALE,HISPANIC,Penelope,58,34
25237,2013,FEMALE,WHITE NON HISPANIC,Alessandra,14,78
25239,2013,FEMALE,HISPANIC,Skylah,10,78
25240,2011,FEMALE,WHITE NON HISPANIC,HADASSAH,15,76
25241,2012,FEMALE,ASIAN AND PACI,SABRINA,22,33
25243,2013,FEMALE,WHITE NON HISPANIC,Madeline,56,39
25245,2011,FEMALE,WHITE NON HISPANIC,IRIS,13,78
25249,2014,FEMALE,WHITE NON HISPANIC,Lucia,29,67
25250,2012,FEMALE,HISPANIC,GRACE,30,59
25252,2011,FEMALE,WHITE NON HISPANIC,CHAYA,178,5
25254,2013,FEMALE,WHITE NON HISPANIC,Katerina,10,82
25255,2014,FEMALE,WHITE NON HISPANIC,Jana,10,86
25256,2013,FEMALE,HISPANIC,Hannah,31,57
25258,2012,FEMALE,WHITE NON HISP,DAPHNE,16,77
25259,2013,FEMALE,HISPANIC,Jaylah,24,64
25261,2014,FEMALE,WHITE NON HISPANIC,Ayala,10,86
25262,2013,FEMALE,HISPANIC,Ana,27,61
25264,2014,FEMALE,HISPANIC,Rebecca,12,71
25265,2012,FEMALE,HISPANIC,RIHANNA,13,76
25266,2013,FEMALE,BLACK NON HISPANIC,Eden,15,42
25267,2012,FEMALE,BLACK NON HISP,MALIA,21,36
25268,2012,FEMALE,BLACK NON HISP,ANIYA,11,46
25271,2011,FEMALE,WHITE NON HISPANIC,PARKER,13,78
25273,2013,FEMALE,HISPANIC,Sarai,21,67
25274,2013,FEMALE,ASIAN AND PACIFIC ISLANDER,Katelyn,12,40
25276,2013,FEMALE,WHITE NON HISPANIC,Batsheva,30,62
25277,2011,FEMALE,WHITE NON HISPANIC,MALAK,15,76
25278,2011,FEMALE,BLACK NON HISPANIC,MALIA,17,38
25279,2013,FEMALE,WHITE NON HISPANIC,Lucille,14,78
25281,2011,FEMALE,HISPANIC,KAYLEEN,19,69
25283,2013,FEMALE,WHITE NON HISPANIC,Malka,72,31
25286,2011,FEMALE,WHITE NON HISPANIC,ALEXA,54,40
25287,2014,FEMALE,HISPANIC,Anabelle,10,73
25288,2014,FEMALE,HISPANIC,Nayeli,17,66
25289,2011,FEMALE,BLACK NON HISPANIC,MALIYAH,14,41
25292,2013,FEMALE,ASIAN AND PACIFIC ISLANDER,Samara,11,41
25293,2011,FEMALE,BLACK NON HISPANIC,JALIYAH,10,45
25295,2012,FEMALE,HISPANIC,KELSEY,11,78
25297,2014,FEMALE,HISPANIC,Julissa,15,68
25298,2012,FEMALE,BLACK NON HISP,HAWA,13,44
25301,2011,FEMALE,WHITE NON HISPANIC,ELIANA,36,55
25302,2014,FEMALE,ASIAN AND PACIFIC ISLANDER,Annie,30,20
25305,2011,FEMALE,HISPANIC,ALEJANDRA,16,72
25310,2012,FEMALE,HISPANIC,MELANY,30,59
25311,2014,FEMALE,ASIAN AND PACIFIC ISLANDER,Abby,27,23
25312,2014,FEMALE,BLACK NON HISPANIC,Amia,10,41
25316,2011,FEMALE,HISPANIC,LEILANI,33,55
25319,2013,FEMALE,ASIAN AND PACIFIC ISLANDER,Elena,13,39
25323,2013,FEMALE,HISPANIC,Camilla,10,78
25324,2014,FEMALE,ASIAN AND PACIFIC ISLANDER,Rachel,24,26
25325,2014,FEMALE,HISPANIC,Victoria,148,8
25326,2014,FEMALE,WHITE NON HISPANIC,Iris,14,82
25327,2012,FEMALE,HISPANIC,PENELOPE,17,72
25330,2014,FEMALE,ASIAN AND PACIFIC ISLANDER,Melody,28,22
25332,2011,FEMALE,BLACK NON HISPANIC,SHILOH,15,40
25333,2011,FEMALE,ASIAN AND PACIFIC ISLANDER,RACHEL,18,30
25335,2011,FEMALE,WHITE NON HISPANIC,ALESSANDRA,20,71
25336,2013,FEMALE,BLACK NON HISPANIC,Danielle,13,44
25338,2012,FEMALE,WHITE NON HISP,LILIANA,24,69
25339,2012,FEMALE,WHITE NON HISP,GEMMA,22,71
25340,2011,FEMALE,WHITE NON HISPANIC,ELIZABETH,100,21
25341,2011,FEMALE,WHITE NON HISPANIC,MARGARET,25,66
25343,2014,FEMALE,WHITE NON HISPANIC,Caroline,45,51
25345,2013,FEMALE,HISPANIC,Nevaeh,19,69
25346,2011,FEMALE,BLACK NON HISPANIC,SAMANTHA,27,28
25349,2011,FEMALE,HISPANIC,LESLY,16,72
25352,2011,FEMALE,WHITE NON HISPANIC,NORA,23,68
25356,2012,FEMALE,ASIAN AND PACI,ABIGAIL,29,26
25360,2013,FEMALE,WHITE NON HISPANIC,Shifra,17,75
25363,2011,FEMALE,ASIAN AND PACIFIC ISLANDER,SOPHIA,119,1
25365,2012,FEMALE,WHITE NON HISP,HAZEL,16,77
25367,2011,FEMALE,WHITE NON HISPANIC,PAIGE,13,78
25369,2011,FEMALE,HISPANIC,CELESTE,11,77
25370,2014,FEMALE,HISPANIC,Allison,103,13
25371,2014,FEMALE,WHITE NON HISPANIC,Emily,143,10
25372,2011,FEMALE,WHITE NON HISPANIC,OLIVIA,213,2
25378,2013,FEMALE,ASIAN AND PACIFIC ISLANDER,Tenzin,31,21
25380,2013,FEMALE,HISPANIC,Janelle,13,75
25382,2011,FEMALE,HISPANIC,VALERIA,45,45
25384,2011,FEMALE,HISPANIC,NAOMI,22,66
25386,2012,FEMALE,WHITE NON HISP,MADELYN,21,72
25387,2011,FEMALE,HISPANIC,NAYELI,17,71
25388,2013,FEMALE,WHITE NON HISPANIC,Peyton,17,75
25390,2014,FEMALE,BLACK NON HISPANIC,Journey,13,38
25393,2013,FEMALE,BLACK NON HISPANIC,Kaylee,37,20
25394,2013,FEMALE,WHITE NON HISPANIC,Taylor,24,68
25395,2011,FEMALE,BLACK NON HISPANIC,EDEN,11,44
25397,2013,FEMALE,WHITE NON HISPANIC,Faiga,26,66
25398,2014,FEMALE,HISPANIC,Aliyah,19,64
25402,2013,FEMALE,WHITE NON HISPANIC,Lucia,19,73
25403,2013,FEMALE,HISPANIC,Allison,102,14
25404,2014,FEMALE,WHITE NON HISPANIC,Miriam,143,10
25406,2014,FEMALE,BLACK NON HISPANIC,Joy,11,40
25407,2014,FEMALE,HISPANIC,Alyssa,31,52
25409,2012,FEMALE,HISPANIC,SKYLAR,16,73
25411,2014,FEMALE,ASIAN AND PACIFIC ISLANDER,Samara,13,37
25413,2014,FEMALE,WHITE NON HISPANIC,Yael,16,80
25416,2014,FEMALE,ASIAN AND PACIFIC ISLANDER,Lily,14,36
25417,2014,FEMALE,ASIAN AND PACIFIC ISLANDER,Anne,14,36
25418,2013,FEMALE,HISPANIC,Nathalie,20,68
25419,2012,FEMALE,BLACK NON HISP,MILAN,23,34
25424,2014,FEMALE,WHITE NON HISPANIC,Colette,15,81
25425,2012,FEMALE,BLACK NON HISP,ADRIANNA,11,46
25426,2012,FEMALE,BLACK NON HISP,SYDNEY,17,40
25429,2012,FEMALE,HISPANIC,KIARA,25,64
25433,2011,FEMALE,BLACK NON HISPANIC,NATALIE,11,44
25437,2011,FEMALE,HISPANIC,CHRISTINA,11,77
25438,2012,FEMALE,BLACK NON HISP,AMINATA,20,37
25439,2013,FEMALE,HISPANIC,Nayeli,13,75
25442,2014,FEMALE,WHITE NON HISPANIC,Noor,15,81
25443,2011,FEMALE,HISPANIC,SABRINA,25,63
25444,2014,FEMALE,BLACK NON HISPANIC,McKenzie,30,21
25447,2013,FEMALE,ASIAN AND PACIFIC ISLANDER,Ariana,27,25
25449,2012,FEMALE,WHITE NON HISP,AVA,165,8
25452,2013,FEMALE,WHITE NON HISPANIC,Basya,12,80
25453,2014,FEMALE,WHITE NON HISPANIC,Liba,23,73
25454,2011,FEMALE,ASIAN AND PACIFIC ISLANDER,ALYSSA,26,22
25455,2012,FEMALE,WHITE NON HISP,SAGE,10,83
25458,2014,FEMALE,BLACK NON HISPANIC,Autumn,41,12
25459,2013,FEMALE,HISPANIC,Ruby,11,77
25464,2012,FEMALE,ASIAN AND PACI,KYLIE,15,40
25466,2013,FEMALE,ASIAN AND PACIFIC ISLANDER,Melody,19,33
25467,2014,FEMALE,BLACK NON HISPANIC,Nia,31,20
25470,2014,FEMALE,BLACK NON HISPANIC,Mikayla,17,34
25471,2014,FEMALE,WHITE NON HISPANIC,Lucy,58,41
25472,2012,FEMALE,ASIAN AND PACI,AMINA,18,37
25473,2014,FEMALE,BLACK NON HISPANIC,Nylah,34,17
25474,2011,FEMALE,ASIAN AND PACIFIC ISLANDER,TANISHA,10,38
25475,2012,FEMALE,ASIAN AND PACI,SHARON,14,41
25477,2012,FEMALE,BLACK NON HISP,AWA,10,47
25478,2011,FEMALE,ASIAN AND PACIFIC ISLANDER,RENEE,10,38
25479,2013,FEMALE,HISPANIC,Lia,25,63
25481,2012,FEMALE,BLACK NON HISP,HANNAH,22,35
25483,2014,FEMALE,HISPANIC,Rose,32,51
25485,2013,FEMALE,HISPANIC,Jimena,17,71
25486,2011,FEMALE,ASIAN AND PACIFIC ISLANDER,ASHLEY,52,8
25491,2014,FEMALE,WHITE NON HISPANIC,Maisie,14,82
25493,2014,FEMALE,HISPANIC,Olivia,96,16
25496,2012,FEMALE,HISPANIC,HEIDI,10,79
25497,2013,FEMALE,HISPANIC,Aurora,11,77
25498,2014,FEMALE,WHITE NON HISPANIC,Elizabeth,101,19
25500,2014,FEMALE,ASIAN AND PACIFIC ISLANDER,Zoey,24,26
25502,2014,FEMALE,ASIAN AND PACIFIC ISLANDER,Elaine,17,33
25506,2014,FEMALE,HISPANIC,London,29,54
25507,2014,FEMALE,HISPANIC,Destiny,25,58
25508,2012,FEMALE,ASIAN AND PACI,JENNY,26,29
25510,2011,FEMALE,WHITE NON HISPANIC,PESSY,26,65
25511,2012,FEMALE,WHITE NON HISP,LILA,50,44
25512,2014,FEMALE,BLACK NON HISPANIC,Londyn,26,25
25515,2013,FEMALE,BLACK NON HISPANIC,Isabelle,13,44
25516,2014,FEMALE,BLACK NON HISPANIC,Ariel,45,11
25522,2012,FEMALE,WHITE NON HISP,LIBBY,24,69
25524,2014,FEMALE,WHITE NON HISPANIC,Rosa,10,86
25527,2011,FEMALE,WHITE NON HISPANIC,BROOKE,33,58
25529,2011,FEMALE,HISPANIC,ARIANNY,10,78
25533,2011,FEMALE,BLACK NON HISPANIC,SYDNEY,24,31
25534,2012,FEMALE,BLACK NON HISP,JADE,32,26
25536,2014,FEMALE,WHITE NON HISPANIC,Aisha,13,83
25537,2012,FEMALE,BLACK NON HISP,OLIVIA,58,8
25538,2014,FEMALE,WHITE NON HISPANIC,Isabel,30,66
25539,2014,FEMALE,HISPANIC,Celeste,12,71
25540,2011,FEMALE,WHITE NON HISPANIC,VIOLET,38,53
25541,2014,FEMALE,WHITE NON HISPANIC,Lola,20,76
25543,2013,FEMALE,ASIAN AND PACIFIC ISLANDER,Amy,19,33
25545,2014,FEMALE,WHITE NON HISPANIC,Katherine,42,54
25549,2013,FEMALE,HISPANIC,Elisa,11,77
25551,2014,FEMALE,HISPANIC,Evelyn,32,51
25552,2011,FEMALE,WHITE NON HISPANIC,AVIGAIL,11,80
25556,2011,FEMALE,HISPANIC,PENELOPE,14,74
25558,2012,FEMALE,WHITE NON HISP,LANA,14,79
25559,2012,FEMALE,HISPANIC,KAYLIE,13,76
25560,2011,FEMALE,ASIAN AND PACIFIC ISLANDER,KAREN,22,26
25561,2013,FEMALE,ASIAN AND PACIFIC ISLANDER,Anaya,16,36
25564,2011,FEMALE,ASIAN AND PACIFIC ISLANDER,ADA,13,35
25565,2014,FEMALE,HISPANIC,Charlotte,31,52
25572,2013,FEMALE,WHITE NON HISPANIC,Sloane,24,68
25575,2011,FEMALE,HISPANIC,KYLEE,10,78
25578,2014,FEMALE,WHITE NON HISPANIC,Kayla,42,54
25579,2014,FEMALE,BLACK NON HISPANIC,Charlotte,11,40
25580,2013,FEMALE,WHITE NON HISPANIC,Ester,10,82
25582,2011,FEMALE,BLACK NON HISPANIC,LONDON,92,2
25583,2011,FEMALE,BLACK NON HISPANIC,GRACE,15,40
25584,2011,FEMALE,WHITE NON HISPANIC,ARIANA,27,64
25586,2014,FEMALE,BLACK NON HISPANIC,Morgan,36,16
25588,2013,FEMALE,WHITE NON HISPANIC,Isabel,27,65
25589,2011,FEMALE,BLACK NON HISPANIC,JASMINE,32,23
25590,2013,FEMALE,WHITE NON HISPANIC,Cecilia,22,70
25591,2014,FEMALE,WHITE NON HISPANIC,Naomi,49,47
25592,2011,FEMALE,BLACK NON HISPANIC,ABIGAIL,51,11
25593,2014,FEMALE,WHITE NON HISPANIC,Alice,56,43
25600,2014,FEMALE,ASIAN AND PACIFIC ISLANDER,Ivy,30,20
25601,2014,FEMALE,ASIAN AND PACIFIC ISLANDER,Zoe,34,16
25604,2014,FEMALE,BLACK NON HISPANIC,Amiyah,18,33
25605,2014,FEMALE,HISPANIC,Alondra,15,68
25606,2012,FEMALE,BLACK NON HISP,LONDON,87,2
25607,2012,FEMALE,WHITE NON HISP,FAITH,10,83
25609,2014,FEMALE,HISPANIC,Jessie,11,72
25610,2012,FEMALE,WHITE NON HISP,SAVANNAH,22,71
25611,2013,FEMALE,WHITE NON HISPANIC,Harper,48,45
25612,2013,FEMALE,HISPANIC,Chelsea,31,57
25613,2013,FEMALE,HISPANIC,Aliyah,17,71
25619,2012,FEMALE,BLACK NON HISP,ALIYAH,20,37
25620,2013,FEMALE,HISPANIC,Victoria,113,12
25622,2011,FEMALE,BLACK NON HISPANIC,ZOEY,29,26
25623,2014,FEMALE,BLACK NON HISPANIC,Heaven,25,26
25624,2011,FEMALE,HISPANIC,SAMARA,12,76
25625,2013,FEMALE,WHITE NON HISPANIC,Mila,57,38
25626,2012,FEMALE,ASIAN AND PACI,FAITH,10,45
25628,2014,FEMALE,ASIAN AND PACIFIC ISLANDER,Elina,16,34
25632,2013,FEMALE,WHITE NON HISPANIC,Julia,90,25
25634,2012,FEMALE,ASIAN AND PACI,PENELOPE,10,45
25635,2013,FEMALE,BLACK NON HISPANIC,Princess,11,46
25637,2014,FEMALE,HISPANIC,Laura,15,68
25638,2013,FEMALE,WHITE NON HISPANIC,Adelaide,12,80
25640,2011,FEMALE,ASIAN AND PACIFIC ISLANDER,ANGIE,10,38
25641,2012,FEMALE,HISPANIC,DAISY,25,64
25645,2014,FEMALE,ASIAN AND PACIFIC ISLANDER,Ashley,33,17
25647,2014,FEMALE,ASIAN AND PACIFIC ISLANDER,Celine,12,38
25648,2011,FEMALE,HISPANIC,LEILA,20,68
25650,2014,FEMALE,BLACK NON HISPANIC,Kiara,15,36
25652,2013,FEMALE,ASIAN AND PACIFIC ISLANDER,Evelyn,36,16
25653,2012,FEMALE,WHITE NON HISP,ELIANA,43,50
25654,2011,FEMALE,ASIAN AND PACIFIC ISLANDER,BELLA,16,32
25655,2011,FEMALE,ASIAN AND PACIFIC ISLANDER,JOANNA,38,13
25657,2014,FEMALE,WHITE NON HISPANIC,Victoria,83,27
25659,2011,FEMALE,WHITE NON HISPANIC,LARA,13,78
25664,2012,FEMALE,HISPANIC,JAELYN,10,79
25666,2014,FEMALE,WHITE NON HISPANIC,Chana,143,10
25667,2013,FEMALE,ASIAN AND PACIFIC ISLANDER,Joyce,14,38
25668,2014,FEMALE,BLACK NON HISPANIC,Tianna,13,38
25673,2014,FEMALE,ASIAN AND PACIFIC ISLANDER,Nicole,28,22
25676,2011,FEMALE,HISPANIC,DANIELLE,12,76
25677,2012,FEMALE,BLACK NON HISP,AMANDA,11,46
25680,2014,FEMALE,ASIAN AND PACIFIC ISLANDER,Sabrina,19,31
25681,2011,FEMALE,WHITE NON HISPANIC,LILLIAN,47,45
25682,2012,FEMALE,BLACK NON HISP,LONDYN,20,37
25684,2014,FEMALE,BLACK NON HISPANIC,Skyler,10,41
25685,2014,FEMALE,BLACK NON HISPANIC,Winter,16,35
25686,2014,FEMALE,HISPANIC,Adrianna,18,65
25687,2011,FEMALE,WHITE NON HISPANIC,IDY,10,81
25690,2011,FEMALE,BLACK NON HISPANIC,ALIYAH,23,32
25692,2011,FEMALE,WHITE NON HISPANIC,DINA,41,50
25693,2012,FEMALE,BLACK NON HISP,AUBREE,14,43
25694,2012,FEMALE,HISPANIC,CAMILLA,12,77
25696,2014,FEMALE,WHITE NON HISPANIC,Shoshana,19,77
25699,2011,FEMALE,HISPANIC,KHLOE,57,35
25700,2011,FEMALE,ASIAN AND PACIFIC ISLANDER,ELENA,12,36
25702,2011,FEMALE,WHITE NON HISPANIC,LILLY,13,78
25705,2013,FEMALE,BLACK NON HISPANIC,Amaya,22,35
25709,2013,FEMALE,ASIAN AND PACIFIC ISLANDER,Ada,10,42
25711,2013,FEMALE,WHITE NON HISPANIC,Pearl,31,61
25712,2013,FEMALE,WHITE NON HISPANIC,Mirel,18,74
25713,2013,FEMALE,HISPANIC,Trinity,10,78
25714,2013,FEMALE,WHITE NON HISPANIC,Camilla,10,82
25715,2011,FEMALE,ASIAN AND PACIFIC ISLANDER,EVA,22,26
25717,2013,FEMALE,HISPANIC,Jayda,10,78
25719,2014,FEMALE,WHITE NON HISPANIC,Gianna,38,58
25721,2014,FEMALE,BLACK NON HISPANIC,Amina,27,24
25723,2013,FEMALE,WHITE NON HISPANIC,Yocheved,28,64
25725,2012,FEMALE,ASIAN AND PACI,SYDNEY,13,42
25728,2012,FEMALE,WHITE NON HISP,GOLDA,13,80
25729,2012,FEMALE,WHITE NON HISP,GABRIELLA,86,28
25731,2013,FEMALE,HISPANIC,Carmen,10,78
25733,2013,FEMALE,WHITE NON HISPANIC,Aurora,10,82
25737,2012,FEMALE,HISPANIC,BRITNEY,15,74
25739,2011,FEMALE,HISPANIC,ISIS,13,75
25742,2012,FEMALE,WHITE NON HISP,HARPER,43,50
25744,2012,FEMALE,BLACK NON HISP,MALIYAH,14,43
25745,2014,FEMALE,HISPANIC,Chelsea,34,49
25747,2012,FEMALE,HISPANIC,NATALY,15,74
25749,2012,FEMALE,BLACK NON HISP,AVA,48,13
25750,2013,FEMALE,WHITE NON HISPANIC,Elizabeth,91,24
25751,2012,FEMALE,BLACK NON HISP,BRIELLE,42,17
25752,2013,FEMALE,ASIAN AND PACIFIC ISLANDER,Isabel,13,39
25753,2013,FEMALE,HISPANIC,Esmeralda,28,60
25757,2011,FEMALE,HISPANIC,DULCE,20,68
25758,2014,FEMALE,ASIAN AND PACIFIC ISLANDER,Phoebe,13,37
25765,2014,FEMALE,WHITE NON HISPANIC,Pessy,30,66
25766,2013,FEMALE,WHITE NON HISPANIC,Emily,115,18
25767,2014,FEMALE,HISPANIC,Liana,12,71
25769,2014,FEMALE,WHITE NON HISPANIC,Summer,13,83
25775,2011,FEMALE,ASIAN AND PACIFIC ISLANDER,ALICE,27,21
25776,2011,FEMALE,HISPANIC,GRACE,36,53
25777,2011,FEMALE,HISPANIC,STEPHANY,11,77
25779,2011,FEMALE,BLACK NON HISPANIC,ALEXIS,13,42
25782,2014,FEMALE,HISPANIC,Sophia,259,2
25784,2011,FEMALE,BLACK NON HISPANIC,ANGELINA,11,44
25786,2012,FEMALE,HISPANIC,ANDREA,49,40
25789,2014,FEMALE,ASIAN AND PACIFIC ISLANDER,Janice,12,38
25791,2011,FEMALE,HISPANIC,KAYLIE,15,73
25792,2014,FEMALE,BLACK NON HISPANIC,Alexandria,10,41
25793,2012,FEMALE,HISPANIC,LILIANA,21,68
25798,2012,FEMALE,HISPANIC,JAZZLYN,10,79
25799,2013,FEMALE,WHITE NON HISPANIC,Diana,19,73
25802,2012,FEMALE,BLACK NON HISP,KENNEDY,25,32
25803,2014,FEMALE,HISPANIC,Kendra,11,72
25804,2011,FEMALE,WHITE NON HISPANIC,ROIZY,13,78
25810,2012,FEMALE,HISPANIC,AALIYAH,68,26
25811,2012,FEMALE,WHITE NON HISP,DEVORA,16,77
25812,2014,FEMALE,WHITE NON HISPANIC,Piper,19,77
25813,2013,FEMALE,ASIAN AND PACIFIC ISLANDER,Sophie,34,18
25814,2013,FEMALE,WHITE NON HISPANIC,Katherine,45,48
25818,2011,FEMALE,BLACK NON HISPANIC,OLIVIA,52,10
25819,2014,FEMALE,BLACK NON HISPANIC,Faith,40,13
25821,2014,FEMALE,BLACK NON HISPANIC,Trinity,19,32
25822,2013,FEMALE,BLACK NON HISPANIC,Kayla,56,8
25825,2013,FEMALE,HISPANIC,Abril,10,78
25827,2013,FEMALE,HISPANIC,Kelly,23,65
25828,2014,FEMALE,BLACK NON HISPANIC,Michelle,22,29
25829,2012,FEMALE,WHITE NON HISP,EVE,13,80
25830,2014,FEMALE,WHITE NON HISPANIC,Gitty,68,33
25833,2013,FEMALE,BLACK NON HISPANIC,Samiyah,12,45
25835,2011,FEMALE,ASIAN AND PACIFIC ISLANDER,KHLOE,13,35
25836,2011,FEMALE,BLACK NON HISPANIC,KAI,10,45
25837,2012,FEMALE,BLACK NON HISP,JASMINE,27,31
25840,2013,FEMALE,WHITE NON HISPANIC,Golda,12,80
25842,2012,FEMALE,WHITE NON HISP,FATIMA,12,81
25848,2012,FEMALE,WHITE NON HISP,ZISSY,32,61
25850,2012,FEMALE,BLACK NON HISP,SANIYAH,16,41
25854,2013,FEMALE,BLACK NON HISPANIC,Mariam,32,25
25856,2014,FEMALE,HISPANIC,Valeria,34,49
25859,2011,FEMALE,WHITE NON HISPANIC,SOPHIA,180,4
25861,2011,FEMALE,HISPANIC,ALISON,32,56
25862,2014,FEMALE,WHITE NON HISPANIC,Lyla,19,77
25863,2012,FEMALE,BLACK NON HISP,TAYLOR,71,3
25864,2011,FEMALE,WHITE NON HISPANIC,DANIELLA,41,50
25865,2012,FEMALE,BLACK NON HISP,NEVAEH,57,9
25866,2011,FEMALE,WHITE NON HISPANIC,ELISE,13,78
25867,2011,FEMALE,HISPANIC,PAOLA,10,78
25868,2011,FEMALE,ASIAN AND PACIFIC ISLANDER,QUEENIE,15,33
25871,2011,FEMALE,HISPANIC,KYLIE,37,52
25872,2011,FEMALE,BLACK NON HISPANIC,NATALIA,12,43
25873,2012,FEMALE,ASIAN AND PACI,SARAH,47,12
25877,2013,FEMALE,ASIAN AND PACIFIC ISLANDER,Isabella,71,6
25879,2012,FEMALE,ASIAN AND PACI,NINA,17,38
25880,2011,FEMALE,WHITE NON HISPANIC,LILA,34,57
25881,2012,FEMALE,WHITE NON HISP,KAYLA,38,55
25882,2013,FEMALE,HISPANIC,Angelina,55,34
25883,2014,FEMALE,HISPANIC,Angela,17,66
25888,2011,FEMALE,HISPANIC,SASHA,10,78
25889,2011,FEMALE,WHITE NON HISPANIC,ELLE,17,74
25891,2013,FEMALE,BLACK NON HISPANIC,Samantha,16,41
25893,2013,FEMALE,WHITE NON HISPANIC,Paige,17,75
25894,2014,FEMALE,WHITE NON HISPANIC,Hinda,10,86
25896,2011,FEMALE,WHITE NON HISPANIC,LAUREN,26,65
25898,2013,FEMALE,WHITE NON HISPANIC,Madeleine,41,52
25900,2012,FEMALE,WHITE NON HISP,VIVIAN,23,70
25901,2013,FEMALE,BLACK NON HISPANIC,Michelle,19,38
25903,2011,FEMALE,HISPANIC,KAREN,41,48
25905,2011,FEMALE,HISPANIC,JAYLEEN,51,40
25906,2012,FEMALE,BLACK NON HISP,RILEY,23,34
25907,2013,FEMALE,HISPANIC,Maya,33,55
25909,2014,FEMALE,WHITE NON HISPANIC,Allison,14,82
25914,2011,FEMALE,WHITE NON HISPANIC,ASHLEY,20,71
25915,2014,FEMALE,BLACK NON HISPANIC,Lauren,37,15
25916,2014,FEMALE,HISPANIC,Riley,15,68
25919,2011,FEMALE,WHITE NON HISPANIC,WILLA,13,78
25921,2012,FEMALE,WHITE NON HISP,ISABELLE,21,72
25926,2012,FEMALE,ASIAN AND PACI,ARIANNA,21,34
25927,2011,FEMALE,BLACK NON HISPANIC,SOPHIA,30,25
25932,2014,FEMALE,HISPANIC,Nathalie,24,59
25934,2014,FEMALE,WHITE NON HISPANIC,Sadie,43,53
25936,2011,FEMALE,WHITE NON HISPANIC,ALIZA,22,69
25941,2013,FEMALE,WHITE NON HISPANIC,Rochel,39,54
25943,2013,FEMALE,WHITE NON HISPANIC,Ariana,34,58
25944,2012,FEMALE,HISPANIC,CRYSTAL,17,72
25945,2013,FEMALE,HISPANIC,Litzy,12,76
25947,2012,FEMALE,WHITE NON HISP,MARY,23,70
25948,2014,FEMALE,HISPANIC,Kayleen,15,68
25951,2012,FEMALE,WHITE NON HISP,MARINA,10,83
25952,2012,FEMALE,ASIAN AND PACI,AVA,47,12
25953,2014,FEMALE,HISPANIC,Autumn,13,70
25955,2013,FEMALE,ASIAN AND PACIFIC ISLANDER,Grace,51,9
25957,2013,FEMALE,ASIAN AND PACIFIC ISLANDER,Zahra,14,38
25959,2011,FEMALE,HISPANIC,YARETZI,22,66
25960,2011,FEMALE,WHITE NON HISPANIC,LONDON,10,81
25961,2012,FEMALE,ASIAN AND PACI,SARA,24,31
25965,2012,FEMALE,BLACK NON HISP,KIMORA,23,34
25966,2012,FEMALE,WHITE NON HISP,IRIS,15,78
25972,2011,FEMALE,BLACK NON HISPANIC,SKYLAR,20,35
25973,2013,FEMALE,HISPANIC,Juliana,27,61
25978,2012,FEMALE,WHITE NON HISP,PEYTON,11,82
25979,2013,FEMALE,HISPANIC,Sarah,44,44
25980,2014,FEMALE,WHITE NON HISPANIC,Bruchy,17,79
25983,2014,FEMALE,HISPANIC,Kelly,16,67
25984,2013,FEMALE,HISPANIC,Kaitlyn,29,59
25985,2011,FEMALE,WHITE NON HISPANIC,DYLAN,20,71
25989,2011,FEMALE,BLACK NON HISPANIC,LAILA,39,16
25995,2013,FEMALE,WHITE NON HISPANIC,Elena,29,63
25996,2014,FEMALE,HISPANIC,Marjorie,16,67
25998,2011,FEMALE,WHITE NON HISPANIC,ISABELLE,25,66
25999,2012,FEMALE,WHITE NON HISP,HANNAH,83,29
26000,2011,FEMALE,HISPANIC,KEYLA,12,76
26001,2014,FEMALE,HISPANIC,Aileen,20,63
26002,2011,FEMALE,WHITE NON HISPANIC,AMELIA,62,37
26003,2012,FEMALE,WHITE NON HISP,JULIA,91,26
26004,2012,FEMALE,HISPANIC,ARIELLE,10,79
26005,2013,FEMALE,WHITE NON HISPANIC,Vivian,46,47
26006,2013,FEMALE,HISPANIC,Emilia,13,75
26009,2011,FEMALE,HISPANIC,AMBER,25,63
26010,2012,FEMALE,WHITE NON HISP,ESTHER,192,5
26011,2012,FEMALE,HISPANIC,ATHENA,17,72
26012,2014,FEMALE,ASIAN AND PACIFIC ISLANDER,Erica,12,38
26018,2012,FEMALE,BLACK NON HISP,ARIANNA,38,20
26019,2013,FEMALE,HISPANIC,Samantha,117,10
26020,2012,FEMALE,BLACK NON HISP,SANAA,22,35
26021,2014,FEMALE,HISPANIC,Sara,21,62
26023,2014,FEMALE,HISPANIC,Arielle,13,70
26027,2012,FEMALE,WHITE NON HISP,CHARLOTTE,126,15
26029,2014,FEMALE,HISPANIC,Magaly,11,72
26031,2012,FEMALE,HISPANIC,EVELYN,47,42
26035,2012,FEMALE,WHITE NON HISP,VICTORIA,109,21
26038,2013,FEMALE,WHITE NON HISPANIC,Sophie,71,32
26039,2013,FEMALE,HISPANIC,Faith,23,65
26041,2011,FEMALE,HISPANIC,CINDY,13,75
26043,2011,FEMALE,ASIAN AND PACIFIC ISLANDER,NATALIE,20,28
26044,2014,FEMALE,HISPANIC,Peyton,16,67
26045,2013,FEMALE,BLACK NON HISPANIC,Sasha,12,45
26046,2013,FEMALE,BLACK NON HISPANIC,Zara,10,47
26048,2013,FEMALE,HISPANIC,Amanda,36,52
26049,2012,FEMALE,ASIAN AND PACI,ARISHA,11,44
26050,2013,FEMALE,BLACK NON HISPANIC,Amber,16,41
26051,2013,FEMALE,WHITE NON HISPANIC,Raizel,15,77
26052,2012,FEMALE,WHITE NON HISP,ANGELINA,48,45
26055,2013,FEMALE,ASIAN AND PACIFIC ISLANDER,Sylvia,11,41
26058,2013,FEMALE,WHITE NON HISPANIC,Rivky,60,35
26060,2012,FEMALE,HISPANIC,DAYANA,29,60
26061,2014,FEMALE,BLACK NON HISPANIC,Savannah,53,7
26065,2014,FEMALE,BLACK NON HISPANIC,Nevaeh,31,20
26068,2013,FEMALE,WHITE NON HISPANIC,Juliet,32,60
26069,2014,FEMALE,BLACK NON HISPANIC,Malaysia,14,37
26071,2013,FEMALE,BLACK NON HISPANIC,Madisyn,12,45
26072,2013,FEMALE,BLACK NON HISPANIC,Aissata,10,47
26073,2012,FEMALE,WHITE NON HISP,KAYLEE,10,83
26076,2014,FEMALE,HISPANIC,Danna,31,52
26079,2013,FEMALE,BLACK NON HISPANIC,Miracle,19,38
26081,2014,FEMALE,ASIAN AND PACIFIC ISLANDER,Kaylee,18,32
26082,2011,FEMALE,HISPANIC,SARAI,24,64
26086,2012,FEMALE,WHITE NON HISP,JULIE,17,76
26087,2011,FEMALE,BLACK NON HISPANIC,DAKOTA,15,40
26088,2012,FEMALE,WHITE NON HISP,MALAK,18,75
26089,2012,FEMALE,BLACK NON HISP,ALANA,25,32
26091,2012,FEMALE,HISPANIC,HAZEL,15,74
26093,2011,FEMALE,HISPANIC,CYNTHIA,10,78
26094,2013,FEMALE,BLACK NON HISPANIC,Aubrey,25,32
26095,2012,FEMALE,WHITE NON HISP,ROSE,36,57
26099,2014,FEMALE,WHITE NON HISPANIC,Morgan,14,82
26100,2011,FEMALE,BLACK NON HISPANIC,NADIA,16,39
26101,2013,FEMALE,ASIAN AND PACIFIC ISLANDER,Eva,28,24
26105,2011,FEMALE,WHITE NON HISPANIC,LIBA,20,71
26106,2011,FEMALE,BLACK NON HISPANIC,SERENITY,52,10
26108,2013,FEMALE,ASIAN AND PACIFIC ISLANDER,Alina,32,20
26110,2014,FEMALE,HISPANIC,Aubree,18,65
26111,2014,FEMALE,WHITE NON HISPANIC,Ruchel,10,86
26115,2011,FEMALE,BLACK NON HISPANIC,KALIYAH,14,41
26116,2014,FEMALE,WHITE NON HISPANIC,Ayla,18,78
26117,2011,FEMALE,ASIAN AND PACIFIC ISLANDER,ERIN,13,35
26118,2014,FEMALE,WHITE NON HISPANIC,Hazel,24,72
26122,2011,FEMALE,HISPANIC,JAYDA,10,78
26123,2011,FEMALE,HISPANIC,BIANCA,24,64
26127,2013,FEMALE,WHITE NON HISPANIC,Shaindy,58,37
26128,2012,FEMALE,BLACK NON HISP,KAYLEE,30,28
26131,2011,FEMALE,ASIAN AND PACIFIC ISLANDER,ZARA,14,34
26132,2014,FEMALE,WHITE NON HISPANIC,Liliana,22,74
26136,2013,FEMALE,ASIAN AND PACIFIC ISLANDER,Isabelle,15,37
26137,2012,FEMALE,HISPANIC,NATALIA,36,53
26139,2011,FEMALE,BLACK NON HISPANIC,ALICIA,11,44
26140,2011,FEMALE,BLACK NON HISPANIC,JADA,52,10
26142,2013,FEMALE,HISPANIC,Wendy,20,68
26143,2014,FEMALE,HISPANIC,Keila,10,73
26146,2011,FEMALE,WHITE NON HISPANIC,SHAINA,16,75
26148,2014,FEMALE,WHITE NON HISPANIC,Brucha,13,83
26151,2012,FEMALE,WHITE NON HISP,SARAH,209,3
26152,2011,FEMALE,WHITE NON HISPANIC,MIRI,10,81
26153,2013,FEMALE,WHITE NON HISPANIC,Jasmina,10,82
26155,2013,FEMALE,WHITE NON HISPANIC,Laura,13,79
26159,2012,FEMALE,WHITE NON HISP,GIULIANA,42,51
26163,2013,FEMALE,HISPANIC,Miranda,16,72
26164,2012,FEMALE,WHITE NON HISP,KIRA,13,80
26165,2014,FEMALE,WHITE NON HISPANIC,Lea,30,66
26166,2013,FEMALE,HISPANIC,Melody,28,60
26167,2013,FEMALE,WHITE NON HISPANIC,Mia,134,13
26169,2012,FEMALE,BLACK NON HISP,TRINITY,19,38
26175,2014,FEMALE,BLACK NON HISPANIC,Lyric,15,36
26176,2011,FEMALE,ASIAN AND PACIFIC ISLANDER,WENDY,16,32
26178,2014,FEMALE,WHITE NON HISPANIC,Ada,12,84
26183,2011,FEMALE,HISPANIC,LUZ,25,63
26184,2011,FEMALE,HISPANIC,KAILYN,11,77
26189,2013,FEMALE,BLACK NON HISPANIC,Morgan,27,30
26193,2014,FEMALE,BLACK NON HISPANIC,Hailey,21,30
26194,2013,FEMALE,HISPANIC,Lola,11,77
26195,2011,FEMALE,HISPANIC,REBECCA,10,78
26196,2014,FEMALE,WHITE NON HISPANIC,Brooke,33,63
26197,2014,FEMALE,BLACK NON HISPANIC,Khloe,39,14
26198,2013,FEMALE,WHITE NON HISPANIC,Ivy,16,76
26200,2013,FEMALE,ASIAN AND PACIFIC ISLANDER,Ashley,47,11
26201,2013,FEMALE,ASIAN AND PACIFIC ISLANDER,Emaan,10,42
26203,2012,FEMALE,WHITE NON HISP,QUINN,20,73
26205,2012,FEMALE,ASIAN AND PACI,CHRISTINA,18,37
26206,2012,FEMALE,HISPANIC,SARA,21,68
26207,2014,FEMALE,WHITE NON HISPANIC,Aya,14,82
26208,2011,FEMALE,WHITE NON HISPANIC,MACKENZIE,18,73
26210,2012,FEMALE,ASIAN AND PACI,LAUREN,12,43
26211,2014,FEMALE,ASIAN AND PACIFIC ISLANDER,Caroline,15,35
26214,2012,FEMALE,ASIAN AND PACI,HAFSA,11,44
26215,2011,FEMALE,HISPANIC,ROSELYN,16,72
26216,2013,FEMALE,WHITE NON HISPANIC,Jessica,17,75
26222,2013,FEMALE,ASIAN AND PACIFIC ISLANDER,Cecilia,12,40
26223,2011,FEMALE,HISPANIC,SOPHIE,12,76
26229,2013,FEMALE,ASIAN AND PACIFIC ISLANDER,Zara,22,30
26230,2012,FEMALE,WHITE NON HISP,KATELYN,12,81
26232,2012,FEMALE,WHITE NON HISP,KATE,17,76
26235,2012,FEMALE,HISPANIC,VALERIE,53,37
26236,2012,FEMALE,BLACK NON HISP,AYANNA,13,44
26237,2013,FEMALE,BLACK NON HISPANIC,Aisha,21,36
26240,2013,FEMALE,HISPANIC,Khloe,38,50
26241,2014,FEMALE,WHITE NON HISPANIC,Frady,14,82
26243,2012,FEMALE,ASIAN AND PACI,LILLIAN,16,39
26244,2013,FEMALE,WHITE NON HISPANIC,Leona,12,80
26245,2014,FEMALE,WHITE NON HISPANIC,Elle,24,72
26247,2012,FEMALE,ASIAN AND PACI,CRYSTAL,17,38
26248,2012,FEMALE,WHITE NON HISP,LILY,104,22
26249,2012,FEMALE,HISPANIC,JULIET,22,67
26250,2013,FEMALE,WHITE NON HISPANIC,Caitlin,11,81
26251,2014,FEMALE,HISPANIC,Amelia,60,33
26254,2014,FEMALE,WHITE NON HISPANIC,Rena,11,85
26255,2014,FEMALE,HISPANIC,Natalia,45,41
26262,2011,FEMALE,WHITE NON HISPANIC,VALENTINA,31,60
26263,2011,FEMALE,ASIAN AND PACIFIC ISLANDER,EMILY,93,3
26266,2012,FEMALE,HISPANIC,ALANA,18,71
26267,2013,FEMALE,ASIAN AND PACIFIC ISLANDER,Stephanie,13,39
26269,2012,FEMALE,ASIAN AND PACI,KAREN,13,42
26272,2013,FEMALE,BLACK NON HISPANIC,Layla,24,33
26273,2011,FEMALE,HISPANIC,HALEY,14,74
26277,2012,FEMALE,HISPANIC,NATHALIE,19,70
26278,2012,FEMALE,WHITE NON HISP,HINDA,15,78
26280,2011,FEMALE,WHITE NON HISPANIC,ERIN,15,76
26282,2014,FEMALE,WHITE NON HISPANIC,Mariam,19,77
26284,2012,FEMALE,BLACK NON HISP,ALANI,13,44
26286,2013,FEMALE,ASIAN AND PACIFIC ISLANDER,Kaitlyn,23,29
26287,2014,FEMALE,HISPANIC,Isabel,42,44
26288,2014,FEMALE,HISPANIC,Trinity,11,72
26289,2012,FEMALE,WHITE NON HISP,STELLA,74,32
26291,2013,FEMALE,BLACK NON HISPANIC,Bella,21,36
26293,2013,FEMALE,BLACK NON HISPANIC,Zuri,16,41
26294,2012,FEMALE,ASIAN AND PACI,WINNIE,29,26
26298,2013,FEMALE,HISPANIC,Anabella,14,74
26299,2012,FEMALE,HISPANIC,NICOLE,58,33
26306,2013,FEMALE,WHITE NON HISPANIC,Annabelle,27,65
26308,2014,FEMALE,ASIAN AND PACIFIC ISLANDER,Anayah,10,40
26310,2012,FEMALE,BLACK NON HISP,ALYSSA,30,28
26314,2014,FEMALE,HISPANIC,Jayla,22,61
26315,2013,FEMALE,BLACK NON HISPANIC,Emani,12,45
26316,2014,FEMALE,HISPANIC,Angelique,17,66
26318,2011,FEMALE,HISPANIC,CLARA,11,77
26322,2014,FEMALE,HISPANIC,Camila,193,5
26324,2012,FEMALE,HISPANIC,DESTINY,40,49
26328,2011,FEMALE,HISPANIC,GIANNA,49,42
26329,2013,FEMALE,WHITE NON HISPANIC,Vanessa,15,77
26330,2012,FEMALE,ASIAN AND PACI,ARIANA,18,37
26331,2013,FEMALE,HISPANIC,Katie,25,63
26334,2011,FEMALE,BLACK NON HISPANIC,SARAH,40,15
26339,2012,FEMALE,BLACK NON HISP,SAMIYAH,12,45
26340,2012,FEMALE,BLACK NON HISP,GABRIELLE,42,17
26341,2012,FEMALE,WHITE NON HISP,EMILIA,44,49
26342,2011,FEMALE,WHITE NON HISPANIC,CAITLIN,11,80
26344,2012,FEMALE,HISPANIC,AURORA,11,78
26345,2011,FEMALE,WHITE NON HISPANIC,AYLA,10,81
26346,2012,FEMALE,HISPANIC,KAILEY,17,72
26347,2012,FEMALE,WHITE NON HISP,PHOEBE,20,73
26351,2011,FEMALE,ASIAN AND PACIFIC ISLANDER,MELODY,13,35
26356,2014,FEMALE,WHITE NON HISPANIC,Eleni,10,86
26357,2011,FEMALE,WHITE NON HISPANIC,AMIRA,11,80
26358,2012,FEMALE,HISPANIC,AVA,76,23
26359,2014,FEMALE,HISPANIC,Alina,30,53
26360,2013,FEMALE,HISPANIC,Crystal,21,67
26361,2012,FEMALE,BLACK NON HISP,KHLOE,49,12
26362,2011,FEMALE,HISPANIC,KIMBERLY,103,13
26363,2014,FEMALE,WHITE NON HISPANIC,Tess,11,85
26364,2011,FEMALE,WHITE NON HISPANIC,ALLISON,15,76
26365,2012,FEMALE,WHITE NON HISP,SELMA,10,83
26367,2011,FEMALE,BLACK NON HISPANIC,PRINCESS,16,39
26368,2011,FEMALE,WHITE NON HISPANIC,MARIA,39,52
26369,2013,FEMALE,BLACK NON HISPANIC,Skylar,42,16
26371,2014,FEMALE,ASIAN AND PACIFIC ISLANDER,Madison,28,22
26372,2012,FEMALE,HISPANIC,LUZ,20,69
26373,2012,FEMALE,HISPANIC,DANA,14,75
26377,2013,FEMALE,HISPANIC,Malia,10,78
26378,2014,FEMALE,BLACK NON HISPANIC,Lillian,11,40
26379,2013,FEMALE,WHITE NON HISPANIC,Pessy,29,63
26380,2013,FEMALE,ASIAN AND PACIFIC ISLANDER,Catherine,23,29
26381,2013,FEMALE,WHITE NON HISPANIC,Charlotte,137,12
26383,2012,FEMALE,HISPANIC,CATALINA,25,64
26384,2013,FEMALE,ASIAN AND PACIFIC ISLANDER,Avery,19,33
26385,2011,FEMALE,HISPANIC,JASLENE,11,77
26386,2012,FEMALE,ASIAN AND PACI,BELLA,19,36
26388,2013,FEMALE,BLACK NON HISPANIC,Brooke,24,33
26389,2013,FEMALE,WHITE NON HISPANIC,Lena,24,68
26392,2014,FEMALE,WHITE NON HISPANIC,Trany,12,84
26394,2012,FEMALE,ASIAN AND PACI,BRIANNA,10,45
26399,2012,FEMALE,WHITE NON HISP,IVY,17,76
26402,2011,FEMALE,WHITE NON HISPANIC,AVIVA,18,73
26405,2013,FEMALE,ASIAN AND PACIFIC ISLANDER,Tina,13,39
26407,2014,FEMALE,HISPANIC,Lizbeth,19,64
26408,2013,FEMALE,BLACK NON HISPANIC,Fatima,22,35
26409,2011,FEMALE,HISPANIC,CARMEN,12,76
26412,2013,FEMALE,BLACK NON HISPANIC,Melanie,13,44
26413,2011,FEMALE,WHITE NON HISPANIC,ELENA,19,72
26416,2011,FEMALE,HISPANIC,HEIDY,16,72
26417,2011,FEMALE,ASIAN AND PACIFIC ISLANDER,SHIRLEY,12,36
26418,2013,FEMALE,BLACK NON HISPANIC,Phoenix,12,45
26419,2011,FEMALE,BLACK NON HISPANIC,CAMILLE,12,43
26423,2014,FEMALE,HISPANIC,Angie,19,64
26424,2013,FEMALE,WHITE NON HISPANIC,Luna,16,76
26425,2012,FEMALE,WHITE NON HISP,ALEXA,56,40
26427,2012,FEMALE,WHITE NON HISP,HADASSAH,10,83
26428,2013,FEMALE,HISPANIC,Aimee,13,75
26430,2012,FEMALE,ASIAN AND PACI,JENNIFER,23,32
26433,2014,FEMALE,ASIAN AND PACIFIC ISLANDER,Vicky,15,35
26434,2012,FEMALE,BLACK NON HISP,MAKENZIE,11,46
26435,2011,FEMALE,HISPANIC,SELENA,15,73
26436,2014,FEMALE,WHITE NON HISPANIC,Catherine,37,59
26438,2014,FEMALE,ASIAN AND PACIFIC ISLANDER,Joyce,15,35
26439,2012,FEMALE,WHITE NON HISP,BLIMA,37,56
26440,2012,FEMALE,HISPANIC,AMALIA,10,79
26443,2014,FEMALE,BLACK NON HISPANIC,Brianna,24,27
26447,2013,FEMALE,HISPANIC,Alisson,11,77
26450,2013,FEMALE,HISPANIC,Camila,157,7
26451,2013,FEMALE,HISPANIC,Scarlett,77,26
26452,2012,FEMALE,BLACK NON HISP,MELANIE,23,34
26453,2011,FEMALE,HISPANIC,LESLEY,12,76
26456,2014,FEMALE,HISPANIC,Julia,20,63
26457,2014,FEMALE,BLACK NON HISPANIC,Danielle,12,39
26460,2013,FEMALE,WHITE NON HISPANIC,Anastasia,33,59
26462,2014,FEMALE,HISPANIC,Scarlett,80,24
26463,2013,FEMALE,BLACK NON HISPANIC,Adrianna,12,45
26465,2011,FEMALE,WHITE NON HISPANIC,LINA,13,78
26467,2011,FEMALE,ASIAN AND PACIFIC ISLANDER,KATHERINE,21,27
26470,2014,FEMALE,HISPANIC,Leah,100,15
26471,2013,FEMALE,WHITE NON HISPANIC,Riley,41,52
26473,2011,FEMALE,WHITE NON HISPANIC,PEREL,15,76
26474,2014,FEMALE,WHITE NON HISPANIC,Baila,39,57
26478,2013,FEMALE,WHITE NON HISPANIC,Giuliana,35,57
26481,2014,FEMALE,HISPANIC,Natalie,28,55
26482,2013,FEMALE,WHITE NON HISPANIC,Jordyn,10,82
26486,2011,FEMALE,WHITE NON HISPANIC,SKYLAR,17,74
26487,2014,FEMALE,BLACK NON HISPANIC,Brooklyn,14,37
26488,2012,FEMALE,WHITE NON HISP,BIANCA,10,83
26489,2013,FEMALE,WHITE NON HISPANIC,Ilana,12,80
26491,2011,FEMALE,BLACK NON HISPANIC,KAYLEE,25,30
26492,2012,FEMALE,HISPANIC,KAYLIN,10,79
26493,2011,FEMALE,BLACK NON HISPANIC,AUTUMN,26,29
26494,2013,FEMALE,HISPANIC,Luz,12,76
26496,2013,FEMALE,ASIAN AND PACIFIC ISLANDER,Raina,12,40
26497,2011,FEMALE,ASIAN AND PACIFIC ISLANDER,XIN,18,30
26498,2011,FEMALE,WHITE NON HISPANIC,MORGAN,20,71
26499,2012,FEMALE,ASIAN AND PACI,PHOEBE,22,33
26500,2011,FEMALE,WHITE NON HISPANIC,ILANA,10,81
26507,2013,FEMALE,HISPANIC,Gianna,44,44
26508,2011,FEMALE,ASIAN AND PACIFIC ISLANDER,ISABELLE,11,37
26510,2013,FEMALE,WHITE NON HISPANIC,Liana,18,74
26519,2011,FEMALE,ASIAN AND PACIFIC ISLANDER,JENNIFER,18,30
26523,2014,FEMALE,WHITE NON HISPANIC,Adelina,11,85
26525,2012,FEMALE,ASIAN AND PACI,CHLOE,172,1
26526,2014,FEMALE,HISPANIC,Grace,41,45
26528,2012,FEMALE,WHITE NON HISP,SYLVIE,10,83
26530,2012,FEMALE,WHITE NON HISP,ARIELLA,28,65
26531,2014,FEMALE,WHITE NON HISPANIC,Juliana,30,66
26533,2011,FEMALE,WHITE NON HISPANIC,SASHA,16,75
26534,2013,FEMALE,ASIAN AND PACIFIC ISLANDER,Fiona,37,15
26535,2012,FEMALE,WHITE NON HISP,CAITLIN,10,83
26536,2014,FEMALE,ASIAN AND PACIFIC ISLANDER,Samantha,18,32
26538,2014,FEMALE,HISPANIC,Alissa,10,73
26543,2014,FEMALE,WHITE NON HISPANIC,Camilla,17,79
26546,2012,FEMALE,HISPANIC,ALEXIA,12,77
26547,2013,FEMALE,WHITE NON HISPANIC,Maya,122,16
26548,2011,FEMALE,ASIAN AND PACIFIC ISLANDER,WINNIE,25,23
26550,2013,FEMALE,HISPANIC,Zoey,39,49
26551,2012,FEMALE,BLACK NON HISP,FAITH,42,17
26552,2011,FEMALE,WHITE NON HISPANIC,MARY,16,75
26556,2014,FEMALE,HISPANIC,Carmen,14,69
26558,2013,FEMALE,WHITE NON HISPANIC,Roiza,10,82
26559,2012,FEMALE,HISPANIC,JAYLENE,24,65
26561,2014,FEMALE,WHITE NON HISPANIC,Jacqueline,16,80
26566,2012,FEMALE,ASIAN AND PACI,DAPHNE,11,44
26568,2013,FEMALE,HISPANIC,Erika,11,77
26569,2013,FEMALE,HISPANIC,Danna,36,52
26570,2011,FEMALE,WHITE NON HISPANIC,MADELINE,39,52
26571,2011,FEMALE,HISPANIC,AMAYA,31,57
26572,2012,FEMALE,WHITE NON HISP,CHAVY,14,79
26575,2011,FEMALE,HISPANIC,KRYSTAL,13,75
26577,2014,FEMALE,ASIAN AND PACIFIC ISLANDER,Lina,12,38
26581,2011,FEMALE,WHITE NON HISPANIC,SHIRA,22,69
26583,2011,FEMALE,ASIAN AND PACIFIC ISLANDER,EMMA,75,5
26586,2013,FEMALE,BLACK NON HISPANIC,Sofia,15,42
26588,2012,FEMALE,WHITE NON HISP,DANIELA,10,83
26589,2011,FEMALE,WHITE NON HISPANIC,GITTEL,23,68
26590,2011,FEMALE,ASIAN AND PACIFIC ISLANDER,ANNA,30,19
26591,2011,FEMALE,HISPANIC,VANESSA,42,47
26592,2013,FEMALE,BLACK NON HISPANIC,Makayla,45,13
26593,2013,FEMALE,ASIAN AND PACIFIC ISLANDER,Sofia,29,23
26597,2013,FEMALE,HISPANIC,Jade,44,44
26599,2014,FEMALE,BLACK NON HISPANIC,Amara,12,39
26601,2012,FEMALE,ASIAN AND PACI,MELODY,26,29
26602,2013,FEMALE,WHITE NON HISPANIC,Elise,13,79
26606,2014,FEMALE,ASIAN AND PACIFIC ISLANDER,Elsa,23,27
26607,2011,FEMALE,WHITE NON HISPANIC,RILEY,28,63
26617,2011,FEMALE,ASIAN AND PACIFIC ISLANDER,LILLIAN,16,32
26620,2014,FEMALE,WHITE NON HISPANIC,Thea,11,85
26621,2013,FEMALE,WHITE NON HISPANIC,Sima,12,80
26622,2012,FEMALE,HISPANIC,MAYA,39,50
26631,2013,FEMALE,HISPANIC,Aubrey,33,55
26633,2011,FEMALE,BLACK NON HISPANIC,MADISON,176,1
26637,2014,FEMALE,WHITE NON HISPANIC,Etty,18,78
26638,2013,FEMALE,WHITE NON HISPANIC,Alyssa,19,73
26639,2013,FEMALE,ASIAN AND PACIFIC ISLANDER,Abigail,34,18
26643,2013,FEMALE,BLACK NON HISPANIC,Sydney,21,36
26644,2014,FEMALE,WHITE NON HISPANIC,Talia,49,47
26645,2011,FEMALE,WHITE NON HISPANIC,CHAVY,10,81
26647,2012,FEMALE,WHITE NON HISP,ROSA,15,78
26648,2012,FEMALE,BLACK NON HISP,NYLAH,31,27
26649,2013,FEMALE,HISPANIC,Ashley,132,8
26650,2013,FEMALE,BLACK NON HISPANIC,Kennedy,27,30
26652,2012,FEMALE,WHITE NON HISP,EVELYN,52,43
26655,2013,FEMALE,HISPANIC,Kimberly,69,28
26656,2014,FEMALE,BLACK NON HISPANIC,Sanai,15,36
26658,2012,FEMALE,WHITE NON HISP,SOFIA,100,23
26660,2011,FEMALE,HISPANIC,NATHALIE,26,62
26665,2013,FEMALE,HISPANIC,Bella,59,31
26667,2011,FEMALE,WHITE NON HISPANIC,SHOSHANA,22,69
26670,2014,FEMALE,WHITE NON HISPANIC,Lilly,16,80
26673,2013,FEMALE,BLACK NON HISPANIC,Gabriella,31,26
26674,2011,FEMALE,WHITE NON HISPANIC,MICHELLE,35,56
26675,2013,FEMALE,HISPANIC,Luna,37,51
26680,2013,FEMALE,ASIAN AND PACIFIC ISLANDER,Manha,14,38
26682,2011,FEMALE,HISPANIC,EMMA,114,11
26684,2012,FEMALE,ASIAN AND PACI,AVERY,21,34
26686,2014,FEMALE,BLACK NON HISPANIC,Destiny,28,23
26690,2014,FEMALE,ASIAN AND PACIFIC ISLANDER,Jannat,13,37
26695,2012,FEMALE,WHITE NON HISP,GENEVIEVE,18,75
26698,2012,FEMALE,HISPANIC,ZOEY,31,58
26699,2011,FEMALE,WHITE NON HISPANIC,ADRIANA,29,62
26700,2011,FEMALE,ASIAN AND PACIFIC ISLANDER,JOY,14,34
26701,2013,FEMALE,HISPANIC,Maia,11,77
26703,2011,FEMALE,WHITE NON HISPANIC,EDEN,24,67
26704,2012,FEMALE,WHITE NON HISP,ALEXANDRIA,10,83
26707,2014,FEMALE,ASIAN AND PACIFIC ISLANDER,Joanna,32,18
26709,2014,FEMALE,HISPANIC,Lia,17,66
26717,2011,FEMALE,ASIAN AND PACIFIC ISLANDER,AIZA,10,38
26718,2011,FEMALE,ASIAN AND PACIFIC ISLANDER,ISABEL,12,36
26720,2012,FEMALE,BLACK NON HISP,TIANA,17,40
26721,2013,FEMALE,WHITE NON HISPANIC,Mushka,12,80
26726,2011,FEMALE,WHITE NON HISPANIC,PENELOPE,38,53
26727,2014,FEMALE,BLACK NON HISPANIC,Eliana,23,28
26728,2014,FEMALE,BLACK NON HISPANIC,Tiana,13,38
26733,2013,FEMALE,HISPANIC,Sophie,24,64
26734,2011,FEMALE,HISPANIC,TAYLOR,13,75
26736,2014,FEMALE,HISPANIC,Anna,14,69
26737,2012,FEMALE,WHITE NON HISP,DIANA,20,73
26738,2013,FEMALE,WHITE NON HISPANIC,Abigail,96,22
26739,2012,FEMALE,WHITE NON HISP,POLINA,12,81
26742,2012,FEMALE,WHITE NON HISP,NATALIE,46,47
26747,2011,FEMALE,HISPANIC,AUBREY,25,63
26751,2011,FEMALE,BLACK NON HISPANIC,NYLAH,42,14
26752,2011,FEMALE,WHITE NON HISPANIC,AVERY,52,41
26754,2011,FEMALE,BLACK NON HISPANIC,MARIAM,32,23
26755,2014,FEMALE,BLACK NON HISPANIC,Naomi,32,19
26756,2013,FEMALE,WHITE NON HISPANIC,Siena,13,79
26758,2013,FEMALE,WHITE NON HISPANIC,Leah,179,6
26759,2011,FEMALE,WHITE NON HISPANIC,FAIGA,16,75
26760,2014,FEMALE,WHITE NON HISPANIC,Hadley,19,77
26761,2014,FEMALE,WHITE NON HISPANIC,Jane,25,71
26764,2013,FEMALE,HISPANIC,Maria,49,39
26765,2011,FEMALE,ASIAN AND PACIFIC ISLANDER,LILY,15,33
26766,2011,FEMALE,ASIAN AND PACIFIC ISLANDER,AMANDA,22,26
26767,2012,FEMALE,WHITE NON HISP,VIRGINIA,12,81
26769,2011,FEMALE,HISPANIC,RIHANNA,21,67
26771,2012,FEMALE,ASIAN AND PACI,DIYA,11,44
26772,2011,FEMALE,HISPANIC,CRISTINA,10,78
26776,2012,FEMALE,HISPANIC,SOFIA,165,5
26780,2012,FEMALE,WHITE NON HISP,LIA,19,74
26787,2014,FEMALE,WHITE NON HISPANIC,Aurora,19,77
26789,2013,FEMALE,HISPANIC,Fatima,11,77
26794,2014,FEMALE,HISPANIC,Leilani,18,65
26796,2011,FEMALE,ASIAN AND PACIFIC ISLANDER,ESHAL,11,37
26797,2014,FEMALE,WHITE NON HISPANIC,Emmeline,11,85
26798,2013,FEMALE,ASIAN AND PACIFIC ISLANDER,Vanessa,10,42
26800,2012,FEMALE,WHITE NON HISP,AMELIE,11,82
26802,2011,FEMALE,BLACK NON HISPANIC,FATOUMATA,51,11
26803,2011,FEMALE,HISPANIC,CHARLOTTE,11,77
26805,2014,FEMALE,ASIAN AND PACIFIC ISLANDER,Kelly,14,36
26806,2011,FEMALE,BLACK NON HISPANIC,AICHA,14,41
26808,2011,FEMALE,HISPANIC,ALIYAH,22,66
26810,2012,FEMALE,HISPANIC,KELLY,21,68
26814,2014,FEMALE,WHITE NON HISPANIC,Aviva,14,82
26815,2013,FEMALE,HISPANIC,Isabel,37,51
26819,2014,FEMALE,BLACK NON HISPANIC,Brooke,11,40
26823,2011,FEMALE,ASIAN AND PACIFIC ISLANDER,SOFIA,19,29
26824,2014,FEMALE,ASIAN AND PACIFIC ISLANDER,Joy,11,39
26832,2012,FEMALE,WHITE NON HISP,CAROLINA,10,83
26833,2013,FEMALE,ASIAN AND PACIFIC ISLANDER,Elise,11,41
26836,2014,FEMALE,HISPANIC,Ava,79,25
26839,2014,FEMALE,HISPANIC,Luna,42,44
26841,2012,FEMALE,WHITE NON HISP,AYA,11,82
26849,2012,FEMALE,BLACK NON HISP,OUMOU,13,44
26852,2013,FEMALE,HISPANIC,Isabela,10,78
26857,2011,FEMALE,BLACK NON HISPANIC,HAWA,15,40
26858,2012,FEMALE,WHITE NON HISP,ADDISON,32,61
26859,2014,FEMALE,WHITE NON HISPANIC,Batsheva,32,64
26860,2011,FEMALE,BLACK NON HISPANIC,FATIMA,24,31
26861,2012,FEMALE,WHITE NON HISP,VALERIE,17,76
26862,2011,FEMALE,HISPANIC,SHIRLEY,15,73
26864,2013,FEMALE,ASIAN AND PACIFIC ISLANDER,Ivy,34,18
26865,2014,FEMALE,WHITE NON HISPANIC,Daniella,23,73
26869,2013,FEMALE,WHITE NON HISPANIC,Mindy,24,68
26870,2013,FEMALE,WHITE NON HISPANIC,Amy,14,78
26871,2011,FEMALE,WHITE NON HISPANIC,NICOLETTE,10,81
26875,2011,FEMALE,HISPANIC,INGRID,11,77
26877,2014,FEMALE,WHITE NON HISPANIC,Reizy,10,86
26880,2012,FEMALE,WHITE NON HISP,BRIANNA,24,69
26881,2013,FEMALE,HISPANIC,Laura,13,75
26882,2014,FEMALE,WHITE NON HISPANIC,Sofia,110,17
26883,2012,FEMALE,HISPANIC,YARETZI,48,41
26885,2013,FEMALE,HISPANIC,Haley,11,77
26888,2013,FEMALE,BLACK NON HISPANIC,Maya,22,35
26893,2013,FEMALE,ASIAN AND PACIFIC ISLANDER,Kate,12,40
26897,2011,FEMALE,HISPANIC,MELANIE,109,12
26899,2012,FEMALE,ASIAN AND PACI,ISABELLA,64,6
26901,2014,FEMALE,HISPANIC,Jaylin,14,69
26903,2014,FEMALE,WHITE NON HISPANIC,Addison,22,74
26904,2012,FEMALE,WHITE NON HISP,PESSY,27,66
26905,2014,FEMALE,BLACK NON HISPANIC,Mariama,16,35
26908,2012,FEMALE,HISPANIC,REBECCA,18,71
26911,2013,FEMALE,HISPANIC,Eileen,10,78
26912,2013,FEMALE,HISPANIC,Karla,25,63
26913,2012,FEMALE,BLACK NON HISP,KIARA,13,44
26914,2013,FEMALE,ASIAN AND PACIFIC ISLANDER,Angel,18,34
26915,2011,FEMALE,HISPANIC,KIARA,36,53
26916,2012,FEMALE,HISPANIC,MIA,207,3
26918,2013,FEMALE,WHITE NON HISPANIC,Suri,13,79
26919,2013,FEMALE,BLACK NON HISPANIC,Kaitlyn,12,45
26920,2012,FEMALE,HISPANIC,CAMILA,161,6
26921,2013,FEMALE,BLACK NON HISPANIC,Nadia,10,47
26925,2013,FEMALE,ASIAN AND PACIFIC ISLANDER,Celine,17,35
26927,2011,FEMALE,HISPANIC,RAQUEL,11,77
26928,2013,FEMALE,WHITE NON HISPANIC,Olive,19,73
26930,2012,FEMALE,HISPANIC,LESLY,15,74
26931,2012,FEMALE,HISPANIC,MIAH,11,78
26932,2011,FEMALE,HISPANIC,AALIYAH,63,30
26935,2014,FEMALE,WHITE NON HISPANIC,Tziporah,12,84
26937,2011,FEMALE,WHITE NON HISPANIC,SURY,20,71
26940,2014,FEMALE,HISPANIC,Eva,33,50
26943,2014,FEMALE,HISPANIC,Nashla,19,64
26945,2014,FEMALE,WHITE NON HISPANIC,Avital,10,86
26946,2011,FEMALE,HISPANIC,JULIET,20,68
26952,2013,FEMALE,ASIAN AND PACIFIC ISLANDER,Claire,33,19
26953,2014,FEMALE,WHITE NON HISPANIC,Mikayla,15,81
26954,2012,FEMALE,HISPANIC,LESLIE,34,55
26957,2012,FEMALE,HISPANIC,ANAIS,10,79
26958,2014,FEMALE,WHITE NON HISPANIC,Sarah,185,7
26959,2013,FEMALE,BLACK NON HISPANIC,Talia,16,41
26960,2013,FEMALE,BLACK NON HISPANIC,Skylah,14,43
26962,2012,FEMALE,ASIAN AND PACI,LINDA,17,38
26967,2013,FEMALE,ASIAN AND PACIFIC ISLANDER,Jessie,10,42
26968,2012,FEMALE,BLACK NON HISP,AICHA,14,43
26972,2013,FEMALE,BLACK NON HISPANIC,Ariana,23,34
26974,2013,FEMALE,BLACK NON HISPANIC,Bria,11,46
26975,2012,FEMALE,HISPANIC,JAYLEEN,36,53
26976,2013,FEMALE,BLACK NON HISPANIC,Anaya,19,38
26977,2014,FEMALE,WHITE NON HISPANIC,Nechama,30,66
26978,2011,FEMALE,WHITE NON HISPANIC,TZIPPY,10,81
26980,2014,FEMALE,WHITE NON HISPANIC,Ariana,41,55
26981,2014,FEMALE,BLACK NON HISPANIC,Paige,28,23
26983,2011,FEMALE,BLACK NON HISPANIC,ANIYA,19,36
26984,2014,FEMALE,BLACK NON HISPANIC,Gianna,14,37
26985,2014,FEMALE,WHITE NON HISPANIC,Yasmina,11,85
26986,2014,FEMALE,ASIAN AND PACIFIC ISLANDER,Angelina,38,12
26988,2014,FEMALE,WHITE NON HISPANIC,Bridget,11,85
26989,2014,FEMALE,HISPANIC,Faith,32,51
26992,2014,FEMALE,BLACK NON HISPANIC,Kelsey,14,37
26993,2013,FEMALE,WHITE NON HISPANIC,Fatima,10,82
26994,2014,FEMALE,WHITE NON HISPANIC,Linda,10,86
26995,2014,FEMALE,HISPANIC,Melina,18,65
26996,2014,FEMALE,WHITE NON HISPANIC,Ivy,20,76
26998,2013,FEMALE,BLACK NON HISPANIC,Brianna,24,33
27001,2011,FEMALE,WHITE NON HISPANIC,MARIAM,17,74
27002,2013,FEMALE,HISPANIC,Hailey,94,18
27003,2013,FEMALE,WHITE NON HISPANIC,Esther,214,3
27005,2013,FEMALE,HISPANIC,Daisy,23,65
27006,2011,FEMALE,WHITE NON HISPANIC,ANNA,85,25
27012,2011,FEMALE,HISPANIC,RILEY,12,76
27013,2011,FEMALE,HISPANIC,EILEEN,14,74
27014,2013,FEMALE,WHITE NON HISPANIC,Simone,20,72
27015,2012,FEMALE,BLACK NON HISP,GIANNA,17,40
27016,2014,FEMALE,BLACK NON HISPANIC,Chanel,11,40
27017,2011,FEMALE,WHITE NON HISPANIC,COLETTE,14,77
27018,2013,FEMALE,WHITE NON HISPANIC,Grace,65,33
27019,2011,FEMALE,WHITE NON HISPANIC,MICHAL,16,75
27020,2011,FEMALE,BLACK NON HISPANIC,NAOMI,34,21
27021,2013,FEMALE,WHITE NON HISPANIC,Cora,22,70
27022,2013,FEMALE,BLACK NON HISPANIC,Aria,14,43
27028,2011,FEMALE,WHITE NON HISPANIC,SYDNEY,35,56
27030,2012,FEMALE,WHITE NON HISP,HADLEY,13,80
27032,2013,FEMALE,HISPANIC,Amy,82,23
27033,2014,FEMALE,WHITE NON HISPANIC,Arianna,31,65
27035,2012,FEMALE,HISPANIC,APRIL,15,74
27041,2014,FEMALE,WHITE NON HISPANIC,Frances,22,74
27042,2014,FEMALE,WHITE NON HISPANIC,Malak,14,82
27043,2013,FEMALE,BLACK NON HISPANIC,Emily,33,24
27048,2012,FEMALE,HISPANIC,KHLOE,50,39
27050,2011,FEMALE,HISPANIC,HEIDI,15,73
27051,2013,FEMALE,WHITE NON HISPANIC,Leyla,11,81
27052,2012,FEMALE,BLACK NON HISP,PRINCESS,11,46
27053,2012,FEMALE,HISPANIC,NAOMI,35,54
27057,2011,FEMALE,BLACK NON HISPANIC,KYLA,12,43
27060,2014,FEMALE,WHITE NON HISPANIC,Eve,18,78
27063,2013,FEMALE,WHITE NON HISPANIC,Miriam,160,9
27064,2014,FEMALE,HISPANIC,Kiara,34,49
27066,2014,FEMALE,BLACK NON HISPANIC,Ava,78,2
27068,2011,FEMALE,WHITE NON HISPANIC,MALKY,59,38
27070,2014,FEMALE,WHITE NON HISPANIC,Leora,10,86
27073,2012,FEMALE,HISPANIC,EVANGELINE,10,79
27074,2011,FEMALE,HISPANIC,JAZMINE,14,74
27076,2014,FEMALE,WHITE NON HISPANIC,Lillian,40,56
27079,2014,FEMALE,WHITE NON HISPANIC,Suri,13,83
27080,2012,FEMALE,BLACK NON HISP,AMELIA,16,41
27081,2012,FEMALE,HISPANIC,ARIEL,16,73
27082,2014,FEMALE,ASIAN AND PACIFIC ISLANDER,Serena,24,26
27083,2014,FEMALE,HISPANIC,Kailey,13,70
27084,2011,FEMALE,HISPANIC,LEAH,123,9
27085,2014,FEMALE,HISPANIC,Amaya,27,56
27086,2012,FEMALE,HISPANIC,ALEJANDRA,14,75
27087,2012,FEMALE,HISPANIC,RUTH,13,76
27088,2013,FEMALE,BLACK NON HISPANIC,Amiyah,18,39
27089,2013,FEMALE,HISPANIC,Miley,13,75
27090,2013,FEMALE,WHITE NON HISPANIC,Danielle,22,70
27094,2013,FEMALE,HISPANIC,Annabella,18,70
27097,2012,FEMALE,ASIAN AND PACI,CATHERINE,26,29
27098,2011,FEMALE,ASIAN AND PACIFIC ISLANDER,STELLA,11,37
27102,2013,FEMALE,WHITE NON HISPANIC,Willa,18,74
27103,2012,FEMALE,WHITE NON HISP,RUTH,17,76
27105,2012,FEMALE,BLACK NON HISP,ISABELLA,43,16
27106,2012,FEMALE,WHITE NON HISP,ROSIE,10,83
27107,2013,FEMALE,WHITE NON HISPANIC,Lola,20,72
27109,2012,FEMALE,BLACK NON HISP,AALIYAH,55,10
27112,2011,FEMALE,BLACK NON HISPANIC,MYA,32,23
27114,2013,FEMALE,WHITE NON HISPANIC,Fiona,51,43
27115,2012,FEMALE,ASIAN AND PACI,HAZEL,10,45
27118,2011,FEMALE,WHITE NON HISPANIC,NAOMI,46,46
27119,2012,FEMALE,ASIAN AND PACI,JUDY,10,45
27121,2014,FEMALE,BLACK NON HISPANIC,Skylah,24,27
27123,2014,FEMALE,ASIAN AND PACIFIC ISLANDER,Cindy,25,25
27125,2012,FEMALE,ASIAN AND PACI,ALYSSA,18,37
27127,2014,FEMALE,ASIAN AND PACIFIC ISLANDER,Catherine,19,31
27128,2013,FEMALE,WHITE NON HISPANIC,Amelie,15,77
27129,2012,FEMALE,BLACK NON HISP,MICHELLE,14,43
27132,2012,FEMALE,WHITE NON HISP,ELLIE,23,70
27133,2012,FEMALE,WHITE NON HISP,JOANNA,11,82
27134,2014,FEMALE,WHITE NON HISPANIC,Esme,14,82
27136,2012,FEMALE,BLACK NON HISP,ERIN,11,46
27138,2013,FEMALE,ASIAN AND PACIFIC ISLANDER,Elizabeth,24,28
27140,2014,FEMALE,BLACK NON HISPANIC,Egypt,11,40
27142,2013,FEMALE,HISPANIC,Natalia,32,56
27143,2012,FEMALE,ASIAN AND PACI,KATIE,12,43
27144,2013,FEMALE,HISPANIC,Tiffany,18,70
27147,2012,FEMALE,ASIAN AND PACI,ANNIE,25,30
27148,2013,FEMALE,BLACK NON HISPANIC,Angel,13,44
27150,2012,FEMALE,WHITE NON HISP,LIVIA,14,79
27153,2012,FEMALE,BLACK NON HISP,SKYE,13,44
27155,2013,FEMALE,WHITE NON HISPANIC,Ashley,13,79
27156,2014,FEMALE,BLACK NON HISPANIC,Jayda,13,38
27158,2014,FEMALE,WHITE NON HISPANIC,Dylan,33,63
27159,2013,FEMALE,WHITE NON HISPANIC,Phoebe,24,68
27161,2013,FEMALE,ASIAN AND PACIFIC ISLANDER,Olivia,109,3
27163,2013,FEMALE,HISPANIC,Liana,14,74
27165,2014,FEMALE,HISPANIC,Luciana,18,65
27166,2013,FEMALE,WHITE NON HISPANIC,Kylie,16,76
27168,2014,FEMALE,HISPANIC,Skylar,25,58
27169,2012,FEMALE,WHITE NON HISP,ISABELLA,123,16
27170,2012,FEMALE,BLACK NON HISP,MEGAN,11,46
27171,2011,FEMALE,BLACK NON HISPANIC,ARIEL,32,23
27172,2012,FEMALE,BLACK NON HISP,SAMANTHA,18,39
27175,2014,FEMALE,HISPANIC,Michelle,44,42
27176,2011,FEMALE,ASIAN AND PACIFIC ISLANDER,MARYAM,17,31
27178,2014,FEMALE,BLACK NON HISPANIC,Sophia,36,16
27179,2012,FEMALE,ASIAN AND PACI,EVA,28,27
27181,2013,FEMALE,WHITE NON HISPANIC,Eloise,28,64
27182,2014,FEMALE,HISPANIC,Kaitlyn,25,58
27183,2014,FEMALE,ASIAN AND PACIFIC ISLANDER,Ava,35,15
27184,2013,FEMALE,HISPANIC,Cataleya,11,77
27185,2013,FEMALE,HISPANIC,Valery,15,73
27186,2014,FEMALE,HISPANIC,Angeline,12,71
27187,2014,FEMALE,WHITE NON HISPANIC,Emma,205,5
27188,2012,FEMALE,WHITE NON HISP,AHUVA,15,78
27191,2012,FEMALE,ASIAN AND PACI,MICHELLE,48,11
27192,2013,FEMALE,HISPANIC,Kailey,18,70
27194,2011,FEMALE,BLACK NON HISPANIC,SAMARA,11,44
27195,2011,FEMALE,BLACK NON HISPANIC,AMIRAH,22,33
27196,2013,FEMALE,WHITE NON HISPANIC,Veronica,20,72
27200,2012,FEMALE,HISPANIC,ELLA,19,70
27203,2013,FEMALE,WHITE NON HISPANIC,Clara,30,62
27206,2012,FEMALE,ASIAN AND PACI,ZARA,17,38
27207,2013,FEMALE,WHITE NON HISPANIC,Skylar,21,71
27208,2012,FEMALE,WHITE NON HISP,MIA,136,13
27210,2011,FEMALE,ASIAN AND PACIFIC ISLANDER,KAYLEE,20,28
27211,2014,FEMALE,HISPANIC,Selena,14,69
27213,2013,FEMALE,WHITE NON HISPANIC,Eleanor,46,47
27215,2011,FEMALE,HISPANIC,MAKAYLA,32,56
27217,2011,FEMALE,HISPANIC,HAILEY,126,8
27218,2013,FEMALE,BLACK NON HISPANIC,Jasmine,33,24
27219,2013,FEMALE,HISPANIC,Arianna,76,27
27221,2013,FEMALE,WHITE NON HISPANIC,Helena,18,74
27222,2012,FEMALE,HISPANIC,MYA,33,56
27225,2014,FEMALE,BLACK NON HISPANIC,Lailah,10,41
27227,2012,FEMALE,ASIAN AND PACI,IRIS,21,34
27228,2012,FEMALE,ASIAN AND PACI,ERICA,23,32
27233,2011,FEMALE,BLACK NON HISPANIC,TORI,16,39
27235,2014,FEMALE,HISPANIC,Eileen,11,72
27241,2014,FEMALE,HISPANIC,Nathaly,19,64
27242,2012,FEMALE,HISPANIC,JACQUELINE,30,59
27245,2011,FEMALE,ASIAN AND PACIFIC ISLANDER,IRIS,26,22
27248,2012,FEMALE,HISPANIC,EILEEN,11,78
27253,2011,FEMALE,WHITE NON HISPANIC,LENA,29,62
27254,2011,FEMALE,HISPANIC,GUADALUPE,26,62
27255,2013,FEMALE,WHITE NON HISPANIC,Tessa,12,80
27258,2012,FEMALE,HISPANIC,CYNTHIA,12,77
27259,2014,FEMALE,ASIAN AND PACIFIC ISLANDER,Raina,10,40
27260,2011,FEMALE,WHITE NON HISPANIC,ROCHEL,22,69
27270,2011,FEMALE,HISPANIC,ISABEL,28,60
27275,2013,FEMALE,BLACK NON HISPANIC,Saniyah,11,46
27277,2013,FEMALE,WHITE NON HISPANIC,Isabelle,21,71
27281,2014,FEMALE,HISPANIC,Katie,12,71
27283,2013,FEMALE,BLACK NON HISPANIC,Payton,17,40
27285,2011,FEMALE,HISPANIC,VALENTINA,85,19
27287,2013,FEMALE,WHITE NON HISPANIC,Savannah,18,74
27288,2013,FEMALE,BLACK NON HISPANIC,Chloe,68,5
27289,2013,FEMALE,ASIAN AND PACIFIC ISLANDER,Zainab,24,28
27291,2014,FEMALE,HISPANIC,Sarah,39,47
27293,2013,FEMALE,WHITE NON HISPANIC,Ellie,20,72
27297,2014,FEMALE,BLACK NON HISPANIC,Zoey,32,19
27298,2012,FEMALE,HISPANIC,CHLOE,57,34
27305,2012,FEMALE,BLACK NON HISP,MIKAYLA,17,40
27306,2012,FEMALE,WHITE NON HISP,SHAINA,14,79
27307,2011,FEMALE,ASIAN AND PACIFIC ISLANDER,CHARLOTTE,14,34
27308,2013,FEMALE,ASIAN AND PACIFIC ISLANDER,Natalie,25,27
27311,2014,FEMALE,HISPANIC,Avery,28,55
27312,2012,FEMALE,WHITE NON HISP,RUCHY,22,71
27313,2012,FEMALE,HISPANIC,HAYLEE,10,79
27320,2011,FEMALE,HISPANIC,MADISON,122,10
27321,2013,FEMALE,WHITE NON HISPANIC,Alexa,53,42
27325,2013,FEMALE,HISPANIC,Miriam,11,77
27327,2011,FEMALE,WHITE NON HISPANIC,SHAINDY,48,44
27329,2014,FEMALE,BLACK NON HISPANIC,Genesis,20,31
27330,2013,FEMALE,WHITE NON HISPANIC,Daphne,17,75
27331,2014,FEMALE,WHITE NON HISPANIC,Gemma,17,79
27332,2011,FEMALE,WHITE NON HISPANIC,GABRIELA,19,72
27333,2014,FEMALE,ASIAN AND PACIFIC ISLANDER,Gia,11,39
27335,2014,FEMALE,BLACK NON HISPANIC,Zuri,21,30
27339,2012,FEMALE,HISPANIC,DANIELLA,21,68
27344,2012,FEMALE,HISPANIC,JADE,57,34
27345,2011,FEMALE,HISPANIC,ALEXA,55,36
27346,2011,FEMALE,WHITE NON HISPANIC,SIMI,10,81
27350,2013,FEMALE,BLACK NON HISPANIC,Jessica,10,47
27352,2011,FEMALE,WHITE NON HISPANIC,TESSA,14,77
27356,2011,FEMALE,HISPANIC,OLIVIA,86,18
27359,2012,FEMALE,HISPANIC,SUMMER,13,76
27360,2011,FEMALE,WHITE NON HISPANIC,MINDY,24,67
27361,2011,FEMALE,BLACK NON HISPANIC,AMBER,18,37
27362,2012,FEMALE,ASIAN AND PACI,SELINA,41,16
27363,2014,FEMALE,WHITE NON HISPANIC,Rowan,10,86
27366,2012,FEMALE,HISPANIC,ALEXANDRA,41,48
27368,2011,FEMALE,HISPANIC,JIMENA,11,77
27370,2012,FEMALE,WHITE NON HISP,LAYLA,43,50
27378,2012,FEMALE,HISPANIC,KATIE,13,76
27379,2012,FEMALE,HISPANIC,CATHERINE,15,74
27383,2012,FEMALE,ASIAN AND PACI,VIOLET,10,45
27384,2014,FEMALE,ASIAN AND PACIFIC ISLANDER,Sharon,16,34
27385,2012,FEMALE,HISPANIC,KAREN,28,61
27386,2011,FEMALE,WHITE NON HISPANIC,NATALIA,20,71
27387,2014,FEMALE,ASIAN AND PACIFIC ISLANDER,Alexandra,11,39
27388,2013,FEMALE,WHITE NON HISPANIC,Adriana,20,72
27389,2013,FEMALE,WHITE NON HISPANIC,Evelyn,56,39
27390,2014,FEMALE,ASIAN AND PACIFIC ISLANDER,Isabelle,23,27
27391,2012,FEMALE,HISPANIC,ELIZABETH,69,25
27394,2013,FEMALE,BLACK NON HISPANIC,Jade,28,29
27395,2013,FEMALE,BLACK NON HISPANIC,Zaniyah,12,45
27397,2014,FEMALE,ASIAN AND PACIFIC ISLANDER,Fatima,23,27
27398,2011,FEMALE,WHITE NON HISPANIC,MICHAELA,15,76
27401,2011,FEMALE,HISPANIC,FATIMA,12,76
27402,2011,FEMALE,HISPANIC,ANGELIQUE,30,58
27403,2013,FEMALE,HISPANIC,Skylar,15,73
27405,2013,FEMALE,HISPANIC,Athena,17,71
27406,2014,FEMALE,WHITE NON HISPANIC,Chany,33,63
27407,2011,FEMALE,HISPANIC,DELILAH,29,59
27408,2014,FEMALE,HISPANIC,Esmeralda,19,64
27411,2011,FEMALE,HISPANIC,KAYLA,62,31
27413,2011,FEMALE,HISPANIC,STACY,10,78
27414,2013,FEMALE,HISPANIC,Jayla,21,67
27415,2012,FEMALE,WHITE NON HISP,MIREL,14,79
27416,2012,FEMALE,WHITE NON HISP,ZOEY,25,68
27419,2012,FEMALE,HISPANIC,JASMINE,30,59
27421,2011,FEMALE,HISPANIC,GABRIELA,78,22
27423,2014,FEMALE,WHITE NON HISPANIC,Audrey,33,63
27425,2013,FEMALE,HISPANIC,Rebecca,11,77
27426,2012,FEMALE,ASIAN AND PACI,CONNIE,15,40
27428,2012,FEMALE,ASIAN AND PACI,KAITLYN,20,35
27431,2012,FEMALE,HISPANIC,JASMIN,10,79
27433,2013,FEMALE,WHITE NON HISPANIC,Rachel,176,7
27435,2012,FEMALE,ASIAN AND PACI,ANGELA,52,7
27437,2012,FEMALE,WHITE NON HISP,LILLY,19,74
27438,2013,FEMALE,BLACK NON HISPANIC,Saige,11,46
27444,2014,FEMALE,WHITE NON HISPANIC,Livia,13,83
27446,2011,FEMALE,WHITE NON HISPANIC,GENEVIEVE,12,79
27450,2012,FEMALE,ASIAN AND PACI,NICOLE,32,23
27451,2011,FEMALE,WHITE NON HISPANIC,JENNA,22,69
27452,2011,FEMALE,ASIAN AND PACIFIC ISLANDER,JESSICA,26,22
27454,2013,FEMALE,ASIAN AND PACIFIC ISLANDER,Maggie,23,29
27456,2014,FEMALE,HISPANIC,Hailey,92,18
27459,2014,FEMALE,HISPANIC,Salome,11,72
27465,2011,FEMALE,WHITE NON HISPANIC,ZISSY,25,66
27466,2012,FEMALE,ASIAN AND PACI,ANISHA,14,41
27467,2012,FEMALE,HISPANIC,BRITTANY,21,68
27470,2012,FEMALE,HISPANIC,KATHERINE,37,52
27474,2013,FEMALE,ASIAN AND PACIFIC ISLANDER,Katherine,30,22
27478,2012,FEMALE,HISPANIC,MCKENZIE,13,76
27481,2014,FEMALE,WHITE NON HISPANIC,Esty,22,74
27484,2013,FEMALE,HISPANIC,Kate,11,77
27486,2013,FEMALE,WHITE NON HISPANIC,Scarlett,48,45
27488,2013,FEMALE,ASIAN AND PACIFIC ISLANDER,Elina,12,40
27490,2011,FEMALE,WHITE NON HISPANIC,ALESSIA,14,77
27492,2014,FEMALE,ASIAN AND PACIFIC ISLANDER,Hana,12,38
27494,2013,FEMALE,BLACK NON HISPANIC,Leila,17,40
27497,2012,FEMALE,ASIAN AND PACI,ANNA,39,18
27502,2011,FEMALE,ASIAN AND PACIFIC ISLANDER,JULIA,24,24
27504,2013,FEMALE,BLACK NON HISPANIC,Avery,12,45
27505,2011,FEMALE,WHITE NON HISPANIC,MADELYN,15,76
27507,2011,FEMALE,ASIAN AND PACIFIC ISLANDER,HANNAH,23,25
27511,2013,FEMALE,ASIAN AND PACIFIC ISLANDER,Christina,14,38
27512,2014,FEMALE,WHITE NON HISPANIC,Angelina,46,50
27513,2014,FEMALE,WHITE NON HISPANIC,Lilian,10,86
27514,2013,FEMALE,BLACK NON HISPANIC,Aissatou,14,43
27515,2013,FEMALE,HISPANIC,Madelyn,17,71
27516,2011,FEMALE,HISPANIC,KELLY,41,48
27519,2013,FEMALE,BLACK NON HISPANIC,Taylor,57,7
27521,2013,FEMALE,BLACK NON HISPANIC,Elizabeth,23,34
27523,2014,FEMALE,ASIAN AND PACIFIC ISLANDER,Miranda,14,36
27525,2012,FEMALE,WHITE NON HISP,NECHAMA,25,68
27526,2014,FEMALE,HISPANIC,Marilyn,13,70
27528,2014,FEMALE,HISPANIC,Cecilia,10,73
27530,2013,FEMALE,ASIAN AND PACIFIC ISLANDER,Zoya,16,36
27531,2014,FEMALE,HISPANIC,Alexandra,31,52
27532,2012,FEMALE,WHITE NON HISP,WILLA,17,76
27533,2014,FEMALE,WHITE NON HISPANIC,Parker,17,79
27534,2011,FEMALE,WHITE NON HISPANIC,ATARA,10,81
27535,2013,FEMALE,HISPANIC,Makayla,19,69
27537,2012,FEMALE,HISPANIC,LIA,30,59
27539,2012,FEMALE,WHITE NON HISP,ADRIANA,43,50
27540,2012,FEMALE,BLACK NON HISP,SANAI,19,38
27542,2012,FEMALE,WHITE NON HISP,AMELIA,86,28
27543,2012,FEMALE,WHITE NON HISP,NAOMI,30,63
27545,2014,FEMALE,HISPANIC,Paige,14,69
27547,2012,FEMALE,BLACK NON HISP,KELSEY,16,41
27549,2014,FEMALE,ASIAN AND PACIFIC ISLANDER,Noor,13,37
27550,2011,FEMALE,HISPANIC,LONDON,27,61
27557,2012,FEMALE,HISPANIC,ANA,38,51
27559,2014,FEMALE,HISPANIC,Bianca,22,61
27560,2014,FEMALE,HISPANIC,Ivanna,11,72
27562,2011,FEMALE,BLACK NON HISPANIC,FAITH,46,12
27563,2011,FEMALE,BLACK NON HISPANIC,NAHLA,13,42
27565,2013,FEMALE,WHITE NON HISPANIC,Edith,12,80
27566,2012,FEMALE,WHITE NON HISP,JULIETTE,25,68
27568,2013,FEMALE,WHITE NON HISPANIC,Louisa,14,78
27569,2011,FEMALE,HISPANIC,KARLA,25,63
27571,2014,FEMALE,WHITE NON HISPANIC,Elena,27,69
27572,2013,FEMALE,WHITE NON HISPANIC,Alexis,25,67
27575,2012,FEMALE,HISPANIC,SOPHIA,236,2
27576,2011,FEMALE,ASIAN AND PACIFIC ISLANDER,KELLY,22,26
27577,2011,FEMALE,HISPANIC,MADELINE,15,73
27579,2012,FEMALE,BLACK NON HISP,MACKENZIE,20,37
27581,2012,FEMALE,ASIAN AND PACI,ELAINE,21,34
27584,2012,FEMALE,HISPANIC,GABRIELLA,79,21
27588,2013,FEMALE,BLACK NON HISPANIC,Tiana,10,47
27590,2011,FEMALE,ASIAN AND PACIFIC ISLANDER,ALIYAH,12,36
27592,2012,FEMALE,WHITE NON HISP,YITTY,43,50
27596,2013,FEMALE,ASIAN AND PACIFIC ISLANDER,Hannah,46,12
27597,2014,FEMALE,ASIAN AND PACIFIC ISLANDER,Grace,64,7
27598,2014,FEMALE,HISPANIC,Ana,33,50
27599,2012,FEMALE,WHITE NON HISP,LILLIAN,43,50
27601,2014,FEMALE,ASIAN AND PACIFIC ISLANDER,Scarlett,19,31
27604,2012,FEMALE,HISPANIC,ADRIANA,59,32
27606,2014,FEMALE,ASIAN AND PACIFIC ISLANDER,Katelyn,12,38
27608,2014,FEMALE,WHITE NON HISPANIC,Golda,18,78
27611,2014,FEMALE,BLACK NON HISPANIC,Fatima,32,19
27615,2012,FEMALE,WHITE NON HISP,JUDY,13,80
27617,2012,FEMALE,WHITE NON HISP,BREINDY,12,81
27618,2014,FEMALE,ASIAN AND PACIFIC ISLANDER,Cecilia,10,40
27619,2011,FEMALE,HISPANIC,ISABELLE,18,70
27620,2011,FEMALE,HISPANIC,JULIA,22,66
27621,2014,FEMALE,ASIAN AND PACIFIC ISLANDER,Queenie,17,33
27623,2011,FEMALE,HISPANIC,KAYLEE,83,20
27625,2014,FEMALE,ASIAN AND PACIFIC ISLANDER,Inaaya,11,39
27627,2014,FEMALE,ASIAN AND PACIFIC ISLANDER,Jessica,35,15
27630,2011,FEMALE,ASIAN AND PACIFIC ISLANDER,CATHERINE,27,21
27631,2013,FEMALE,WHITE NON HISPANIC,Mary,22,70
27634,2013,FEMALE,ASIAN AND PACIFIC ISLANDER,Julia,15,37
27635,2012,FEMALE,BLACK NON HISP,NYLA,47,14
27644,2014,FEMALE,ASIAN AND PACIFIC ISLANDER,Aarya,10,40
27646,2014,FEMALE,HISPANIC,Kaylin,12,71
27655,2011,FEMALE,WHITE NON HISPANIC,SARAH,177,6
27656,2011,FEMALE,HISPANIC,MIA,229,2
27659,2012,FEMALE,WHITE NON HISP,HANA,13,80
27660,2014,FEMALE,WHITE NON HISPANIC,Yasmine,12,84
27663,2014,FEMALE,BLACK NON HISPANIC,Hope,11,40
27664,2013,FEMALE,WHITE NON HISPANIC,Zelda,11,81
27668,2013,FEMALE,HISPANIC,Julissa,19,69
27671,2012,FEMALE,ASIAN AND PACI,ELENA,11,44
27673,2013,FEMALE,WHITE NON HISPANIC,Alice,55,40
27674,2013,FEMALE,BLACK NON HISPANIC,Oumou,27,30
27675,2012,FEMALE,ASIAN AND PACI,ALLISON,16,39
27676,2012,FEMALE,HISPANIC,TATIANA,14,75
27677,2014,FEMALE,HISPANIC,Alexa,71,30
27679,2011,FEMALE,HISPANIC,ALLISON,90,16
27681,2011,FEMALE,HISPANIC,DESTINY,34,54
27683,2012,FEMALE,WHITE NON HISP,SARA,133,14
27684,2011,FEMALE,WHITE NON HISPANIC,JULIETTE,23,68
27687,2013,FEMALE,BLACK NON HISPANIC,Abigail,48,11
27690,2014,FEMALE,ASIAN AND PACIFIC ISLANDER,Luna,10,40
27691,2011,FEMALE,ASIAN AND PACIFIC ISLANDER,ARIA,12,36
27692,2014,FEMALE,WHITE NON HISPANIC,Yides,26,70
27693,2013,FEMALE,BLACK NON HISPANIC,Londyn,20,37
27694,2011,FEMALE,HISPANIC,HANNAH,17,71
27700,2012,FEMALE,WHITE NON HISP,LAILA,19,74
27701,2011,FEMALE,HISPANIC,BRENDA,17,71
27702,2014,FEMALE,WHITE NON HISPANIC,Annabelle,26,70
27703,2013,FEMALE,ASIAN AND PACIFIC ISLANDER,Victoria,36,16
27704,2012,FEMALE,BLACK NON HISP,ZOEY,22,35
27706,2014,FEMALE,HISPANIC,Alice,19,64
27707,2013,FEMALE,HISPANIC,Paris,11,77
27709,2014,FEMALE,WHITE NON HISPANIC,Devora,23,73
27710,2012,FEMALE,WHITE NON HISP,MARIAM,20,73
27711,2011,FEMALE,HISPANIC,FERNANDA,14,74
27716,2013,FEMALE,WHITE NON HISPANIC,Perl,13,79
27719,2012,FEMALE,ASIAN AND PACI,ABBY,11,44
27720,2011,FEMALE,WHITE NON HISPANIC,ELLIANA,11,80
27722,2012,FEMALE,HISPANIC,ALLYSON,18,71
27723,2014,FEMALE,WHITE NON HISPANIC,Kira,13,83
27725,2011,FEMALE,WHITE NON HISPANIC,SURI,14,77
27730,2014,FEMALE,HISPANIC,Laila,24,59
27737,2014,FEMALE,HISPANIC,Guadalupe,29,54
27738,2014,FEMALE,BLACK NON HISPANIC,Mila,11,40
27742,2013,FEMALE,ASIAN AND PACIFIC ISLANDER,Amanda,11,41
27743,2012,FEMALE,BLACK NON HISP,ANIYAH,30,28
27747,2012,FEMALE,WHITE NON HISP,EDEN,26,67
27749,2014,FEMALE,HISPANIC,Sabrina,18,65
27751,2013,FEMALE,WHITE NON HISPANIC,Isabella,143,11
27756,2011,FEMALE,WHITE NON HISPANIC,EMMA,213,2
27757,2014,FEMALE,WHITE NON HISPANIC,Mindy,29,67
27759,2013,FEMALE,HISPANIC,Catherine,10,78
27761,2014,FEMALE,ASIAN AND PACIFIC ISLANDER,Stella,19,31
27764,2012,FEMALE,WHITE NON HISP,YITTA,12,81
27768,2013,FEMALE,HISPANIC,Nathaly,16,72
27769,2013,FEMALE,WHITE NON HISPANIC,Madelyn,20,72
27770,2014,FEMALE,BLACK NON HISPANIC,Isabelle,20,31
27771,2012,FEMALE,WHITE NON HISP,TESSA,11,82
27775,2011,FEMALE,BLACK NON HISPANIC,ARIANNA,38,17
27780,2011,FEMALE,WHITE NON HISPANIC,SHAINDEL,15,76
27785,2013,FEMALE,BLACK NON HISPANIC,Amira,14,43
27788,2011,FEMALE,HISPANIC,JAYLYN,10,78
27789,2011,FEMALE,HISPANIC,ANNABELLE,13,75
27791,2013,FEMALE,WHITE NON HISPANIC,Laila,18,74
27794,2012,FEMALE,BLACK NON HISP,LAUREN,32,26
27797,2014,FEMALE,ASIAN AND PACIFIC ISLANDER,Doris,10,40
27800,2012,FEMALE,HISPANIC,LAILA,30,59
27801,2014,FEMALE,BLACK NON HISPANIC,Melanie,11,40
27802,2011,FEMALE,ASIAN AND PACIFIC ISLANDER,VICKY,32,17
27808,2013,FEMALE,BLACK NON HISPANIC,Melody,12,45
27809,2012,FEMALE,WHITE NON HISP,AMANDA,17,76
27810,2012,FEMALE,BLACK NON HISP,PAIGE,25,32
27811,2014,FEMALE,HISPANIC,Monica,12,71
27812,2012,FEMALE,BLACK NON HISP,MIRACLE,18,39
27814,2014,FEMALE,BLACK NON HISPANIC,Adrianna,11,40
27816,2014,FEMALE,WHITE NON HISPANIC,Hadassah,13,83
27817,2013,FEMALE,BLACK NON HISPANIC,Isis,11,46
27819,2011,FEMALE,BLACK NON HISPANIC,ARIA,13,42
27823,2013,FEMALE,WHITE NON HISPANIC,Yasmin,14,78
27824,2012,FEMALE,HISPANIC,ADRIANNA,20,69
27826,2012,FEMALE,HISPANIC,JAZMIN,15,74
27829,2011,FEMALE,HISPANIC,ANALIA,17,71
27830,2011,FEMALE,WHITE NON HISPANIC,MILENA,13,78
27831,2012,FEMALE,BLACK NON HISP,HARMONY,22,35
27832,2013,FEMALE,ASIAN AND PACIFIC ISLANDER,Emily,92,4
27833,2012,FEMALE,BLACK NON HISP,CHRISTINA,14,43
27836,2011,FEMALE,WHITE NON HISPANIC,GEORGIA,26,65
27837,2012,FEMALE,ASIAN AND PACI,ELLIE,17,38
27840,2013,FEMALE,BLACK NON HISPANIC,Sanaa,14,43
27842,2011,FEMALE,HISPANIC,BRITTANY,22,66
27846,2012,FEMALE,HISPANIC,KYLIE,35,54
27847,2011,FEMALE,WHITE NON HISPANIC,LIBBY,23,68
27848,2012,FEMALE,BLACK NON HISP,SARAH,29,29
27850,2014,FEMALE,WHITE NON HISPANIC,Alma,11,85
27851,2014,FEMALE,BLACK NON HISPANIC,Cali,17,34
27853,2011,FEMALE,WHITE NON HISPANIC,CORA,10,81
27854,2012,FEMALE,ASIAN AND PACI,ISABELLE,17,38
27856,2013,FEMALE,HISPANIC,Alma,10,78
27857,2012,FEMALE,WHITE NON HISP,RIFKY,14,79
27859,2012,FEMALE,ASIAN AND PACI,MILA,14,41
27860,2012,FEMALE,ASIAN AND PACI,TIFFANY,42,15
27862,2012,FEMALE,ASIAN AND PACI,AMANDA,22,33
27863,2011,FEMALE,WHITE NON HISPANIC,TAMAR,11,80
27864,2012,FEMALE,WHITE NON HISP,BAILA,45,48
27867,2014,FEMALE,HISPANIC,Kaylee,76,27
27868,2011,FEMALE,BLACK NON HISPANIC,HAILEY,31,24
27869,2012,FEMALE,HISPANIC,CHRISTINA,10,79
27871,2012,FEMALE,WHITE NON HISP,PEREL,13,80
27872,2014,FEMALE,WHITE NON HISPANIC,Samira,10,86
27873,2014,FEMALE,BLACK NON HISPANIC,Khadijah,13,38
27875,2014,FEMALE,WHITE NON HISPANIC,Kennedy,10,86
27877,2012,FEMALE,WHITE NON HISP,DANIELLE,13,80
27881,2013,FEMALE,WHITE NON HISPANIC,Aisha,11,81
27882,2012,FEMALE,WHITE NON HISP,ELSA,14,79
27884,2012,FEMALE,ASIAN AND PACI,IRENE,23,32
27885,2011,FEMALE,ASIAN AND PACIFIC ISLANDER,FIONA,48,9
27886,2011,FEMALE,WHITE NON HISPANIC,BRIDGET,14,77
27888,2013,FEMALE,HISPANIC,Stella,11,77
27890,2013,FEMALE,HISPANIC,Shayla,11,77
27891,2014,FEMALE,WHITE NON HISPANIC,Lilah,11,85
27892,2014,FEMALE,BLACK NON HISPANIC,Milan,26,25
27900,2012,FEMALE,WHITE NON HISP,ELENA,20,73
27903,2012,FEMALE,WHITE NON HISP,REEM,10,83
27904,2014,FEMALE,ASIAN AND PACIFIC ISLANDER,Charlotte,31,19
27906,2014,FEMALE,BLACK NON HISPANIC,Saniyah,10,41
27907,2014,FEMALE,ASIAN AND PACIFIC ISLANDER,Anya,10,40
27908,2013,FEMALE,HISPANIC,Brielle,11,77
27910,2012,FEMALE,HISPANIC,JULIA,20,69
27915,2012,FEMALE,BLACK NON HISP,AMIRAH,27,31
27916,2012,FEMALE,HISPANIC,STEPHANIE,48,41
27917,2013,FEMALE,ASIAN AND PACIFIC ISLANDER,Alyssa,27,25
27918,2013,FEMALE,ASIAN AND PACIFIC ISLANDER,Tiffany,23,29
27922,2014,FEMALE,HISPANIC,Haylee,15,68
27923,2014,FEMALE,WHITE NON HISPANIC,Siena,16,80
27925,2014,FEMALE,WHITE NON HISPANIC,Juliette,32,64
27928,2011,FEMALE,WHITE NON HISPANIC,EVE,22,69
27929,2014,FEMALE,WHITE NON HISPANIC,Adriana,23,73
27930,2011,FEMALE,ASIAN AND PACIFIC ISLANDER,ANNIE,20,28
27931,2014,FEMALE,ASIAN AND PACIFIC ISLANDER,Irene,16,34
27934,2011,FEMALE,BLACK NON HISPANIC,KIMORA,23,32
27936,2013,FEMALE,WHITE NON HISPANIC,Clementine,10,82
27937,2011,FEMALE,WHITE NON HISPANIC,AMELIE,15,76
27939,2011,FEMALE,WHITE NON HISPANIC,NINA,39,52
27941,2012,FEMALE,WHITE NON HISP,AMINA,16,77
27942,2013,FEMALE,HISPANIC,Annabelle,14,74
27944,2014,FEMALE,WHITE NON HISPANIC,Malky,70,32
27945,2014,FEMALE,ASIAN AND PACIFIC ISLANDER,Maya,25,25
27947,2014,FEMALE,BLACK NON HISPANIC,Jada,18,33
27948,2013,FEMALE,HISPANIC,Stacy,10,78
27949,2012,FEMALE,WHITE NON HISP,LARA,16,77
27951,2012,FEMALE,WHITE NON HISP,LIANA,13,80
27956,2013,FEMALE,HISPANIC,Alyssa,40,48
27957,2012,FEMALE,HISPANIC,SALOME,10,79
27958,2011,FEMALE,BLACK NON HISPANIC,KAITLYN,21,34
27959,2011,FEMALE,BLACK NON HISPANIC,EMILY,30,25
27960,2013,FEMALE,ASIAN AND PACIFIC ISLANDER,Leah,21,31
27964,2013,FEMALE,HISPANIC,Evelyn,54,35
27966,2014,FEMALE,WHITE NON HISPANIC,Bracha,22,74
27974,2014,FEMALE,ASIAN AND PACIFIC ISLANDER,Katie,15,35
27975,2011,FEMALE,WHITE NON HISPANIC,CHLOE,95,22
27980,2011,FEMALE,ASIAN AND PACIFIC ISLANDER,PHOEBE,18,30
27981,2014,FEMALE,BLACK NON HISPANIC,Riley,20,31
27982,2011,FEMALE,HISPANIC,HAYLEY,13,75
27986,2011,FEMALE,HISPANIC,MAYA,49,42
27987,2011,FEMALE,HISPANIC,JAMIE,11,77
27988,2011,FEMALE,HISPANIC,ANA,33,55
27989,2011,FEMALE,HISPANIC,ABBY,10,78
27991,2011,FEMALE,WHITE NON HISPANIC,REESE,13,78
27992,2012,FEMALE,ASIAN AND PACI,ARIEL,12,43
27995,2014,FEMALE,ASIAN AND PACIFIC ISLANDER,Priscilla,10,40
27996,2013,FEMALE,HISPANIC,April,12,76
27998,2013,FEMALE,BLACK NON HISPANIC,Paris,20,37
27999,2011,FEMALE,ASIAN AND PACIFIC ISLANDER,IVY,35,15
28001,2013,FEMALE,HISPANIC,Keyla,12,76
28003,2012,FEMALE,WHITE NON HISP,AMY,13,80
28004,2012,FEMALE,ASIAN AND PACI,ASHLEY,45,14
28008,2013,FEMALE,ASIAN AND PACIFIC ISLANDER,Leela,10,42
28009,2013,FEMALE,BLACK NON HISPANIC,Kyla,10,47
28011,2011,FEMALE,HISPANIC,BRIELLE,11,77
28012,2011,FEMALE,BLACK NON HISPANIC,SORAYA,10,45
28013,2011,FEMALE,WHITE NON HISPANIC,HENNY,18,73
28014,2014,FEMALE,WHITE NON HISPANIC,Scarlett,40,56
28015,2013,FEMALE,ASIAN AND PACIFIC ISLANDER,Lena,10,42
28016,2013,FEMALE,BLACK NON HISPANIC,Samara,10,47
28018,2011,FEMALE,BLACK NON HISPANIC,ANAYA,12,43
28019,2013,FEMALE,BLACK NON HISPANIC,Dakota,13,44
28023,2012,FEMALE,WHITE NON HISP,SHOSHANA,15,78
28027,2012,FEMALE,BLACK NON HISP,AMBER,10,47
28028,2014,FEMALE,WHITE NON HISPANIC,Mae,11,85
28029,2011,FEMALE,HISPANIC,HAZEL,10,78
28030,2011,FEMALE,BLACK NON HISPANIC,HANNAH,24,31
28031,2013,FEMALE,BLACK NON HISPANIC,Amani,10,47
28032,2014,FEMALE,HISPANIC,Kaylie,10,73
28033,2014,FEMALE,WHITE NON HISPANIC,Zoey,26,70
28034,2013,FEMALE,HISPANIC,Audrey,23,65
28035,2013,FEMALE,ASIAN AND PACIFIC ISLANDER,Elaine,17,35
28036,2012,FEMALE,WHITE NON HISP,ALISA,12,81
28037,2013,FEMALE,HISPANIC,Kylie,42,46
28039,2011,FEMALE,HISPANIC,ARIANA,61,32
28040,2014,FEMALE,WHITE NON HISPANIC,Alisa,13,83
28042,2011,FEMALE,WHITE NON HISPANIC,CHARLOTTE,127,12
28044,2011,FEMALE,ASIAN AND PACIFIC ISLANDER,HAILEY,16,32
28046,2014,FEMALE,ASIAN AND PACIFIC ISLANDER,Bella,29,21
28048,2011,FEMALE,WHITE NON HISPANIC,HANNA,11,80
28052,2014,FEMALE,HISPANIC,Nina,11,72
28055,2011,FEMALE,ASIAN AND PACIFIC ISLANDER,ELIZABETH,15,33
28057,2012,FEMALE,WHITE NON HISP,MIRIAM,150,10
28059,2012,FEMALE,WHITE NON HISP,MORGAN,22,71
28060,2014,FEMALE,WHITE NON HISPANIC,Madeline,59,40
28063,2014,FEMALE,WHITE NON HISPANIC,Kaylee,15,81
28065,2011,FEMALE,WHITE NON HISPANIC,GIANNA,68,33
28070,2014,FEMALE,HISPANIC,Izabella,10,73
28071,2012,FEMALE,HISPANIC,NYLAH,16,73
28072,2011,FEMALE,ASIAN AND PACIFIC ISLANDER,ALINA,25,23
28074,2013,FEMALE,WHITE NON HISPANIC,Blima,25,67
28075,2013,FEMALE,WHITE NON HISPANIC,Aliza,18,74
28078,2011,FEMALE,WHITE NON HISPANIC,SHEVY,10,81
28080,2011,FEMALE,WHITE NON HISPANIC,LOLA,22,69
28081,2012,FEMALE,ASIAN AND PACI,JOCELYN,19,36
28086,2014,FEMALE,WHITE NON HISPANIC,Isabella,117,15
28087,2014,FEMALE,WHITE NON HISPANIC,Lauren,33,63
28090,2014,FEMALE,HISPANIC,Serenity,35,48
28091,2014,FEMALE,ASIAN AND PACIFIC ISLANDER,Emma,96,3
28092,2014,FEMALE,WHITE NON HISPANIC,Simone,22,74
28093,2012,FEMALE,HISPANIC,BELLA,46,43
28094,2014,FEMALE,HISPANIC,Keyla,15,68
28095,2011,FEMALE,WHITE NON HISPANIC,ALINA,11,80
28099,2012,FEMALE,WHITE NON HISP,MELISSA,13,80
28105,2014,FEMALE,HISPANIC,Emma,167,7
28106,2011,FEMALE,WHITE NON HISPANIC,PEARL,23,68
28108,2013,FEMALE,WHITE NON HISPANIC,Violet,58,37
28109,2013,FEMALE,WHITE NON HISPANIC,Alina,15,77
28110,2013,FEMALE,BLACK NON HISPANIC,Sariah,13,44
28114,2011,FEMALE,ASIAN AND PACIFIC ISLANDER,YU,13,35
28115,2011,FEMALE,HISPANIC,SKYLA,21,67
28117,2012,FEMALE,HISPANIC,BRENDA,12,77
28118,2011,FEMALE,WHITE NON HISPANIC,FINLEY,11,80
28119,2013,FEMALE,HISPANIC,Carla,14,74
28121,2013,FEMALE,HISPANIC,Jaliyah,10,78
28126,2013,FEMALE,WHITE NON HISPANIC,Giselle,11,81
28128,2014,FEMALE,WHITE NON HISPANIC,Luna,16,80
28130,2011,FEMALE,BLACK NON HISPANIC,FANTA,15,40
28131,2014,FEMALE,BLACK NON HISPANIC,Madisyn,14,37
28132,2011,FEMALE,WHITE NON HISPANIC,IVY,15,76
28134,2014,FEMALE,HISPANIC,Juliana,27,56
28137,2012,FEMALE,HISPANIC,MIRIAM,10,79
28139,2014,FEMALE,BLACK NON HISPANIC,Ella,11,40
28140,2011,FEMALE,BLACK NON HISPANIC,ALYSSA,35,20
28143,2014,FEMALE,WHITE NON HISPANIC,Roizy,13,83
28146,2013,FEMALE,ASIAN AND PACIFIC ISLANDER,Irene,21,31
28147,2014,FEMALE,HISPANIC,Melanie,106,11
28148,2011,FEMALE,ASIAN AND PACIFIC ISLANDER,KATELYN,14,34
28153,2014,FEMALE,BLACK NON HISPANIC,Logan,14,37
28155,2013,FEMALE,WHITE NON HISPANIC,Gitty,74,29
28156,2014,FEMALE,WHITE NON HISPANIC,Carly,10,86
28157,2014,FEMALE,BLACK NON HISPANIC,Blessing,11,40
28160,2014,FEMALE,HISPANIC,Brooke,10,73
28165,2011,FEMALE,BLACK NON HISPANIC,SUMMER,15,40
28169,2011,FEMALE,HISPANIC,ATHENA,12,76
28170,2014,FEMALE,WHITE NON HISPANIC,Georgia,26,70
28172,2012,FEMALE,ASIAN AND PACI,MELANIE,11,44
28173,2011,FEMALE,WHITE NON HISPANIC,RACHEL,171,7
28174,2011,FEMALE,BLACK NON HISPANIC,LAYLA,30,25
28175,2014,FEMALE,BLACK NON HISPANIC,Arianna,37,15
28178,2013,FEMALE,WHITE NON HISPANIC,Hadley,14,78
28179,2011,FEMALE,WHITE NON HISPANIC,IZABELLA,10,81
28183,2014,FEMALE,ASIAN AND PACIFIC ISLANDER,Kate,10,40
28184,2011,FEMALE,BLACK NON HISPANIC,GABRIELLA,24,31
28186,2014,FEMALE,BLACK NON HISPANIC,Ashley,17,34
28187,2014,FEMALE,HISPANIC,Daleyza,14,69
28188,2013,FEMALE,WHITE NON HISPANIC,Sasha,14,78
28189,2011,FEMALE,ASIAN AND PACIFIC ISLANDER,SERENA,17,31
28190,2013,FEMALE,ASIAN AND PACIFIC ISLANDER,Jennifer,16,36
28192,2013,FEMALE,BLACK NON HISPANIC,Alyssa,35,22
28195,2012,FEMALE,BLACK NON HISP,ALEXIS,12,45
28197,2013,FEMALE,BLACK NON HISPANIC,Khloe,41,17
28199,2012,FEMALE,WHITE NON HISP,HAILEY,36,57
28201,2012,FEMALE,BLACK NON HISP,JORDAN,10,47
28204,2013,FEMALE,BLACK NON HISPANIC,Ashley,16,41
28207,2011,FEMALE,WHITE NON HISPANIC,SABRINA,34,57
28209,2014,FEMALE,HISPANIC,Jade,41,45
28214,2011,FEMALE,HISPANIC,AMY,87,17
28215,2012,FEMALE,BLACK NON HISP,HEAVEN,25,32
28216,2014,FEMALE,HISPANIC,Angelica,30,53
28218,2012,FEMALE,ASIAN AND PACI,JOYCE,28,27
28221,2014,FEMALE,BLACK NON HISPANIC,Laila,27,24
28223,2013,FEMALE,WHITE NON HISPANIC,Aleksandra,11,81
28224,2011,FEMALE,WHITE NON HISPANIC,DALIA,10,81
28228,2014,FEMALE,HISPANIC,Brittany,34,49
28229,2014,FEMALE,BLACK NON HISPANIC,Aisha,15,36
28230,2011,FEMALE,BLACK NON HISPANIC,SAMIYA,10,45
28231,2011,FEMALE,WHITE NON HISPANIC,SAMANTHA,74,29
28232,2012,FEMALE,BLACK NON HISP,KALIYAH,10,47
28233,2012,FEMALE,WHITE NON HISP,ALLISON,16,77
28235,2012,FEMALE,BLACK NON HISP,NAOMI,33,25
28237,2013,FEMALE,ASIAN AND PACIFIC ISLANDER,Connie,10,42
28238,2011,FEMALE,HISPANIC,ERIKA,15,73
28239,2012,FEMALE,HISPANIC,MICHELLE,42,47
28240,2012,FEMALE,WHITE NON HISP,SHIRA,16,77
28241,2012,FEMALE,WHITE NON HISP,BEATRICE,29,64
28244,2013,FEMALE,WHITE NON HISPANIC,Adeline,12,80
28248,2011,FEMALE,BLACK NON HISPANIC,SANIYA,13,42
28251,2013,FEMALE,HISPANIC,Madeline,14,74
28252,2014,FEMALE,WHITE NON HISPANIC,Goldie,11,85
28253,2014,FEMALE,BLACK NON HISPANIC,Sydney,21,30
28254,2011,FEMALE,ASIAN AND PACIFIC ISLANDER,MINA,12,36
28256,2013,FEMALE,WHITE NON HISPANIC,Sophia,187,4
28258,2013,FEMALE,HISPANIC,Guadalupe,26,62
28259,2013,FEMALE,HISPANIC,Alanis,11,77
28261,2014,FEMALE,HISPANIC,Miranda,13,70
28262,2011,FEMALE,HISPANIC,NATALY,13,75
28263,2013,FEMALE,HISPANIC,Mya,27,61
28264,2012,FEMALE,ASIAN AND PACI,JULIA,10,45
28266,2011,FEMALE,HISPANIC,ADRIANNA,26,62
28273,2014,FEMALE,ASIAN AND PACIFIC ISLANDER,Madelyn,11,39
28276,2014,FEMALE,WHITE NON HISPANIC,Ruchy,17,79
28277,2012,FEMALE,ASIAN AND PACI,KAYLA,17,38
28278,2013,FEMALE,BLACK NON HISPANIC,Jayla,37,20
28282,2013,FEMALE,HISPANIC,Briana,21,67
28284,2013,FEMALE,HISPANIC,Tatiana,11,77
28287,2012,FEMALE,WHITE NON HISP,GABRIELA,10,83
28288,2011,FEMALE,WHITE NON HISPANIC,ABIGAIL,103,19
28290,2012,FEMALE,HISPANIC,SARAI,19,70
28291,2011,FEMALE,WHITE NON HISPANIC,GITTY,82,27
28292,2011,FEMALE,BLACK NON HISPANIC,DESTINY,35,20
28293,2013,FEMALE,HISPANIC,Alejandra,13,75
28295,2014,FEMALE,WHITE NON HISPANIC,Anisa,14,82
28297,2012,FEMALE,HISPANIC,AMELIE,11,78
28299,2012,FEMALE,BLACK NON HISP,KAYLA,62,6
28301,2011,FEMALE,ASIAN AND PACIFIC ISLANDER,EVELYN,17,31
28303,2011,FEMALE,HISPANIC,STEPHANIE,50,41
28304,2012,FEMALE,BLACK NON HISP,FANTA,16,41
28306,2012,FEMALE,HISPANIC,CHELSEA,45,44
28308,2014,FEMALE,HISPANIC,Kamila,21,62
28309,2012,FEMALE,WHITE NON HISP,MADELEINE,35,58
28312,2013,FEMALE,ASIAN AND PACIFIC ISLANDER,Caroline,19,33
28313,2013,FEMALE,WHITE NON HISPANIC,Aubrey,14,78
28316,2012,FEMALE,WHITE NON HISP,CELIA,11,82
28317,2012,FEMALE,HISPANIC,AYLIN,20,69
28320,2011,FEMALE,ASIAN AND PACIFIC ISLANDER,IRENE,20,28
28322,2013,FEMALE,BLACK NON HISPANIC,Zoey,36,21
28324,2011,FEMALE,WHITE NON HISPANIC,CAROLINE,52,41
28326,2012,FEMALE,WHITE NON HISP,ZOE,93,25
28327,2011,FEMALE,WHITE NON HISPANIC,AMANDA,15,76
28328,2011,FEMALE,WHITE NON HISPANIC,ALICE,50,43
28330,2012,FEMALE,WHITE NON HISP,JENNA,17,76
28331,2012,FEMALE,HISPANIC,HEIDY,13,76
28337,2012,FEMALE,WHITE NON HISP,LIBA,13,80
28340,2011,FEMALE,WHITE NON HISPANIC,ELLIE,26,65
28341,2011,FEMALE,WHITE NON HISPANIC,NECHAMA,25,66
28342,2013,FEMALE,WHITE NON HISPANIC,Baila,53,42
28343,2013,FEMALE,ASIAN AND PACIFIC ISLANDER,Erin,16,36
28344,2013,FEMALE,ASIAN AND PACIFIC ISLANDER,Jessica,23,29
28346,2011,FEMALE,HISPANIC,ANGELY,11,77
28347,2011,FEMALE,ASIAN AND PACIFIC ISLANDER,VICTORIA,22,26
28348,2013,FEMALE,ASIAN AND PACIFIC ISLANDER,Anika,13,39
28349,2011,FEMALE,ASIAN AND PACIFIC ISLANDER,JIA,12,36
28350,2013,FEMALE,WHITE NON HISPANIC,Romy,10,82
28351,2012,FEMALE,WHITE NON HISP,RAIZEL,17,76
28352,2013,FEMALE,WHITE NON HISPANIC,Josephine,35,57
28354,2013,FEMALE,WHITE NON HISPANIC,Gabriela,17,75
28355,2011,FEMALE,WHITE NON HISPANIC,ANGELINA,50,43
28360,2012,FEMALE,HISPANIC,OLIVIA,77,22
28364,2013,FEMALE,WHITE NON HISPANIC,Brielle,14,78
28365,2011,FEMALE,WHITE NON HISPANIC,ELISHEVA,14,77
28367,2011,FEMALE,WHITE NON HISPANIC,TZIPORAH,10,81
28370,2013,FEMALE,BLACK NON HISPANIC,Chelsea,26,31
28374,2014,FEMALE,HISPANIC,Amalia,15,68
28375,2014,FEMALE,HISPANIC,Evangeline,11,72
28376,2014,FEMALE,BLACK NON HISPANIC,Aminata,29,22
28377,2013,FEMALE,WHITE NON HISPANIC,Natalia,28,64
28378,2014,FEMALE,WHITE NON HISPANIC,Shifra,21,75
28380,2012,FEMALE,HISPANIC,ERIKA,11,78
28381,2011,FEMALE,BLACK NON HISPANIC,FATOU,12,43
28386,2012,FEMALE,WHITE NON HISP,ARIA,17,76
28387,2013,FEMALE,ASIAN AND PACIFIC ISLANDER,Jannat,11,41
28388,2014,FEMALE,BLACK NON HISPANIC,Maryam,10,41
28392,2012,FEMALE,ASIAN AND PACI,KAYLEE,24,31
28393,2014,FEMALE,ASIAN AND PACIFIC ISLANDER,Jenny,20,30
28398,2011,FEMALE,BLACK NON HISPANIC,REBECCA,12,43
28401,2013,FEMALE,HISPANIC,Yaretzi,37,51
28402,2012,FEMALE,WHITE NON HISP,TALIA,35,58
28406,2014,FEMALE,HISPANIC,Alana,17,66
28407,2014,FEMALE,WHITE NON HISPANIC,Adina,22,74
28408,2013,FEMALE,BLACK NON HISPANIC,Olivia,64,6
28411,2013,FEMALE,WHITE NON HISPANIC,Rebecca,44,49
28412,2013,FEMALE,HISPANIC,Heaven,10,78
28414,2011,FEMALE,WHITE NON HISPANIC,ALICIA,11,80
28420,2013,FEMALE,WHITE NON HISPANIC,Beatrix,16,76
28421,2014,FEMALE,WHITE NON HISPANIC,Fraidy,29,67
28424,2011,FEMALE,ASIAN AND PACIFIC ISLANDER,JANNAT,13,35
28425,2013,FEMALE,ASIAN AND PACIFIC ISLANDER,Karen,12,40
28427,2013,FEMALE,ASIAN AND PACIFIC ISLANDER,Sarah,43,13
28428,2012,FEMALE,HISPANIC,BRIANNA,105,13
28432,2012,FEMALE,WHITE NON HISP,ELOISE,31,62
28434,2012,FEMALE,BLACK NON HISP,GENESIS,21,36
28435,2012,FEMALE,WHITE NON HISP,FAIGA,29,64
28436,2014,FEMALE,ASIAN AND PACIFIC ISLANDER,Katherine,37,13
28439,2011,FEMALE,BLACK NON HISPANIC,CHEYENNE,10,45
28440,2014,FEMALE,WHITE NON HISPANIC,Henny,18,78
28443,2012,FEMALE,HISPANIC,WENDY,11,78
28447,2013,FEMALE,HISPANIC,Heidi,16,72
28448,2014,FEMALE,BLACK NON HISPANIC,Kylee,10,41
28449,2013,FEMALE,WHITE NON HISPANIC,Tova,15,77
28451,2013,FEMALE,ASIAN AND PACIFIC ISLANDER,Joanna,32,20
28452,2014,FEMALE,WHITE NON HISPANIC,Blima,29,67
28455,2012,FEMALE,BLACK NON HISP,LEAH,35,23
28456,2014,FEMALE,WHITE NON HISPANIC,Ellie,31,65
28457,2013,FEMALE,HISPANIC,Johanna,14,74
28458,2011,FEMALE,ASIAN AND PACIFIC ISLANDER,VANESSA,15,33
28460,2011,FEMALE,HISPANIC,KATELYN,23,65
28461,2012,FEMALE,ASIAN AND PACI,HAILEY,50,9
28464,2011,FEMALE,HISPANIC,KAMILA,36,53
28465,2014,FEMALE,HISPANIC,Carolina,10,73
28467,2013,FEMALE,WHITE NON HISPANIC,Chana,150,10
28470,2012,FEMALE,WHITE NON HISP,EMILY,137,12
28472,2013,FEMALE,HISPANIC,Lesly,19,69
28473,2014,FEMALE,WHITE NON HISPANIC,Reese,22,74
28474,2014,FEMALE,HISPANIC,Sienna,10,73
28476,2011,FEMALE,HISPANIC,KAYLEIGH,10,78
28478,2012,FEMALE,ASIAN AND PACI,MADELEINE,10,45
28479,2013,FEMALE,HISPANIC,Yamileth,12,76
28480,2011,FEMALE,BLACK NON HISPANIC,SARIAH,17,38
28481,2011,FEMALE,BLACK NON HISPANIC,SANIYAH,13,42
28486,2014,FEMALE,HISPANIC,Jayleen,25,58
28488,2012,FEMALE,HISPANIC,YAMILETH,12,77
28489,2013,FEMALE,ASIAN AND PACIFIC ISLANDER,Arianna,16,36
28490,2013,FEMALE,BLACK NON HISPANIC,Kadiatou,13,44
28491,2011,FEMALE,HISPANIC,MIRANDA,11,77
28497,2012,FEMALE,BLACK NON HISP,MELODY,14,43
28498,2011,FEMALE,ASIAN AND PACIFIC ISLANDER,FATIMA,24,24
28499,2011,FEMALE,WHITE NON HISPANIC,TZIPORA,12,79
28500,2012,FEMALE,WHITE NON HISP,MARGOT,11,82
28501,2014,FEMALE,HISPANIC,Liliana,17,66
28502,2013,FEMALE,WHITE NON HISPANIC,Lilly,12,80
28503,2011,FEMALE,WHITE NON HISPANIC,MIKAYLA,12,79
28504,2014,FEMALE,BLACK NON HISPANIC,London,61,6
28506,2013,FEMALE,HISPANIC,Aria,22,66
28508,2012,FEMALE,HISPANIC,ANGELIQUE,26,63
28509,2013,FEMALE,WHITE NON HISPANIC,Aria,35,57
28510,2013,FEMALE,HISPANIC,Eva,40,48
28511,2014,FEMALE,WHITE NON HISPANIC,Sylvia,16,80
28513,2014,FEMALE,HISPANIC,Joselyn,10,73
28515,2011,FEMALE,WHITE NON HISPANIC,QUINN,10,81
28516,2012,FEMALE,HISPANIC,SELENA,15,74
28517,2012,FEMALE,HISPANIC,ELENA,28,61
28519,2012,FEMALE,HISPANIC,MACKENZIE,11,78
28523,2011,FEMALE,WHITE NON HISPANIC,ETTY,15,76
28524,2011,FEMALE,HISPANIC,SOFIA,165,6
28526,2012,FEMALE,ASIAN AND PACI,SOPHIE,40,17
28527,2014,FEMALE,ASIAN AND PACIFIC ISLANDER,Shirley,17,33
28528,2013,FEMALE,HISPANIC,Julianna,17,71
28529,2011,FEMALE,BLACK NON HISPANIC,ZARA,11,44
28530,2014,FEMALE,ASIAN AND PACIFIC ISLANDER,Ella,40,11
28535,2014,FEMALE,WHITE NON HISPANIC,Zissy,25,71
28536,2014,FEMALE,HISPANIC,Alexis,13,70
28539,2013,FEMALE,BLACK NON HISPANIC,Jaliyah,13,44
28541,2011,FEMALE,HISPANIC,LEA,10,78
28545,2014,FEMALE,HISPANIC,Crystal,16,67
28546,2013,FEMALE,WHITE NON HISPANIC,Jenna,20,72
28547,2011,FEMALE,WHITE NON HISPANIC,LIA,23,68
28548,2014,FEMALE,HISPANIC,Stella,16,67
28549,2014,FEMALE,BLACK NON HISPANIC,Jasmine,25,26
28553,2012,FEMALE,WHITE NON HISP,SLOANE,19,74
28554,2012,FEMALE,WHITE NON HISP,CASSANDRA,10,83
28558,2013,FEMALE,HISPANIC,Katherine,34,54
28559,2014,FEMALE,BLACK NON HISPANIC,Malia,18,33
28561,2014,FEMALE,WHITE NON HISPANIC,Shayna,12,84
28564,2014,FEMALE,ASIAN AND PACIFIC ISLANDER,Anna,41,10
28565,2012,FEMALE,ASIAN AND PACI,STELLA,33,22
28566,2012,FEMALE,ASIAN AND PACI,MEGAN,19,36
28569,2013,FEMALE,BLACK NON HISPANIC,Asia,12,45
28571,2013,FEMALE,HISPANIC,Anaya,11,77
28572,2011,FEMALE,WHITE NON HISPANIC,ARIANNA,28,63
28573,2011,FEMALE,HISPANIC,MEGAN,11,77
28574,2013,FEMALE,BLACK NON HISPANIC,Brielle,51,10
28576,2014,FEMALE,HISPANIC,Daniella,32,51
28577,2013,FEMALE,HISPANIC,Violet,21,67
28579,2013,FEMALE,HISPANIC,Chloe,54,35
28580,2013,FEMALE,WHITE NON HISPANIC,Farah,11,81
28583,2014,FEMALE,HISPANIC,Aaliyah,55,36
28584,2011,FEMALE,BLACK NON HISPANIC,BRIANNA,38,17
28586,2012,FEMALE,HISPANIC,LONDON,37,52
28589,2012,FEMALE,WHITE NON HISP,SCARLETT,43,50
28595,2012,FEMALE,HISPANIC,SCARLETT,64,29
28597,2013,FEMALE,WHITE NON HISPANIC,Eliana,57,38
28600,2014,FEMALE,WHITE NON HISPANIC,Harlow,11,85
28602,2013,FEMALE,BLACK NON HISPANIC,London,76,2
28605,2011,FEMALE,ASIAN AND PACIFIC ISLANDER,SOPHIE,25,23
28607,2011,FEMALE,ASIAN AND PACIFIC ISLANDER,MEGAN,10,38
28610,2011,FEMALE,HISPANIC,MARIANA,12,76
28611,2014,FEMALE,WHITE NON HISPANIC,Danielle,23,73
28612,2011,FEMALE,ASIAN AND PACIFIC ISLANDER,AMY,24,24
28613,2012,FEMALE,ASIAN AND PACI,ELEANOR,15,40
28615,2012,FEMALE,WHITE NON HISP,GOLDY,25,68
28616,2014,FEMALE,ASIAN AND PACIFIC ISLANDER,Aiza,19,31
28618,2013,FEMALE,WHITE NON HISPANIC,Rifky,12,80
28621,2011,FEMALE,WHITE NON HISPANIC,DANIELLE,15,76
28622,2014,FEMALE,WHITE NON HISPANIC,Amanda,10,86
28624,2011,FEMALE,HISPANIC,MARIAH,33,55
28628,2014,FEMALE,ASIAN AND PACIFIC ISLANDER,Lillian,14,36
28629,2012,FEMALE,HISPANIC,SKYLA,16,73
28632,2013,FEMALE,BLACK NON HISPANIC,Trinity,22,35
28633,2012,FEMALE,HISPANIC,JULIETTE,20,69
28634,2012,FEMALE,WHITE NON HISP,JASMINE,10,83
28636,2013,FEMALE,HISPANIC,Jazlyn,20,68
28637,2012,FEMALE,HISPANIC,ALICIA,18,71
28639,2014,FEMALE,WHITE NON HISPANIC,Ana,11,85
28640,2014,FEMALE,WHITE NON HISPANIC,Nicole,41,55
28644,2014,FEMALE,HISPANIC,Nevaeh,13,70
28647,2012,FEMALE,HISPANIC,STACEY,11,78
28648,2014,FEMALE,ASIAN AND PACIFIC ISLANDER,Nina,21,29
28650,2011,FEMALE,BLACK NON HISPANIC,LYRIC,13,42
28651,2012,FEMALE,HISPANIC,RACHEL,22,67
28654,2014,FEMALE,BLACK NON HISPANIC,Jayla,25,26
28657,2012,FEMALE,WHITE NON HISP,FRIMET,13,80
28658,2013,FEMALE,BLACK NON HISPANIC,Journey,12,45
28659,2013,FEMALE,HISPANIC,Melanie,93,19
28663,2011,FEMALE,BLACK NON HISPANIC,ZURI,10,45
28665,2012,FEMALE,WHITE NON HISP,REBECCA,45,48
28666,2011,FEMALE,HISPANIC,LILIANA,28,60
28668,2013,FEMALE,HISPANIC,Lily,16,72
28669,2014,FEMALE,HISPANIC,Hannah,21,62
28673,2011,FEMALE,HISPANIC,ALICIA,24,64
28675,2011,FEMALE,BLACK NON HISPANIC,SAVANNAH,42,14
28677,2012,FEMALE,BLACK NON HISP,ARIANA,19,38
28680,2014,FEMALE,HISPANIC,Genesis,102,14
28682,2014,FEMALE,WHITE NON HISPANIC,Perl,17,79
28685,2014,FEMALE,WHITE NON HISPANIC,Michaela,13,83
28686,2014,FEMALE,BLACK NON HISPANIC,Journee,11,40
28689,2014,FEMALE,ASIAN AND PACIFIC ISLANDER,Angela,77,5
28691,2011,FEMALE,WHITE NON HISPANIC,KAITLYN,17,74
28692,2014,FEMALE,HISPANIC,Violeta,12,71
28693,2013,FEMALE,HISPANIC,Giselle,24,64
28694,2011,FEMALE,HISPANIC,ALESSANDRA,13,75
28695,2013,FEMALE,ASIAN AND PACIFIC ISLANDER,Syeda,11,41
28696,2013,FEMALE,WHITE NON HISPANIC,Eve,20,72
28700,2013,FEMALE,HISPANIC,Valentina,115,11
28704,2013,FEMALE,WHITE NON HISPANIC,Devora,21,71
28708,2011,FEMALE,WHITE NON HISPANIC,YIDES,25,66
28710,2013,FEMALE,WHITE NON HISPANIC,Iris,16,76
28711,2012,FEMALE,BLACK NON HISP,GABRIELLA,25,32
28712,2014,FEMALE,WHITE NON HISPANIC,Toby,46,50
28713,2011,FEMALE,WHITE NON HISPANIC,BEATRICE,33,58
28714,2011,FEMALE,ASIAN AND PACIFIC ISLANDER,ANIKA,14,34
28716,2013,FEMALE,WHITE NON HISPANIC,Adele,21,71
28718,2012,FEMALE,HISPANIC,JOSELYN,23,66
28719,2013,FEMALE,WHITE NON HISPANIC,Penelope,59,36
28722,2012,FEMALE,ASIAN AND PACI,SHIRLEY,20,35
28724,2012,FEMALE,WHITE NON HISP,MINDY,30,63
28725,2014,FEMALE,WHITE NON HISPANIC,Ella,112,16
28727,2013,FEMALE,WHITE NON HISPANIC,Luciana,11,81
28728,2013,FEMALE,WHITE NON HISPANIC,Julianna,21,71
28730,2011,FEMALE,BLACK NON HISPANIC,AMINA,14,41
28731,2012,FEMALE,HISPANIC,EMILY,186,4
28732,2011,FEMALE,ASIAN AND PACIFIC ISLANDER,AUDREY,19,29
28734,2011,FEMALE,WHITE NON HISPANIC,JULIANA,38,53
28735,2012,FEMALE,ASIAN AND PACI,ELINA,14,41
28737,2013,FEMALE,HISPANIC,Kaylee,81,24
28739,2014,FEMALE,HISPANIC,Skyler,11,72
28741,2011,FEMALE,WHITE NON HISPANIC,KAYLA,45,47
28742,2013,FEMALE,WHITE NON HISPANIC,Liv,19,73
28743,2011,FEMALE,HISPANIC,NEVAEH,32,56
28745,2014,FEMALE,WHITE NON HISPANIC,Beatrice,44,52
28747,2011,FEMALE,WHITE NON HISPANIC,MIRIAM,131,11
28752,2013,FEMALE,ASIAN AND PACIFIC ISLANDER,Allison,12,40
28753,2013,FEMALE,WHITE NON HISPANIC,Idy,13,79
28754,2011,FEMALE,ASIAN AND PACIFIC ISLANDER,AMELIA,14,34
28756,2011,FEMALE,HISPANIC,KAYLIN,12,76
28759,2012,FEMALE,HISPANIC,MARILYN,11,78
28761,2012,FEMALE,ASIAN AND PACI,EILEEN,15,40
28762,2011,FEMALE,HISPANIC,CAMILA,188,5
28763,2014,FEMALE,HISPANIC,Briana,14,69
28766,2013,FEMALE,BLACK NON HISPANIC,Mya,22,35
28769,2011,FEMALE,ASIAN AND PACIFIC ISLANDER,AVA,23,25
28776,2011,FEMALE,HISPANIC,SAVANNA,10,78
28777,2014,FEMALE,WHITE NON HISPANIC,Harper,41,55
28780,2011,FEMALE,HISPANIC,BRIANA,32,56
28785,2012,FEMALE,HISPANIC,KAYLA,58,33
28786,2013,FEMALE,WHITE NON HISPANIC,Frances,12,80
28788,2012,FEMALE,ASIAN AND PACI,EMILY,110,4
28791,2011,FEMALE,BLACK NON HISPANIC,MIA,36,19
28792,2013,FEMALE,BLACK NON HISPANIC,Lyric,14,43
28793,2013,FEMALE,HISPANIC,Emily,184,5
28794,2014,FEMALE,BLACK NON HISPANIC,Amira,15,36
28795,2014,FEMALE,ASIAN AND PACIFIC ISLANDER,Isabella,58,8
28797,2011,FEMALE,BLACK NON HISPANIC,KIARA,13,42
28798,2011,FEMALE,ASIAN AND PACIFIC ISLANDER,KYLIE,11,37
28802,2012,FEMALE,WHITE NON HISP,TZIPORA,13,80
28804,2012,FEMALE,WHITE NON HISP,YAEL,23,70
28805,2014,FEMALE,BLACK NON HISPANIC,Aicha,23,28
28806,2014,FEMALE,ASIAN AND PACIFIC ISLANDER,Zainab,24,26
28808,2013,FEMALE,HISPANIC,Amber,31,57
28809,2012,FEMALE,HISPANIC,ALEXA,66,28
28812,2014,FEMALE,WHITE NON HISPANIC,Ahuva,22,74
28813,2011,FEMALE,WHITE NON HISPANIC,PIPER,11,80
28814,2013,FEMALE,WHITE NON HISPANIC,Maeve,24,68
28815,2012,FEMALE,WHITE NON HISP,NOOR,12,81
28817,2011,FEMALE,ASIAN AND PACIFIC ISLANDER,ALISHA,10,38
28818,2013,FEMALE,WHITE NON HISPANIC,Esty,29,63
28821,2014,FEMALE,BLACK NON HISPANIC,Skyla,28,23
28823,2014,FEMALE,HISPANIC,Kimberly,72,29
28825,2012,FEMALE,HISPANIC,KATELYN,21,68
28826,2012,FEMALE,WHITE NON HISP,ESTELLE,11,82
28827,2012,FEMALE,BLACK NON HISP,MAYA,29,29
28828,2014,FEMALE,WHITE NON HISPANIC,Camille,11,85
28829,2014,FEMALE,BLACK NON HISPANIC,Sanaa,14,37
28830,2013,FEMALE,BLACK NON HISPANIC,Mackenzie,11,46
28831,2012,FEMALE,WHITE NON HISP,ANNABELLE,14,79
28835,2012,FEMALE,BLACK NON HISP,SKYLA,29,29
28836,2014,FEMALE,ASIAN AND PACIFIC ISLANDER,Esther,12,38
28837,2012,FEMALE,HISPANIC,JULIANA,14,75
28838,2014,FEMALE,ASIAN AND PACIFIC ISLANDER,Olivia,141,1
28839,2013,FEMALE,HISPANIC,Katelynn,12,76
28840,2011,FEMALE,HISPANIC,KATIE,12,76
28842,2011,FEMALE,HISPANIC,LILY,21,67
28843,2011,FEMALE,HISPANIC,EMILY,162,7
28845,2013,FEMALE,HISPANIC,Valeria,38,50
28849,2013,FEMALE,WHITE NON HISPANIC,Antonia,11,81
28850,2012,FEMALE,BLACK NON HISP,FATOUMATA,46,15
28851,2013,FEMALE,HISPANIC,Jasmine,32,56
28852,2013,FEMALE,HISPANIC,Angelique,15,73
28855,2011,FEMALE,ASIAN AND PACIFIC ISLANDER,JANICE,14,34
28857,2011,FEMALE,WHITE NON HISPANIC,EMERSON,16,75
28861,2014,FEMALE,HISPANIC,Cataleya,12,71
28862,2014,FEMALE,HISPANIC,Gabriella,78,26
28863,2011,FEMALE,BLACK NON HISPANIC,BRIELLE,35,20
28864,2012,FEMALE,BLACK NON HISP,PEYTON,36,22
28865,2011,FEMALE,BLACK NON HISPANIC,TAMIA,17,38
28874,2012,FEMALE,HISPANIC,PEYTON,16,73
28875,2011,FEMALE,WHITE NON HISPANIC,FIONA,30,61
28879,2014,FEMALE,WHITE NON HISPANIC,Cassidy,10,86
28880,2013,FEMALE,HISPANIC,Amaya,30,58
28881,2013,FEMALE,ASIAN AND PACIFIC ISLANDER,Michelle,31,21
28882,2014,FEMALE,WHITE NON HISPANIC,Yocheved,28,68
28884,2013,FEMALE,BLACK NON HISPANIC,Arielle,27,30
28885,2012,FEMALE,HISPANIC,HANNAH,30,59
28887,2013,FEMALE,WHITE NON HISPANIC,Anne,11,81
28890,2012,FEMALE,BLACK NON HISP,HAILEY,28,30
28893,2013,FEMALE,WHITE NON HISPANIC,Eva,57,38
28894,2011,FEMALE,BLACK NON HISPANIC,TARAJI,12,43
28895,2011,FEMALE,HISPANIC,LAILA,29,59
28896,2011,FEMALE,BLACK NON HISPANIC,JAYDA,16,39
28897,2011,FEMALE,HISPANIC,LAYLA,52,39
28898,2011,FEMALE,HISPANIC,CRYSTAL,26,62
28899,2014,FEMALE,WHITE NON HISPANIC,Paige,22,74
28901,2011,FEMALE,HISPANIC,MILA,19,69
28903,2011,FEMALE,BLACK NON HISPANIC,MILAN,28,27
28906,2013,FEMALE,HISPANIC,Diana,31,57
28911,2012,FEMALE,BLACK NON HISP,BELLA,14,43
28912,2011,FEMALE,HISPANIC,MELODY,23,65
28913,2011,FEMALE,BLACK NON HISPANIC,GENESIS,15,40
28914,2014,FEMALE,HISPANIC,Karla,23,60
28915,2012,FEMALE,ASIAN AND PACI,GABRIELLA,15,40
28916,2012,FEMALE,HISPANIC,DANNA,32,57
28917,2013,FEMALE,HISPANIC,Anabel,11,77
28918,2014,FEMALE,HISPANIC,Carla,13,70
28923,2014,FEMALE,WHITE NON HISPANIC,Maria,45,51
28924,2014,FEMALE,WHITE NON HISPANIC,Jasmine,19,77
28927,2012,FEMALE,WHITE NON HISP,FIONA,29,64
28928,2012,FEMALE,HISPANIC,AMBERLY,11,78
28931,2011,FEMALE,HISPANIC,JOHANNA,12,76
28933,2013,FEMALE,HISPANIC,Caroline,17,71
28934,2014,FEMALE,WHITE NON HISPANIC,Nadia,13,83
28935,2014,FEMALE,ASIAN AND PACIFIC ISLANDER,Selena,14,36
28936,2011,FEMALE,WHITE NON HISPANIC,BRUCHA,19,72
28938,2012,FEMALE,BLACK NON HISP,STEPHANIE,10,47
28940,2011,FEMALE,ASIAN AND PACIFIC ISLANDER,ARIANNA,11,37
28942,2012,FEMALE,HISPANIC,MELINA,12,77
28945,2012,FEMALE,WHITE NON HISP,FRANCESCA,33,60
28946,2013,FEMALE,WHITE NON HISPANIC,Shira,20,72
28951,2013,FEMALE,WHITE NON HISPANIC,Henny,26,66
28952,2013,FEMALE,HISPANIC,Gabriella,80,25
28953,2014,FEMALE,ASIAN AND PACIFIC ISLANDER,Allison,15,35
28954,2013,FEMALE,HISPANIC,Ella,14,74
28957,2011,FEMALE,WHITE NON HISPANIC,AVA,162,8
28965,2012,FEMALE,WHITE NON HISP,GIADA,13,80
28966,2014,FEMALE,BLACK NON HISPANIC,Brielle,30,21
28967,2014,FEMALE,BLACK NON HISPANIC,Skye,17,34
28969,2013,FEMALE,WHITE NON HISPANIC,Miri,12,80
28970,2012,FEMALE,HISPANIC,BRIANA,34,55
28971,2011,FEMALE,BLACK NON HISPANIC,SKYE,15,40
28972,2014,FEMALE,WHITE NON HISPANIC,Caitlin,11,85
28973,2012,FEMALE,HISPANIC,SOPHIE,16,73
28977,2011,FEMALE,HISPANIC,MYA,29,59
28979,2011,FEMALE,HISPANIC,KAELYN,11,77
28981,2013,FEMALE,HISPANIC,Ayleen,16,72
28983,2014,FEMALE,WHITE NON HISPANIC,Ruth,11,85
28984,2011,FEMALE,ASIAN AND PACIFIC ISLANDER,MAGGIE,10,38
28985,2012,FEMALE,WHITE NON HISP,DAISY,11,82
28987,2014,FEMALE,WHITE NON HISPANIC,Erin,10,86
28990,2012,FEMALE,ASIAN AND PACI,SAMANTHA,34,21
28994,2013,FEMALE,BLACK NON HISPANIC,Maliyah,16,41
28996,2011,FEMALE,ASIAN AND PACIFIC ISLANDER,JESSIE,18,30
28997,2014,FEMALE,ASIAN AND PACIFIC ISLANDER,Alisha,11,39
28998,2012,FEMALE,BLACK NON HISP,VICTORIA,39,19
28999,2013,FEMALE,HISPANIC,Avery,21,67
29000,2011,FEMALE,HISPANIC,ELIZABETH,63,30
29002,2014,FEMALE,BLACK NON HISPANIC,Christina,10,41
29003,2013,FEMALE,BLACK NON HISPANIC,Sarai,20,37
29005,2013,FEMALE,WHITE NON HISPANIC,Avery,55,40
29007,2014,FEMALE,BLACK NON HISPANIC,Makayla,40,13
29008,2014,FEMALE,WHITE NON HISPANIC,Noa,28,68
29009,2013,FEMALE,HISPANIC,Jaylin,19,69
29012,2013,FEMALE,WHITE NON HISPANIC,Yehudis,20,72
29013,2011,FEMALE,WHITE NON HISPANIC,EMILIA,33,58
29021,2011,FEMALE,HISPANIC,TATIANA,11,77
29025,2011,FEMALE,WHITE NON HISPANIC,ALEXIS,27,64
29029,2013,FEMALE,WHITE NON HISPANIC,Margot,16,76
29033,2014,FEMALE,WHITE NON HISPANIC,Rachel,228,3
29037,2013,FEMALE,ASIAN AND PACIFIC ISLANDER,Maya,23,29
29041,2014,FEMALE,BLACK NON HISPANIC,Violet,14,37
29043,2014,FEMALE,WHITE NON HISPANIC,Jordyn,11,85
29044,2011,FEMALE,HISPANIC,SCARLETT,65,28
29046,2012,FEMALE,WHITE NON HISP,LEAH,219,2
29047,2012,FEMALE,ASIAN AND PACI,JOLIN,10,45
29048,2013,FEMALE,WHITE NON HISPANIC,Michal,10,82
29050,2014,FEMALE,WHITE NON HISPANIC,Zelda,12,84
29052,2013,FEMALE,HISPANIC,Raquel,10,78
29056,2013,FEMALE,WHITE NON HISPANIC,Alisa,11,81
29059,2011,FEMALE,WHITE NON HISPANIC,ALYSSA,28,63
29060,2013,FEMALE,HISPANIC,Daniela,52,36
29061,2012,FEMALE,ASIAN AND PACI,QUEENIE,20,35
29062,2013,FEMALE,BLACK NON HISPANIC,Esther,10,47
29064,2013,FEMALE,BLACK NON HISPANIC,Lily,15,42
29067,2014,FEMALE,BLACK NON HISPANIC,Mariah,22,29
29068,2012,FEMALE,BLACK NON HISP,IMANI,34,24
29069,2012,FEMALE,HISPANIC,ALICE,22,67
29070,2014,FEMALE,WHITE NON HISPANIC,Cecilia,24,72
29075,2012,FEMALE,BLACK NON HISP,ALICIA,15,42
29077,2011,FEMALE,WHITE NON HISPANIC,FAIGY,72,30
29079,2014,FEMALE,BLACK NON HISPANIC,Kaylee,24,27
29080,2013,FEMALE,ASIAN AND PACIFIC ISLANDER,Athena,10,42
29081,2012,FEMALE,HISPANIC,VERONICA,15,74
29083,2012,FEMALE,WHITE NON HISP,MARGARET,29,64
29085,2013,FEMALE,WHITE NON HISPANIC,Ruby,40,53
29086,2014,FEMALE,BLACK NON HISPANIC,Sofia,12,39
29087,2014,FEMALE,HISPANIC,Bella,62,32
29089,2012,FEMALE,WHITE NON HISP,GIANNA,48,45
29092,2012,FEMALE,HISPANIC,ANGELA,26,63
29093,2012,FEMALE,BLACK NON HISP,TALIA,11,46
29094,2014,FEMALE,WHITE NON HISPANIC,Adelaide,19,77
29095,2013,FEMALE,ASIAN AND PACIFIC ISLANDER,Charlotte,21,31
29096,2013,FEMALE,BLACK NON HISPANIC,Nevaeh,48,11
29099,2013,FEMALE,WHITE NON HISPANIC,Renee,10,82
29101,2011,FEMALE,WHITE NON HISPANIC,MADISON,57,39
29103,2011,FEMALE,HISPANIC,ANDREA,61,32
29104,2012,FEMALE,HISPANIC,ITZEL,22,67
29105,2013,FEMALE,WHITE NON HISPANIC,Yael,15,77
29107,2013,FEMALE,WHITE NON HISPANIC,Emmeline,11,81
29109,2013,FEMALE,HISPANIC,Zara,11,77
29110,2011,FEMALE,WHITE NON HISPANIC,NOA,34,57
29111,2013,FEMALE,HISPANIC,Brianna,99,16
29114,2014,FEMALE,WHITE NON HISPANIC,Charlie,20,76
29116,2013,FEMALE,WHITE NON HISPANIC,Jana,16,76
29117,2013,FEMALE,HISPANIC,Jennifer,37,51
29118,2013,FEMALE,ASIAN AND PACIFIC ISLANDER,Arya,26,26
29121,2012,FEMALE,WHITE NON HISP,JORDAN,12,81
29124,2014,FEMALE,ASIAN AND PACIFIC ISLANDER,Syeda,16,34
29125,2012,FEMALE,HISPANIC,SHERLYN,32,57
29126,2012,FEMALE,WHITE NON HISP,JENNIFER,13,80
29127,2013,FEMALE,ASIAN AND PACIFIC ISLANDER,Madelyn,14,38
29130,2013,FEMALE,BLACK NON HISPANIC,Amirah,12,45
29133,2012,FEMALE,WHITE NON HISP,ELEANOR,45,48
29134,2014,FEMALE,HISPANIC,Lindsay,15,68
29136,2011,FEMALE,BLACK NON HISPANIC,HARMONY,20,35
29141,2014,FEMALE,ASIAN AND PACIFIC ISLANDER,Eileen,18,32
29142,2012,FEMALE,HISPANIC,VANESSA,44,45
29143,2011,FEMALE,WHITE NON HISPANIC,AUTUMN,10,81
29144,2014,FEMALE,HISPANIC,Violet,27,56
29145,2014,FEMALE,HISPANIC,Alison,21,62
29147,2011,FEMALE,ASIAN AND PACIFIC ISLANDER,SARAH,38,13
29148,2012,FEMALE,WHITE NON HISP,VERONICA,27,66
29150,2013,FEMALE,WHITE NON HISPANIC,Camille,12,80
29152,2013,FEMALE,WHITE NON HISPANIC,Beatrice,20,72
29156,2014,FEMALE,HISPANIC,Rachel,12,71
29157,2011,FEMALE,HISPANIC,BRITNEY,12,76
29159,2014,FEMALE,WHITE NON HISPANIC,Faigy,74,30
29160,2012,FEMALE,BLACK NON HISP,ZOE,36,22
29161,2013,FEMALE,WHITE NON HISPANIC,Bruchy,11,81
29165,2012,FEMALE,ASIAN AND PACI,CHARLOTTE,22,33
29169,2013,FEMALE,HISPANIC,Kayla,42,46
29170,2011,FEMALE,HISPANIC,ALYSON,11,77
29171,2014,FEMALE,HISPANIC,Alejandra,17,66
29172,2011,FEMALE,WHITE NON HISPANIC,BLIMA,20,71
29175,2011,FEMALE,HISPANIC,JULIANA,16,72
29178,2014,FEMALE,BLACK NON HISPANIC,Zaniyah,10,41
29180,2011,FEMALE,WHITE NON HISPANIC,HANNAH,71,31
29181,2011,FEMALE,BLACK NON HISPANIC,SHANIYA,11,44
29185,2012,FEMALE,BLACK NON HISP,MARIAMA,24,33
29186,2013,FEMALE,WHITE NON HISPANIC,Arianna,33,59
29187,2012,FEMALE,BLACK NON HISP,SAVANNAH,37,21
29191,2011,FEMALE,BLACK NON HISPANIC,IMANI,28,27
29193,2013,FEMALE,HISPANIC,Helen,14,74
29194,2012,FEMALE,HISPANIC,AMAYA,36,53
29197,2014,FEMALE,WHITE NON HISPANIC,Sienna,44,52
29198,2014,FEMALE,HISPANIC,Gabriela,45,41
29200,2012,FEMALE,ASIAN AND PACI,JANNAT,18,37
29201,2012,FEMALE,ASIAN AND PACI,ELIZABETH,31,24
29202,2014,FEMALE,ASIAN AND PACIFIC ISLANDER,Jessie,18,32
29207,2012,FEMALE,WHITE NON HISP,ANASTASIA,19,74
29211,2012,FEMALE,HISPANIC,NEVAEH,21,68
29212,2011,FEMALE,BLACK NON HISPANIC,NEVAEH,60,7
29213,2013,FEMALE,WHITE NON HISPANIC,Victoria,100,20
29214,2014,FEMALE,BLACK NON HISPANIC,Nova,11,40
29217,2014,FEMALE,BLACK NON HISPANIC,Sarai,15,36
29219,2013,FEMALE,ASIAN AND PACIFIC ISLANDER,Ariel,19,33
29221,2011,FEMALE,WHITE NON HISPANIC,GRETA,12,79
29222,2012,FEMALE,WHITE NON HISP,ESME,16,77
29223,2014,FEMALE,WHITE NON HISPANIC,Hanna,17,79
29224,2014,FEMALE,HISPANIC,Megan,21,62
29228,2012,FEMALE,WHITE NON HISP,PEARL,31,62
29230,2011,FEMALE,HISPANIC,VIVIANA,11,77
29232,2014,FEMALE,WHITE NON HISPANIC,Amelia,73,31
29237,2014,FEMALE,WHITE NON HISPANIC,Aria,45,51
29240,2014,FEMALE,BLACK NON HISPANIC,Skylar,63,5
29241,2011,FEMALE,ASIAN AND PACIFIC ISLANDER,SHARON,20,28
29245,2012,FEMALE,ASIAN AND PACI,ANYA,19,36
29247,2012,FEMALE,HISPANIC,ASHLEY,159,7
29250,2012,FEMALE,HISPANIC,ESTHER,13,76
29255,2012,FEMALE,HISPANIC,AMELIA,42,47
29256,2012,FEMALE,ASIAN AND PACI,SYEDA,10,45
29260,2012,FEMALE,BLACK NON HISP,MIA,41,18
29261,2013,FEMALE,WHITE NON HISPANIC,Catherine,49,44
29264,2014,FEMALE,HISPANIC,Khloe,68,31
29267,2012,FEMALE,HISPANIC,RUBY,17,72
29269,2014,FEMALE,WHITE NON HISPANIC,Helen,17,79
29273,2012,FEMALE,ASIAN AND PACI,REBECCA,14,41
29274,2011,FEMALE,HISPANIC,ABIGAIL,80,21
29275,2011,FEMALE,ASIAN AND PACIFIC ISLANDER,NICOLE,33,16
29276,2013,FEMALE,HISPANIC,Alexa,57,32
29281,2014,FEMALE,BLACK NON HISPANIC,Victoria,30,21
29284,2012,FEMALE,WHITE NON HISP,VERA,18,75
29286,2014,FEMALE,ASIAN AND PACIFIC ISLANDER,Tenzin,33,17
29287,2014,FEMALE,BLACK NON HISPANIC,Kyla,11,40
29288,2011,FEMALE,BLACK NON HISPANIC,JORDYN,16,39
29289,2011,FEMALE,HISPANIC,JACQUELINE,30,58
29291,2014,FEMALE,BLACK NON HISPANIC,Phoenix,10,41
29292,2014,FEMALE,ASIAN AND PACIFIC ISLANDER,Audrey,31,19
29293,2012,FEMALE,HISPANIC,ESMERALDA,24,65
29295,2012,FEMALE,WHITE NON HISP,KATHERINE,41,52
29298,2012,FEMALE,WHITE NON HISP,ALIZA,20,73
29299,2011,FEMALE,BLACK NON HISPANIC,PARIS,32,23
29301,2014,FEMALE,WHITE NON HISPANIC,Margot,19,77
29302,2013,FEMALE,HISPANIC,Grace,36,52
29304,2012,FEMALE,WHITE NON HISP,SOPHIA,198,4
29305,2014,FEMALE,HISPANIC,Skyla,16,67
29306,2011,FEMALE,BLACK NON HISPANIC,ZAHARA,10,45
29307,2012,FEMALE,WHITE NON HISP,LUCY,54,42
29310,2011,FEMALE,WHITE NON HISPANIC,GOLDY,33,58
29312,2013,FEMALE,ASIAN AND PACIFIC ISLANDER,Ananya,10,42
29313,2012,FEMALE,HISPANIC,CHARLOTTE,12,77
29314,2011,FEMALE,WHITE NON HISPANIC,LEORA,12,79
29315,2012,FEMALE,WHITE NON HISP,GEORGIA,16,77
29316,2011,FEMALE,HISPANIC,MADELYN,16,72
29318,2013,FEMALE,BLACK NON HISPANIC,Harmony,16,41
29321,2014,FEMALE,ASIAN AND PACIFIC ISLANDER,Sylvia,12,38
29323,2012,FEMALE,ASIAN AND PACI,ANNABELLE,12,43
29324,2014,FEMALE,ASIAN AND PACIFIC ISLANDER,Madeline,10,40
29325,2014,FEMALE,BLACK NON HISPANIC,Peyton,34,17
29326,2014,FEMALE,HISPANIC,Erika,13,70
29329,2011,FEMALE,WHITE NON HISPANIC,ARIELA,10,81
29331,2013,FEMALE,WHITE NON HISPANIC,Livia,14,78
29332,2014,FEMALE,WHITE NON HISPANIC,Margaret,33,63
29333,2014,FEMALE,ASIAN AND PACIFIC ISLANDER,Ayesha,28,22
29335,2013,FEMALE,ASIAN AND PACIFIC ISLANDER,Ellie,18,34
29336,2012,FEMALE,HISPANIC,JENNIFER,60,31
29340,2013,FEMALE,HISPANIC,Izabella,21,67
29344,2011,FEMALE,ASIAN AND PACIFIC ISLANDER,CHLOE,106,2
29348,2011,FEMALE,ASIAN AND PACIFIC ISLANDER,KAITLYN,11,37
29349,2014,FEMALE,ASIAN AND PACIFIC ISLANDER,Claire,49,9
29351,2011,FEMALE,WHITE NON HISPANIC,YACHET,13,78
29353,2012,FEMALE,ASIAN AND PACI,MANHA,15,40
29355,2013,FEMALE,HISPANIC,Emma,182,6
29357,2012,FEMALE,WHITE NON HISP,ANNA,90,27
29359,2014,FEMALE,WHITE NON HISPANIC,Jenna,23,73
29361,2013,FEMALE,ASIAN AND PACIFIC ISLANDER,Bella,24,28
29363,2012,FEMALE,WHITE NON HISP,AVERY,76,31
29364,2012,FEMALE,WHITE NON HISP,GITTY,69,35
29366,2013,FEMALE,BLACK NON HISPANIC,McKenzie,17,40
29367,2011,FEMALE,HISPANIC,ANGIE,19,69
29369,2013,FEMALE,WHITE NON HISPANIC,Samantha,54,41
29372,2014,FEMALE,ASIAN AND PACIFIC ISLANDER,Megan,13,37
29375,2013,FEMALE,HISPANIC,Kayleen,17,71
29376,2014,FEMALE,WHITE NON HISPANIC,Natalia,13,83
29379,2014,FEMALE,WHITE NON HISPANIC,Kylie,13,83
29382,2014,FEMALE,HISPANIC,Leila,19,64
29384,2012,FEMALE,WHITE NON HISP,PERRY,17,76
29385,2014,FEMALE,ASIAN AND PACIFIC ISLANDER,Chloe,111,2
29386,2014,FEMALE,HISPANIC,Catalina,19,64
29395,2012,FEMALE,HISPANIC,JOCELYN,39,50
29397,2012,FEMALE,BLACK NON HISP,ASHLEY,17,40
29398,2011,FEMALE,HISPANIC,JULISSA,16,72
29400,2014,FEMALE,WHITE NON HISPANIC,Everly,14,82
29402,2014,FEMALE,BLACK NON HISPANIC,Nahla,13,38
29403,2013,FEMALE,HISPANIC,Nyla,23,65
29405,2014,FEMALE,HISPANIC,Naomi,27,56
29407,2012,FEMALE,ASIAN AND PACI,GRACE,51,8
29408,2014,FEMALE,HISPANIC,Alanis,26,57
29413,2011,FEMALE,WHITE NON HISPANIC,LEAH,183,3
29414,2013,FEMALE,ASIAN AND PACIFIC ISLANDER,Stella,13,39
29421,2011,FEMALE,WHITE NON HISPANIC,MATILDA,14,77
29422,2014,FEMALE,ASIAN AND PACIFIC ISLANDER,Iris,21,29
29423,2011,FEMALE,BLACK NON HISPANIC,ZARIAH,14,41
29424,2011,FEMALE,BLACK NON HISPANIC,SANAI,21,34
29425,2011,FEMALE,HISPANIC,ANIYAH,14,74
29427,2011,FEMALE,BLACK NON HISPANIC,AMINATA,25,30
29431,2014,FEMALE,HISPANIC,Mackenzie,15,68
29433,2013,FEMALE,WHITE NON HISPANIC,Rivka,120,17
29434,2012,FEMALE,ASIAN AND PACI,CAROLINE,11,44
29436,2014,FEMALE,ASIAN AND PACIFIC ISLANDER,Evelyn,26,24
29438,2012,FEMALE,BLACK NON HISP,AISHA,19,38
29439,2012,FEMALE,WHITE NON HISP,TAYLOR,26,67
29440,2013,FEMALE,WHITE NON HISPANIC,Leila,35,57
29441,2012,FEMALE,WHITE NON HISP,MACKENZIE,22,71
29443,2011,FEMALE,WHITE NON HISPANIC,VIVIENNE,21,70
29445,2013,FEMALE,WHITE NON HISPANIC,Daisy,10,82
29447,2012,FEMALE,HISPANIC,AMY,68,26
29449,2011,FEMALE,ASIAN AND PACIFIC ISLANDER,CYNTHIA,14,34
29450,2014,FEMALE,ASIAN AND PACIFIC ISLANDER,Jocelyn,16,34
29451,2012,FEMALE,BLACK NON HISP,KYLA,15,42
29455,2014,FEMALE,HISPANIC,Maia,14,69
29456,2011,FEMALE,ASIAN AND PACIFIC ISLANDER,AYESHA,17,31
29457,2013,FEMALE,ASIAN AND PACIFIC ISLANDER,Layla,10,42
29459,2013,FEMALE,HISPANIC,Kailyn,11,77
29460,2012,FEMALE,WHITE NON HISP,RUBY,38,55
29463,2013,FEMALE,ASIAN AND PACIFIC ISLANDER,Sarina,11,41
29464,2011,FEMALE,HISPANIC,SIENNA,17,71
29467,2012,FEMALE,HISPANIC,KARINA,11,78
29469,2012,FEMALE,ASIAN AND PACI,SOFIA,24,31
29471,2011,FEMALE,BLACK NON HISPANIC,SAMIYAH,18,37
29478,2014,FEMALE,BLACK NON HISPANIC,Isabella,47,9
29482,2014,FEMALE,WHITE NON HISPANIC,Ester,10,86
29483,2011,FEMALE,BLACK NON HISPANIC,ERIN,10,45
29487,2013,FEMALE,ASIAN AND PACIFIC ISLANDER,Sophia,124,1
29490,2014,FEMALE,WHITE NON HISPANIC,Ruby,48,48
29491,2012,FEMALE,ASIAN AND PACI,KIMBERLY,13,42
29492,2014,FEMALE,WHITE NON HISPANIC,Chavy,13,83
29498,2013,FEMALE,HISPANIC,Paula,10,78
29499,2011,FEMALE,WHITE NON HISPANIC,MADELEINE,24,67
29501,2013,FEMALE,WHITE NON HISPANIC,Amira,17,75
29502,2013,FEMALE,BLACK NON HISPANIC,Serenity,54,9
29503,2011,FEMALE,WHITE NON HISPANIC,VICTORIA,84,26
29504,2011,FEMALE,WHITE NON HISPANIC,JOSEPHINE,33,58
29505,2011,FEMALE,WHITE NON HISPANIC,RAIZY,51,42
29509,2011,FEMALE,BLACK NON HISPANIC,ARIELLE,20,35
29511,2014,FEMALE,WHITE NON HISPANIC,Lena,28,68
29513,2011,FEMALE,WHITE NON HISPANIC,ANNABEL,14,77
29514,2014,FEMALE,WHITE NON HISPANIC,Mia,139,11
29515,2012,FEMALE,WHITE NON HISP,OLIVIA,198,4
29518,2013,FEMALE,HISPANIC,Gia,18,70
29522,2012,FEMALE,HISPANIC,ZOE,67,27
29523,2011,FEMALE,WHITE NON HISPANIC,LILIANA,29,62
29526,2012,FEMALE,WHITE NON HISP,JULIANNA,17,76
29527,2013,FEMALE,HISPANIC,Sara,29,59
29529,2012,FEMALE,HISPANIC,KAITLYN,31,58
29532,2012,FEMALE,WHITE NON HISP,YARA,10,83
29533,2014,FEMALE,ASIAN AND PACIFIC ISLANDER,Isabel,13,37
29534,2012,FEMALE,WHITE NON HISP,SYLVIA,16,77
29539,2014,FEMALE,WHITE NON HISPANIC,Lana,13,83
29541,2014,FEMALE,BLACK NON HISPANIC,Fanta,12,39
29545,2011,FEMALE,HISPANIC,ISABELLA,331,1
29548,2013,FEMALE,BLACK NON HISPANIC,Egypt,13,44
29549,2014,FEMALE,ASIAN AND PACIFIC ISLANDER,Elizabeth,20,30
29550,2012,FEMALE,WHITE NON HISP,GIA,36,57
29551,2011,FEMALE,WHITE NON HISPANIC,JULIA,116,15
29554,2013,FEMALE,WHITE NON HISPANIC,Ariella,35,57
29558,2013,FEMALE,WHITE NON HISPANIC,Kira,12,80
29559,2011,FEMALE,WHITE NON HISPANIC,NICOLE,45,47
29560,2012,FEMALE,HISPANIC,ALONDRA,17,72
29565,2011,FEMALE,WHITE NON HISPANIC,TALIA,26,65
29566,2013,FEMALE,HISPANIC,Rose,10,78
29567,2011,FEMALE,WHITE NON HISPANIC,RUBY,28,63
29568,2014,FEMALE,WHITE NON HISPANIC,Eliza,21,75
29569,2013,FEMALE,HISPANIC,Analia,12,76
29572,2011,FEMALE,HISPANIC,EVA,47,43
29574,2011,FEMALE,HISPANIC,DANA,18,70
29577,2012,FEMALE,ASIAN AND PACI,ATHENA,10,45
29578,2011,FEMALE,HISPANIC,BRIANNA,114,11
29581,2013,FEMALE,WHITE NON HISPANIC,Mikayla,14,78
29582,2014,FEMALE,HISPANIC,Ruby,22,61
29583,2012,FEMALE,WHITE NON HISP,KATIE,12,81
29584,2013,FEMALE,WHITE NON HISPANIC,Sylvia,10,82
29588,2012,FEMALE,HISPANIC,GENESIS,117,10
29589,2012,FEMALE,HISPANIC,SAVANNA,11,78
29590,2014,FEMALE,WHITE NON HISPANIC,Alina,19,77
29591,2013,FEMALE,WHITE NON HISPANIC,Angelina,43,50
29592,2013,FEMALE,ASIAN AND PACIFIC ISLANDER,Summer,13,39
29595,2011,FEMALE,BLACK NON HISPANIC,MAKAYLA,67,6
29598,2011,FEMALE,WHITE NON HISPANIC,LYLA,21,70
29599,2014,FEMALE,HISPANIC,Juliette,21,62
29602,2011,FEMALE,WHITE NON HISPANIC,LUCIA,23,68
29603,2011,FEMALE,WHITE NON HISPANIC,STELLA,69,32
29604,2011,FEMALE,WHITE NON HISPANIC,ISABEL,34,57
29606,2013,FEMALE,HISPANIC,Andrea,43,45
29610,2012,FEMALE,BLACK NON HISP,SHAYLA,10,47
29611,2014,FEMALE,ASIAN AND PACIFIC ISLANDER,Crystal,17,33
29614,2014,FEMALE,WHITE NON HISPANIC,Emilia,54,45
29615,2013,FEMALE,HISPANIC,Ximena,19,69
29617,2011,FEMALE,WHITE NON HISPANIC,BARBARA,12,79
29618,2011,FEMALE,ASIAN AND PACIFIC ISLANDER,AMBER,13,35
29620,2013,FEMALE,HISPANIC,Lizbeth,25,63
29621,2014,FEMALE,WHITE NON HISPANIC,Francesca,39,57
29624,2011,FEMALE,WHITE NON HISPANIC,MALKA,63,36
29625,2012,FEMALE,BLACK NON HISP,SKYLAR,43,16
29628,2013,FEMALE,ASIAN AND PACIFIC ISLANDER,Nina,18,34
29629,2011,FEMALE,HISPANIC,VERONICA,10,78
29632,2013,FEMALE,HISPANIC,Mia,237,3
29633,2011,FEMALE,WHITE NON HISPANIC,BATSHEVA,20,71
29634,2014,FEMALE,HISPANIC,Arianna,85,23
29635,2014,FEMALE,HISPANIC,Daniela,50,38
29636,2011,FEMALE,HISPANIC,JOCELYN,46,44
29637,2012,FEMALE,WHITE NON HISP,ELLE,20,73
29638,2014,FEMALE,BLACK NON HISPANIC,Amiya,10,41
29639,2014,FEMALE,BLACK NON HISPANIC,Amaya,33,18
29642,2013,FEMALE,WHITE NON HISPANIC,Mira,13,79
29643,2012,FEMALE,HISPANIC,PARIS,16,73
29644,2013,FEMALE,WHITE NON HISPANIC,June,13,79
29645,2014,FEMALE,ASIAN AND PACIFIC ISLANDER,Anaya,32,18
29646,2011,FEMALE,BLACK NON HISPANIC,AMAYA,32,23
29647,2011,FEMALE,WHITE NON HISPANIC,DAISY,13,78
29648,2014,FEMALE,WHITE NON HISPANIC,Rifky,11,85
29650,2011,FEMALE,BLACK NON HISPANIC,NYLA,43,13
29652,2012,FEMALE,WHITE NON HISP,AMIRA,13,80
29656,2011,FEMALE,HISPANIC,SOPHIA,223,3
29658,2013,FEMALE,WHITE NON HISPANIC,Christina,10,82
29660,2014,FEMALE,WHITE NON HISPANIC,Willa,26,70
29663,2011,FEMALE,WHITE NON HISPANIC,CHARLIE,14,77
29664,2014,FEMALE,HISPANIC,Kylie,52,37
29665,2012,FEMALE,HISPANIC,JESSICA,27,62
29667,2014,FEMALE,HISPANIC,Vanessa,29,54
29668,2011,FEMALE,WHITE NON HISPANIC,GEMMA,15,76
29672,2014,FEMALE,WHITE NON HISPANIC,Libby,30,66
29673,2013,FEMALE,WHITE NON HISPANIC,Naomi,41,52
29674,2013,FEMALE,WHITE NON HISPANIC,Elisheva,17,75
29676,2012,FEMALE,WHITE NON HISP,PENELOPE,54,42
29678,2013,FEMALE,HISPANIC,Julia,23,65
29681,2013,FEMALE,WHITE NON HISPANIC,Margaret,25,67
29682,2013,FEMALE,WHITE NON HISPANIC,Tamar,10,82
29683,2013,FEMALE,WHITE NON HISPANIC,Amanda,13,79
29684,2012,FEMALE,HISPANIC,ANNA,10,79
